/**
 * generated by fontconvert.py
 * name: instrument_13
 * size: 13
 * mode: 1-bit
 * Command used: lib/EpdFont/scripts/fontconvert.py instrument_13 13 assets_local/fonts/InstrumentSerif.ttf
 */
#pragma once
#include "EpdFontData.h"

static const uint8_t instrument_13Bitmaps[8807] = {
    0x77, 0x77, 0x76, 0x66, 0x66, 0x66, 0x66, 0x60, 0x07, 0xF7, 0x66, 0x7E, 0x7E, 0x66, 0x66, 0x66, 0x66, 0x01, 0x06,
    0x00, 0x82, 0x00, 0xC1, 0x00, 0x61, 0x80, 0x30, 0xC0, 0x10, 0x60, 0x08, 0x20, 0x7F, 0xFF, 0x06, 0x18, 0x03, 0x0C,
    0x01, 0x04, 0x01, 0x82, 0x00, 0xC3, 0x07, 0xFF, 0xF8, 0x20, 0x80, 0x10, 0x40, 0x18, 0x60, 0x0C, 0x30, 0x04, 0x18,
    0x02, 0x08, 0x00, 0x08, 0x02, 0x00, 0x80, 0xFC, 0x6F, 0xB2, 0xEC, 0x9B, 0x26, 0xE9, 0xBE, 0x07, 0x80, 0xF0, 0x1E,
    0x03, 0xC0, 0xF8, 0x2E, 0x09, 0xA2, 0x6C, 0x9F, 0x26, 0xC9, 0xBB, 0xCF, 0xE0, 0x20, 0x08, 0x02, 0x00, 0x3C, 0x04,
    0x66, 0x0C, 0x66, 0x18, 0x63, 0x18, 0xE3, 0x30, 0xE3, 0x20, 0x63, 0x60, 0x66, 0x40, 0x76, 0xC0, 0x3D, 0x80, 0x01,
    0xBC, 0x03, 0x6E, 0x02, 0x66, 0x06, 0xC6, 0x0C, 0xC6, 0x0C, 0xC6, 0x18, 0xC6, 0x10, 0xE6, 0x30, 0x66, 0x20, 0x3C,
    0x07, 0xC0, 0x06, 0x30, 0x07, 0x18, 0x03, 0x0C, 0x01, 0xC6, 0x00, 0xE3, 0x00, 0x33, 0x00, 0x1F, 0x00, 0x0F, 0x00,
    0x0F, 0x9F, 0x8E, 0xE7, 0xC6, 0x71, 0x87, 0x1C, 0x83, 0x07, 0xC1, 0x83, 0xC0, 0xC0, 0xE0, 0x60, 0x78, 0x38, 0x3C,
    0x0C, 0x37, 0x03, 0xF1, 0xE0, 0x67, 0x76, 0x66, 0x60, 0x02, 0x06, 0x0C, 0x18, 0x38, 0x30, 0x30, 0x70, 0x60, 0x60,
    0x60, 0x60, 0x60, 0x60, 0x60, 0x60, 0x70, 0x30, 0x30, 0x18, 0x18, 0x0C, 0x06, 0x02, 0xC0, 0xC1, 0x81, 0x81, 0x83,
    0x07, 0x06, 0x0C, 0x18, 0x38, 0x70, 0xE1, 0xC3, 0x06, 0x1C, 0x30, 0x61, 0x83, 0x0C, 0x30, 0x40, 0x0C, 0x13, 0x67,
    0xF9, 0xFE, 0x1E, 0x1F, 0xE7, 0xF9, 0xB0, 0x0C, 0x00, 0x06, 0x00, 0x60, 0x06, 0x00, 0x60, 0x06, 0x00, 0x60, 0xFF,
    0xF0, 0x60, 0x06, 0x00, 0x60, 0x06, 0x00, 0x60, 0x02, 0x00, 0x6F, 0x73, 0x66, 0xC0, 0xFF, 0xEF, 0xE0, 0x06, 0x0C,
    0x18, 0x20, 0x41, 0x83, 0x04, 0x08, 0x30, 0x60, 0xC1, 0x06, 0x0C, 0x18, 0x20, 0x41, 0x83, 0x04, 0x08, 0x30, 0x60,
    0xC0, 0x0F, 0x81, 0x98, 0x30, 0xC3, 0x0E, 0x70, 0x67, 0x06, 0x60, 0x66, 0x07, 0x60, 0x76, 0x07, 0x60, 0x76, 0x07,
    0x60, 0x76, 0x06, 0x70, 0x67, 0x06, 0x30, 0xE3, 0x0C, 0x19, 0x80, 0xF8, 0xF9, 0xF0, 0xE1, 0xC3, 0x87, 0x0E, 0x1C,
    0x38, 0x70, 0xE1, 0xC3, 0x87, 0x0E, 0x1C, 0x38, 0x70, 0xE7, 0xF0, 0x1F, 0x0E, 0x71, 0x87, 0x20, 0xEC, 0x1C, 0x03,
    0x80, 0x70, 0x0C, 0x01, 0x80, 0x60, 0x0C, 0x03, 0x00, 0x40, 0x18, 0x06, 0x18, 0x82, 0x30, 0x4C, 0x19, 0xFF, 0x7F,
    0xE0, 0x1E, 0x09, 0xC6, 0x31, 0x0C, 0x07, 0x01, 0x80, 0xC0, 0x60, 0x3E, 0x09, 0xC0, 0x38, 0x06, 0x01, 0x80, 0x70,
    0x18, 0x06, 0x03, 0xB8, 0xCE, 0x71, 0xF0, 0x01, 0x80, 0x60, 0x0C, 0x03, 0x00, 0x40, 0x18, 0x02, 0x60, 0xDC, 0x13,
    0x86, 0x70, 0x8E, 0x31, 0xC4, 0x39, 0xFF, 0xFF, 0xF8, 0x1C, 0x03, 0x80, 0x70, 0x0E, 0x07, 0xE0, 0x1F, 0xC7, 0xE3,
    0x00, 0xC0, 0x30, 0x0C, 0x03, 0x00, 0xF8, 0x3F, 0x01, 0xE0, 0x38, 0x07, 0x01, 0xC0, 0x70, 0x1C, 0x07, 0x01, 0xB0,
    0xEE, 0x71, 0xF8, 0x00, 0x40, 0x38, 0x1C, 0x07, 0x00, 0xC0, 0x30, 0x0E, 0x01, 0x80, 0x7F, 0x0F, 0x31, 0xC7, 0x30,
    0x66, 0x0C, 0xC1, 0x98, 0x3B, 0x06, 0x60, 0xCC, 0x18, 0xC7, 0x18, 0xC1, 0xF0, 0x7F, 0xFF, 0xF8, 0x08, 0x02, 0x01,
    0x80, 0x60, 0x10, 0x0C, 0x03, 0x00, 0x80, 0x60, 0x18, 0x0C, 0x03, 0x00, 0xC0, 0x60, 0x18, 0x06, 0x03, 0x00, 0xC0,
    0x1F, 0x87, 0x38, 0xC3, 0x30, 0x77, 0x0E, 0xE1, 0xCC, 0x31, 0xCE, 0x1F, 0x01, 0xE0, 0x7E, 0x18, 0xE6, 0x0E, 0xC0,
    0xF8, 0x1F, 0x03, 0x60, 0x6C, 0x1C, 0xC7, 0x0F, 0xC0, 0x1F, 0x0C, 0xE6, 0x19, 0x87, 0x61, 0xF8, 0x3E, 0x0F, 0x87,
    0x61, 0xDC, 0x73, 0x3C, 0x7F, 0x01, 0x80, 0x60, 0x38, 0x0C, 0x06, 0x03, 0x81, 0xC0, 0xC0, 0xEF, 0xE0, 0x00, 0x00,
    0x00, 0xEF, 0xE0, 0x6F, 0xE0, 0x00, 0x00, 0x00, 0x6F, 0x73, 0x66, 0xC0, 0x00, 0x10, 0x0F, 0x07, 0xC1, 0xE0, 0xF8,
    0x0F, 0x00, 0x3E, 0x00, 0x78, 0x01, 0xF0, 0x03, 0xFF, 0xF0, 0x00, 0x00, 0x00, 0x00, 0x00, 0x00, 0x00, 0xFF, 0xF0,
    0xC0, 0x0F, 0x00, 0x3E, 0x00, 0x7C, 0x00, 0xF0, 0x0F, 0x03, 0xC1, 0xF0, 0x78, 0x0C, 0x00, 0x7E, 0xE7, 0xE3, 0xC3,
    0xC3, 0x07, 0x0E, 0x1E, 0x1C, 0x18, 0x10, 0x10, 0x10, 0x10, 0x10, 0x00, 0x00, 0x38, 0x38, 0x38, 0x03, 0xF0, 0x0E,
    0x1C, 0x18, 0x06, 0x30, 0x06, 0x70, 0xF3, 0x63, 0xB3, 0xE3, 0x33, 0xC6, 0x33, 0xC6, 0x73, 0xCC, 0x63, 0xCC, 0xE2,
    0xCC, 0xE6, 0xED, 0x6C, 0xEE, 0x78, 0x60, 0x00, 0x30, 0x00, 0x1C, 0x3C, 0x0F, 0xF0, 0x03, 0x00, 0x0C, 0x00, 0x30,
    0x00, 0xE0, 0x07, 0x80, 0x1E, 0x00, 0x58, 0x01, 0x70, 0x0D, 0xC0, 0x33, 0x00, 0x8C, 0x02, 0x38, 0x1F, 0xE0, 0x63,
    0x81, 0x06, 0x04, 0x1C, 0x30, 0x70, 0xC1, 0xC3, 0x03, 0x3E, 0x3F, 0xFF, 0x81, 0xCE, 0x0E, 0x38, 0x70, 0xC3, 0x86,
    0x1C, 0x30, 0xE3, 0x87, 0x18, 0x39, 0x81, 0xFE, 0x0E, 0x78, 0x70, 0xE3, 0x87, 0x1C, 0x18, 0xE0, 0xC7, 0x06, 0x38,
    0x71, 0xC3, 0x8E, 0x39, 0xFF, 0x80, 0x0F, 0xC3, 0x1C, 0xC1, 0xB8, 0x36, 0x07, 0xC0, 0x78, 0x07, 0x00, 0xE0, 0x1C,
    0x03, 0x80, 0x70, 0x0E, 0x01, 0xC0, 0x38, 0x0B, 0x03, 0x70, 0x66, 0x0C, 0xE3, 0x87, 0xF0, 0xFF, 0xC0, 0xE3, 0x83,
    0x87, 0x0E, 0x0C, 0x38, 0x38, 0xE0, 0xE3, 0x83, 0x8E, 0x06, 0x38, 0x18, 0xE0, 0x73, 0x81, 0xCE, 0x06, 0x38, 0x18,
    0xE0, 0xE3, 0x83, 0x8E, 0x0E, 0x38, 0x30, 0xE1, 0xC3, 0x8E, 0x3F, 0xE0, 0xFF, 0xE3, 0x8E, 0x38, 0x63, 0x86, 0x38,
    0x23, 0x82, 0x39, 0x83, 0x98, 0x39, 0x83, 0xF8, 0x39, 0x83, 0x98, 0x39, 0x83, 0x80, 0x38, 0x33, 0x83, 0x38, 0x33,
    0x87, 0x38, 0xEF, 0xFE, 0xFF, 0xE7, 0x1C, 0xE1, 0x9C, 0x33, 0x86, 0x70, 0x4E, 0x41, 0xCC, 0x3B, 0x87, 0xF0, 0xEE,
    0x1C, 0xC3, 0x90, 0x70, 0x0E, 0x01, 0xC0, 0x38, 0x07, 0x00, 0xE0, 0x7F, 0x00, 0x0F, 0xE0, 0xC7, 0x0C, 0x18, 0xE0,
    0xC6, 0x02, 0x70, 0x13, 0x80, 0x1C, 0x00, 0xE0, 0x07, 0x0F, 0xF8, 0x19, 0xC0, 0xCE, 0x06, 0x70, 0x33, 0x81, 0x8C,
    0x0C, 0x70, 0x61, 0x83, 0x0E, 0x38, 0x1F, 0xC0, 0xFC, 0xFC, 0x70, 0x70, 0xE0, 0xE1, 0xC1, 0xC3, 0x83, 0x87, 0x07,
    0x0E, 0x0E, 0x1C, 0x1C, 0x38, 0x38, 0x7F, 0xF0, 0xE0, 0xE1, 0xC1, 0xC3, 0x83, 0x87, 0x07, 0x0E, 0x0E, 0x1C, 0x1C,
    0x38, 0x38, 0x70, 0x70, 0xE0, 0xE7, 0xE7, 0xE0, 0xFC, 0x70, 0xE1, 0xC3, 0x87, 0x0E, 0x1C, 0x38, 0x70, 0xE1, 0xC3,
    0x87, 0x0E, 0x1C, 0x38, 0x70, 0xE7, 0xE0, 0x3F, 0x07, 0x03, 0x81, 0xC0, 0xE0, 0x70, 0x38, 0x1C, 0x0E, 0x07, 0x03,
    0x81, 0xC0, 0xE0, 0x70, 0x38, 0x1C, 0x0E, 0x07, 0x03, 0x81, 0xC0, 0xE0, 0x60, 0x31, 0xD8, 0xF8, 0x3C, 0x00, 0xFC,
    0xFC, 0xE1, 0x83, 0x86, 0x0E, 0x30, 0x39, 0x80, 0xE6, 0x03, 0xB0, 0x0F, 0x80, 0x3E, 0x00, 0xFC, 0x03, 0xF0, 0x0E,
    0xE0, 0x3B, 0x80, 0xE7, 0x03, 0x9C, 0x0E, 0x38, 0x38, 0xE0, 0xE1, 0xC3, 0x87, 0x3F, 0x3F, 0xFC, 0x07, 0x00, 0xE0,
    0x1C, 0x03, 0x80, 0x70, 0x0E, 0x01, 0xC0, 0x38, 0x07, 0x00, 0xE0, 0x1C, 0x03, 0x80, 0x70, 0x4E, 0x19, 0xC3, 0x38,
    0x67, 0x0C, 0xE3, 0xFF, 0xF0, 0x7C, 0x0F, 0x8F, 0x03, 0xC3, 0xC0, 0xF0, 0xF8, 0x3C, 0x3E, 0x1F, 0x0F, 0x87, 0xC3,
    0x61, 0x70, 0xDC, 0x5C, 0x37, 0x37, 0x0D, 0xCD, 0xC3, 0x32, 0x70, 0xCC, 0x9C, 0x33, 0xE7, 0x0C, 0xF9, 0xC3, 0x1C,
    0x70, 0xC7, 0x1C, 0x31, 0xC7, 0x0C, 0x71, 0xC3, 0x08, 0x73, 0xE2, 0x3F, 0xF8, 0x7C, 0x70, 0x30, 0xF0, 0x61, 0xE0,
    0xC3, 0xE1, 0x87, 0xC3, 0x0F, 0xC6, 0x1B, 0x8C, 0x37, 0x98, 0x67, 0x30, 0xCF, 0x61, 0x8E, 0xC3, 0x1D, 0x86, 0x1F,
    0x0C, 0x3E, 0x18, 0x3C, 0x30, 0x78, 0x60, 0x70, 0xC0, 0xE7, 0xC1, 0xC0, 0x0F, 0x81, 0xC6, 0x0C, 0x18, 0xE0, 0xC6,
    0x07, 0x70, 0x1B, 0x80, 0xDC, 0x07, 0xE0, 0x3F, 0x01, 0xF8, 0x0F, 0xC0, 0x7E, 0x03, 0xF0, 0x1B, 0x80, 0xCC, 0x0E,
    0x70, 0x61, 0x83, 0x06, 0x30, 0x1F, 0x00, 0xFF, 0xC3, 0x8E, 0x38, 0x73, 0x87, 0x38, 0x73, 0x83, 0x38, 0x73, 0x87,
    0x38, 0x73, 0x9E, 0x3F, 0xC3, 0x80, 0x38, 0x03, 0x80, 0x38, 0x03, 0x80, 0x38, 0x03, 0x80, 0x38, 0x0F, 0xE0, 0x0F,
    0x80, 0x63, 0x03, 0x06, 0x1C, 0x18, 0x60, 0x73, 0x80, 0xCE, 0x03, 0x38, 0x0E, 0xE0, 0x3B, 0x80, 0xEE, 0x03, 0xB8,
    0x0E, 0xE0, 0x3B, 0x80, 0xEE, 0x03, 0x18, 0x1C, 0x60, 0x70, 0xC1, 0x83, 0x8C, 0x07, 0xE0, 0x07, 0x00, 0x0C, 0x00,
    0x38, 0x00, 0xE0, 0x01, 0xC4, 0x03, 0xF0, 0xFF, 0xC0, 0x71, 0xC0, 0xE1, 0xC1, 0xC3, 0x83, 0x87, 0x07, 0x0E, 0x0E,
    0x1C, 0x1C, 0x38, 0x38, 0x60, 0x73, 0x80, 0xFE, 0x01, 0xCE, 0x03, 0x8C, 0x07, 0x1C, 0x0E, 0x38, 0x1C, 0x70, 0x38,
    0x60, 0x70, 0xE0, 0xE1, 0xC7, 0xF1, 0xE0, 0x3F, 0x19, 0xEC, 0x3B, 0x06, 0xC1, 0xB8, 0x6F, 0x01, 0xE0, 0x3C, 0x07,
    0x80, 0xF0, 0x1E, 0x03, 0x80, 0x68, 0x1B, 0x06, 0xC1, 0xB0, 0x6E, 0x33, 0xF8, 0xFF, 0xF7, 0x3B, 0xB1, 0xCD, 0x8E,
    0x2C, 0x71, 0x43, 0x88, 0x1C, 0x00, 0xE0, 0x07, 0x00, 0x38, 0x01, 0xC0, 0x0E, 0x00, 0x70, 0x03, 0x80, 0x1C, 0x00,
    0xE0, 0x07, 0x00, 0x38, 0x01, 0xC0, 0x3F, 0x80, 0xFE, 0x7C, 0x70, 0x30, 0xE0, 0x61, 0xC0, 0xC3, 0x81, 0x87, 0x03,
    0x0E, 0x06, 0x1C, 0x0C, 0x38, 0x18, 0x70, 0x30, 0xE0, 0x61, 0xC0, 0xC3, 0x81, 0x87, 0x03, 0x0E, 0x06, 0x1C, 0x0C,
    0x38, 0x10, 0x30, 0x60, 0x71, 0x80, 0x3E, 0x00, 0xFC, 0x7C, 0xE0, 0x63, 0x81, 0x0E, 0x0C, 0x18, 0x30, 0x70, 0x81,
    0xC2, 0x07, 0x18, 0x0C, 0x60, 0x39, 0x00, 0xE4, 0x03, 0xB0, 0x06, 0xC0, 0x1E, 0x00, 0x78, 0x01, 0xE0, 0x03, 0x80,
    0x0C, 0x00, 0x30, 0x00, 0xC0, 0xFF, 0xFF, 0xE3, 0x9C, 0xCC, 0x38, 0xC8, 0xC3, 0x8F, 0x88, 0x18, 0xF8, 0x81, 0xCF,
    0x18, 0x1C, 0x71, 0x81, 0xC7, 0x10, 0x0C, 0x71, 0x00, 0xE7, 0x30, 0x0E, 0x73, 0x00, 0xE7, 0x20, 0x06, 0xFA, 0x00,
    0x7F, 0xE0, 0x07, 0x9E, 0x00, 0x79, 0xC0, 0x03, 0x9C, 0x00, 0x31, 0xC0, 0x03, 0x0C, 0x00, 0x30, 0x80, 0x7E, 0x7C,
    0x70, 0x60, 0x70, 0x80, 0xE3, 0x00, 0xC6, 0x01, 0xC8, 0x01, 0xB0, 0x03, 0xC0, 0x07, 0x80, 0x07, 0x00, 0x0E, 0x00,
    0x1E, 0x00, 0x7C, 0x00, 0x98, 0x03, 0x38, 0x06, 0x30, 0x08, 0x70, 0x30, 0xE0, 0xE0, 0xE7, 0xE7, 0xE0, 0xFC, 0x3E,
    0x70, 0x30, 0xE0, 0x60, 0xC0, 0x81, 0xC3, 0x01, 0x84, 0x03, 0x98, 0x03, 0x20, 0x07, 0xC0, 0x0F, 0x00, 0x0E, 0x00,
    0x1C, 0x00, 0x38, 0x00, 0x70, 0x00, 0xE0, 0x01, 0xC0, 0x03, 0x80, 0x07, 0x00, 0x0E, 0x00, 0x7F, 0x00, 0x7F, 0xEE,
    0x1D, 0x87, 0x30, 0xE4, 0x18, 0x87, 0x00, 0xE0, 0x38, 0x07, 0x01, 0xC0, 0x38, 0x06, 0x01, 0xC0, 0x38, 0x0E, 0x09,
    0xC3, 0x70, 0x6E, 0x0F, 0x83, 0xFF, 0xF0, 0xFB, 0x0C, 0x30, 0xC3, 0x0C, 0x30, 0xC3, 0x0C, 0x30, 0xC3, 0x0C, 0x30,
    0xC3, 0x0C, 0x30, 0xC3, 0x0F, 0x80, 0xC1, 0x83, 0x02, 0x04, 0x0C, 0x18, 0x10, 0x20, 0x60, 0xC1, 0x81, 0x03, 0x06,
    0x0C, 0x08, 0x10, 0x30, 0x60, 0x40, 0x81, 0x83, 0x06, 0xFC, 0x30, 0xC3, 0x0C, 0x30, 0xC3, 0x0C, 0x30, 0xC3, 0x0C,
    0x30, 0xC3, 0x0C, 0x30, 0xC3, 0x0C, 0x3F, 0xC0, 0x1C, 0x07, 0x83, 0xE0, 0xDC, 0x73, 0x18, 0x6C, 0x08, 0x00, 0xFF,
    0xC0, 0xE0, 0xF8, 0x3C, 0x0E, 0x02, 0x1F, 0x06, 0x71, 0xCE, 0x31, 0xC6, 0x38, 0x07, 0x03, 0xE0, 0xFC, 0x3B, 0x8E,
    0x77, 0x8E, 0xF1, 0xF6, 0x5E, 0xF3, 0x80, 0x70, 0x1E, 0x01, 0xC0, 0x38, 0x07, 0x00, 0xE0, 0x1F, 0xE3, 0xCE, 0x70,
    0xCE, 0x1D, 0xC3, 0xB8, 0x77, 0x06, 0xE1, 0xDC, 0x3B, 0x87, 0x70, 0xCE, 0x39, 0xE6, 0x3F, 0x80, 0x1F, 0x19, 0x9C,
    0xCC, 0x26, 0x17, 0x03, 0x81, 0xC0, 0xE0, 0x70, 0x58, 0x6E, 0x23, 0xF0, 0xF0, 0x00, 0xC0, 0x1E, 0x00, 0x30, 0x01,
    0x80, 0x0C, 0x00, 0x60, 0x3F, 0x07, 0x38, 0x30, 0xC3, 0x86, 0x18, 0x30, 0xC1, 0x86, 0x0C, 0x70, 0x61, 0x83, 0x0C,
    0x18, 0x60, 0xDB, 0x8E, 0x8C, 0x7C, 0x3D, 0xE0, 0x1F, 0x19, 0xDC, 0x6C, 0x36, 0x3F, 0xFF, 0x81, 0xC0, 0xE0, 0x30,
    0x58, 0x2E, 0x33, 0xF0, 0xF0, 0x0F, 0x0D, 0xCE, 0xE7, 0x03, 0x81, 0xC1, 0xF8, 0x70, 0x38, 0x1C, 0x0E, 0x07, 0x03,
    0x81, 0xC0, 0xE0, 0x70, 0x38, 0x1C, 0x0E, 0x1F, 0xC0, 0x01, 0xE0, 0x3C, 0x7D, 0x19, 0xC7, 0x18, 0xE3, 0x9C, 0x73,
    0x8E, 0x71, 0x87, 0x70, 0x7C, 0x0C, 0x03, 0x00, 0xE0, 0x1F, 0xE1, 0xFE, 0x71, 0xEC, 0x1F, 0x03, 0xF0, 0x6E, 0x18,
    0xFE, 0x00, 0x30, 0x07, 0x80, 0x0C, 0x00, 0x60, 0x03, 0x00, 0x18, 0x00, 0xDF, 0x07, 0x9C, 0x38, 0xE1, 0x87, 0x0C,
    0x38, 0x61, 0xC3, 0x0E, 0x18, 0x70, 0xC3, 0x86, 0x1C, 0x30, 0xE1, 0x87, 0x0C, 0x39, 0xFB, 0xF0, 0x31, 0xE3, 0x00,
    0x00, 0x03, 0x3C, 0x70, 0xC3, 0x0C, 0x30, 0xC3, 0x0C, 0x30, 0xC3, 0x3F, 0x0C, 0x3C, 0x30, 0x00, 0x00, 0x01, 0x1E,
    0x1C, 0x18, 0x30, 0x60, 0xC1, 0x83, 0x06, 0x0C, 0x18, 0x30, 0x60, 0xC1, 0x83, 0x66, 0xF9, 0xE0, 0x30, 0x07, 0x80,
    0x0C, 0x00, 0x60, 0x03, 0x00, 0x18, 0x00, 0xCF, 0xC6, 0x18, 0x31, 0x81, 0x98, 0x0D, 0x80, 0x7C, 0x03, 0xF0, 0x1B,
    0x80, 0xCE, 0x06, 0x70, 0x31, 0xC1, 0x8E, 0x0C, 0x39, 0xFB, 0xE0, 0x73, 0xC3, 0x0C, 0x30, 0xC3, 0x0C, 0x30, 0xC3,
    0x0C, 0x30, 0xC3, 0x0C, 0x30, 0xC3, 0x3F, 0x37, 0xCF, 0x1F, 0x9E, 0x70, 0xE3, 0x86, 0x18, 0x70, 0xC3, 0x0E, 0x18,
    0x61, 0xC3, 0x0C, 0x38, 0x61, 0x87, 0x0C, 0x30, 0xE1, 0x86, 0x1C, 0x30, 0xC3, 0x86, 0x18, 0x70, 0xC3, 0x0E, 0x19,
    0xFB, 0xEF, 0xC0, 0x37, 0xC7, 0xE7, 0x0E, 0x38, 0x61, 0xC3, 0x0E, 0x18, 0x70, 0xC3, 0x86, 0x1C, 0x30, 0xE1, 0x87,
    0x0C, 0x38, 0x61, 0xC3, 0x0E, 0x7E, 0xFC, 0x1F, 0x06, 0x31, 0xC7, 0x30, 0x66, 0x0D, 0xC1, 0xF8, 0x3F, 0x07, 0xE0,
    0xEC, 0x19, 0x83, 0x38, 0xE3, 0x18, 0x3E, 0x00, 0x3F, 0x8F, 0x9C, 0x30, 0xE3, 0x0E, 0x30, 0x63, 0x06, 0x30, 0x73,
    0x06, 0x30, 0x63, 0x06, 0x30, 0xE3, 0x0C, 0x39, 0xC3, 0xF0, 0x30, 0x03, 0x00, 0x30, 0x03, 0x00, 0x30, 0x0F, 0xC0,
    0x0F, 0xE3, 0x9C, 0x30, 0xC7, 0x0C, 0x60, 0xC6, 0x0C, 0x60, 0xCE, 0x0C, 0x60, 0xC6, 0x0C, 0x60, 0xC7, 0x1C, 0x31,
    0xC1, 0xEC, 0x00, 0xC0, 0x0C, 0x00, 0xC0, 0x0C, 0x00, 0xC0, 0x3F, 0x37, 0x3F, 0xFE, 0xE7, 0x03, 0x01, 0x80, 0xC0,
    0x60, 0x30, 0x18, 0x0C, 0x06, 0x03, 0x07, 0xE0, 0x3E, 0x66, 0x66, 0xE2, 0x70, 0x78, 0x3C, 0x1E, 0x0F, 0x47, 0xC3,
    0xC3, 0xE6, 0x7C, 0x10, 0x60, 0xC3, 0x8F, 0xCE, 0x1C, 0x38, 0x70, 0xE1, 0xC3, 0x87, 0x0E, 0x5D, 0xBB, 0x3C, 0x78,
    0xF1, 0xE7, 0x0E, 0x30, 0xE3, 0x0E, 0x30, 0xE3, 0x0E, 0x30, 0xE3, 0x0E, 0x30, 0xE3, 0x0E, 0x30, 0xE3, 0x0E, 0x39,
    0xF3, 0xEC, 0xFD, 0xF3, 0x86, 0x38, 0x43, 0x8C, 0x18, 0xC1, 0xC8, 0x1C, 0x80, 0xD8, 0x0F, 0x80, 0xF0, 0x07, 0x00,
    0x70, 0x06, 0x00, 0x60, 0xFD, 0xF7, 0xCE, 0x38, 0xC3, 0x8E, 0x30, 0xE3, 0x8C, 0x18, 0xE2, 0x07, 0x3C, 0x81, 0xDF,
    0x60, 0x36, 0xD0, 0x0D, 0x34, 0x03, 0xCF, 0x00, 0xF3, 0xC0, 0x18, 0x60, 0x06, 0x18, 0x01, 0x86, 0x00, 0x7D, 0xF3,
    0x8C, 0x18, 0x81, 0xD8, 0x0D, 0x00, 0xF0, 0x06, 0x00, 0x70, 0x0F, 0x00, 0xB8, 0x19, 0x81, 0x1C, 0x30, 0xC7, 0x9F,
    0xFC, 0xF1, 0xC3, 0x0E, 0x18, 0x70, 0x81, 0x8C, 0x0E, 0x60, 0x72, 0x01, 0x90, 0x0F, 0x80, 0x78, 0x01, 0xC0, 0x0E,
    0x00, 0x70, 0x03, 0x00, 0x18, 0x00, 0xC0, 0x04, 0x01, 0xE0, 0x1F, 0x00, 0x70, 0x00, 0x7F, 0x9C, 0xE6, 0x31, 0x1C,
    0x06, 0x03, 0x80, 0xC0, 0x70, 0x18, 0x0E, 0x23, 0x09, 0xC6, 0x63, 0xBF, 0xE0, 0x1C, 0xE3, 0x0C, 0x30, 0xC3, 0x0C,
    0x30, 0xC7, 0x38, 0x70, 0xC3, 0x0C, 0x30, 0xC3, 0x0C, 0x30, 0xE1, 0xC0, 0x55, 0x55, 0x55, 0x55, 0x55, 0x55, 0x40,
    0xE0, 0x60, 0xE1, 0xC3, 0x87, 0x0E, 0x1C, 0x38, 0x30, 0x60, 0x71, 0x83, 0x0E, 0x1C, 0x38, 0x70, 0xE1, 0xC3, 0x86,
    0x38, 0x00, 0x3C, 0x17, 0xF3, 0xC3, 0xE0, 0x08, 0x77, 0x70, 0x02, 0x26, 0x66, 0x66, 0x66, 0x77, 0x77, 0x77, 0x0C,
    0x06, 0x03, 0x03, 0xE3, 0xF3, 0xF9, 0xB4, 0xDA, 0xEC, 0x76, 0x3B, 0x1D, 0x8E, 0xDB, 0x6D, 0xF4, 0x7E, 0x1E, 0x06,
    0x03, 0x00, 0x80, 0x07, 0xE0, 0x67, 0x86, 0x1C, 0x30, 0x63, 0x83, 0x1C, 0x18, 0x60, 0x03, 0x80, 0x1C, 0x00, 0x70,
    0x1F, 0xF8, 0x0E, 0x00, 0x30, 0x01, 0x80, 0x0D, 0xCF, 0xEF, 0xCE, 0x1E, 0x38, 0xF3, 0xFD, 0xF3, 0xE0, 0xFC, 0x7D,
    0xC0, 0x63, 0x83, 0x0E, 0x0C, 0x18, 0x20, 0x71, 0x81, 0xC4, 0x03, 0xB0, 0x7E, 0xF8, 0x1E, 0x00, 0x70, 0x1F, 0xFE,
    0x03, 0x00, 0x0C, 0x00, 0x30, 0x00, 0xC0, 0x03, 0x00, 0x0C, 0x00, 0x30, 0x07, 0xF8, 0x3F, 0x33, 0x98, 0xCC, 0x67,
    0x03, 0xC0, 0xF0, 0x7C, 0x7E, 0x63, 0xB1, 0xD8, 0x7C, 0x3F, 0x19, 0xCC, 0x78, 0x1C, 0x07, 0x11, 0xD8, 0xEE, 0x77,
    0x31, 0xF0, 0x63, 0x7B, 0xD8, 0xE0, 0x03, 0xFC, 0x00, 0x78, 0x78, 0x07, 0x00, 0x60, 0x60, 0x01, 0x87, 0x0F, 0x86,
    0x30, 0xCE, 0x1B, 0x0C, 0x30, 0xD8, 0xE1, 0x86, 0xC6, 0x04, 0x1E, 0x30, 0x00, 0xF1, 0x80, 0x07, 0x8C, 0x08, 0x3C,
    0x70, 0xC3, 0x61, 0x86, 0x19, 0x8E, 0x70, 0xCC, 0x1F, 0x8C, 0x30, 0x00, 0xC0, 0xE0, 0x0C, 0x03, 0xC3, 0xC0, 0x07,
    0xF8, 0x00, 0x1E, 0x3B, 0x19, 0xCC, 0xE0, 0xF1, 0xF9, 0x9C, 0xCF, 0x6F, 0xBD, 0xC0, 0x00, 0x11, 0x18, 0x8C, 0xCC,
    0xCE, 0xE7, 0x71, 0x98, 0xEE, 0x33, 0x08, 0x80, 0x03, 0xFC, 0x00, 0x78, 0x78, 0x07, 0x00, 0x60, 0x60, 0x01, 0x87,
    0x3F, 0x86, 0x30, 0xCE, 0x1B, 0x06, 0x30, 0xD8, 0x31, 0x86, 0xC1, 0x9C, 0x1E, 0x0F, 0xC0, 0xF0, 0x6C, 0x07, 0x83,
    0x30, 0x3C, 0x19, 0x83, 0x60, 0xCC, 0x19, 0x86, 0x70, 0xCC, 0x79, 0xEC, 0x30, 0x00, 0xC0, 0xE0, 0x0C, 0x03, 0xC3,
    0xC0, 0x07, 0xF8, 0x00, 0xFF, 0x80, 0x3E, 0x39, 0x98, 0x68, 0x34, 0x1B, 0x0D, 0xCC, 0x7C, 0x0E, 0x3C, 0xF7, 0x80,
    0x00, 0x1F, 0xFC, 0xFE, 0xC7, 0xFB, 0x1F, 0xEC, 0xFF, 0xB3, 0xFE, 0xCF, 0xFB, 0x1F, 0xEC, 0x7F, 0xB0, 0xFE, 0xC0,
    0xFB, 0x00, 0xEC, 0x03, 0xB0, 0x0E, 0xC0, 0x3B, 0x00, 0xEC, 0x03, 0xB0, 0x0E, 0xC0, 0x3B, 0x00, 0xEC, 0x03, 0xB0,
    0x0E, 0xC0, 0x33, 0x00, 0xFF, 0x80, 0x00, 0xC3, 0x87, 0xCF, 0xB7, 0x80, 0x3C, 0x66, 0xC3, 0xC3, 0xC3, 0xC3, 0xC3,
    0xC3, 0x66, 0x3C, 0x44, 0x33, 0x19, 0x86, 0x63, 0xB9, 0xDC, 0xCC, 0x66, 0x66, 0x22, 0x00, 0x0E, 0x0E, 0x0E, 0x00,
    0x00, 0x04, 0x0C, 0x0C, 0x0C, 0x0C, 0x0C, 0x1C, 0x38, 0x70, 0x60, 0x61, 0x63, 0x63, 0x67, 0x3F, 0x0E, 0x00, 0x3C,
    0x00, 0x78, 0x00, 0x70, 0x00, 0x00, 0x00, 0x00, 0x30, 0x00, 0xC0, 0x03, 0x00, 0x0E, 0x00, 0x78, 0x01, 0xE0, 0x05,
    0x80, 0x17, 0x00, 0xDC, 0x03, 0x30, 0x08, 0xC0, 0x23, 0x81, 0xFE, 0x06, 0x38, 0x10, 0x60, 0x41, 0xC3, 0x07, 0x0C,
    0x1C, 0x30, 0x33, 0xE3, 0xF0, 0x00, 0xE0, 0x0F, 0x80, 0x78, 0x03, 0x80, 0x08, 0x00, 0x00, 0x00, 0x30, 0x00, 0xC0,
    0x03, 0x00, 0x0E, 0x00, 0x78, 0x01, 0xE0, 0x05, 0x80, 0x17, 0x00, 0xDC, 0x03, 0x30, 0x08, 0xC0, 0x23, 0x81, 0xFE,
    0x06, 0x38, 0x10, 0x60, 0x41, 0xC3, 0x07, 0x0C, 0x1C, 0x30, 0x33, 0xE3, 0xF0, 0x03, 0x80, 0x1F, 0x00, 0xEE, 0x06,
    0x1C, 0x10, 0x00, 0x00, 0x00, 0x30, 0x00, 0xC0, 0x03, 0x00, 0x0E, 0x00, 0x78, 0x01, 0xE0, 0x05, 0x80, 0x17, 0x00,
    0xDC, 0x03, 0x30, 0x08, 0xC0, 0x23, 0x81, 0xFE, 0x06, 0x38, 0x10, 0x60, 0x41, 0xC3, 0x07, 0x0C, 0x1C, 0x30, 0x33,
    0xE3, 0xF0, 0x0E, 0x10, 0x7C, 0xC1, 0xBE, 0x0C, 0x78, 0x00, 0x00, 0x00, 0x00, 0x30, 0x00, 0xC0, 0x03, 0x00, 0x0E,
    0x00, 0x78, 0x01, 0xE0, 0x05, 0x80, 0x17, 0x00, 0xDC, 0x03, 0x30, 0x08, 0xC0, 0x23, 0x81, 0xFE, 0x06, 0x38, 0x10,
    0x60, 0x41, 0xC3, 0x07, 0x0C, 0x1C, 0x30, 0x33, 0xE3, 0xF0, 0x1C, 0xE0, 0x73, 0x81, 0xCE, 0x00, 0x00, 0x00, 0x00,
    0x0C, 0x00, 0x30, 0x00, 0xC0, 0x03, 0x80, 0x1E, 0x00, 0x78, 0x01, 0x60, 0x05, 0xC0, 0x37, 0x00, 0xCC, 0x02, 0x30,
    0x08, 0xE0, 0x7F, 0x81, 0x8E, 0x04, 0x18, 0x10, 0x70, 0xC1, 0xC3, 0x07, 0x0C, 0x0C, 0xF8, 0xFC, 0x07, 0x80, 0x33,
    0x00, 0xC4, 0x03, 0x10, 0x0C, 0xC0, 0x1E, 0x00, 0x00, 0x00, 0xC0, 0x03, 0x00, 0x0C, 0x00, 0x38, 0x01, 0xE0, 0x07,
    0x80, 0x16, 0x00, 0x5C, 0x03, 0x70, 0x0C, 0xC0, 0x23, 0x00, 0x8E, 0x07, 0xF8, 0x18, 0xE0, 0x41, 0x81, 0x07, 0x0C,
    0x1C, 0x30, 0x70, 0xC0, 0xCF, 0x8F, 0xC0, 0x00, 0x7F, 0xF8, 0x00, 0xF8, 0xE0, 0x03, 0xC1, 0x80, 0x0B, 0x06, 0x00,
    0x6C, 0x18, 0x01, 0x30, 0x20, 0x0C, 0xC6, 0x00, 0x23, 0x18, 0x01, 0x8C, 0x60, 0x07, 0xFF, 0x80, 0x30, 0xC6, 0x00,
    0x83, 0x18, 0x06, 0x0C, 0x60, 0x10, 0x30, 0x00, 0xC0, 0xC0, 0x82, 0x03, 0x02, 0x18, 0x0C, 0x08, 0x40, 0x30, 0x63,
    0x00, 0xE3, 0xBF, 0x0F, 0xFE, 0x0F, 0xC3, 0x1C, 0xC1, 0xB8, 0x36, 0x07, 0xC0, 0x78, 0x07, 0x00, 0xE0, 0x1C, 0x03,
    0x80, 0x70, 0x0E, 0x01, 0xC0, 0x38, 0x0B, 0x03, 0x70, 0x66, 0x0C, 0xE3, 0x87, 0xF0, 0x20, 0x06, 0x00, 0xE0, 0x4C,
    0x0D, 0x81, 0xE0, 0x1C, 0x01, 0xE0, 0x0F, 0x00, 0x38, 0x00, 0x00, 0x00, 0xFF, 0xE3, 0x8E, 0x38, 0x63, 0x86, 0x38,
    0x23, 0x82, 0x39, 0x83, 0x98, 0x39, 0x83, 0xF8, 0x39, 0x83, 0x98, 0x39, 0x83, 0x80, 0x38, 0x33, 0x83, 0x38, 0x33,
    0x87, 0x38, 0xEF, 0xFE, 0x01, 0xC0, 0x78, 0x0F, 0x01, 0xC0, 0x10, 0x00, 0x00, 0xFF, 0xE3, 0x8E, 0x38, 0x63, 0x86,
    0x38, 0x23, 0x82, 0x39, 0x83, 0x98, 0x39, 0x83, 0xF8, 0x39, 0x83, 0x98, 0x39, 0x83, 0x80, 0x38, 0x33, 0x83, 0x38,
    0x33, 0x87, 0x38, 0xEF, 0xFE, 0x0F, 0x00, 0xF8, 0x1D, 0xC3, 0x0C, 0x20, 0x00, 0x00, 0xFF, 0xE3, 0x8E, 0x38, 0x63,
    0x86, 0x38, 0x23, 0x82, 0x39, 0x83, 0x98, 0x39, 0x83, 0xF8, 0x39, 0x83, 0x98, 0x39, 0x83, 0x80, 0x38, 0x33, 0x83,
    0x38, 0x33, 0x87, 0x38, 0xEF, 0xFE, 0x39, 0xC3, 0x9C, 0x39, 0xC0, 0x00, 0x00, 0x0F, 0xFE, 0x38, 0xE3, 0x86, 0x38,
    0x63, 0x82, 0x38, 0x23, 0x98, 0x39, 0x83, 0x98, 0x3F, 0x83, 0x98, 0x39, 0x83, 0x98, 0x38, 0x03, 0x83, 0x38, 0x33,
    0x83, 0x38, 0x73, 0x8E, 0xFF, 0xE0, 0xE1, 0xE1, 0xF0, 0x70, 0x00, 0x3F, 0x1C, 0x38, 0x70, 0xE1, 0xC3, 0x87, 0x0E,
    0x1C, 0x38, 0x70, 0xE1, 0xC3, 0x87, 0x0E, 0x1C, 0x39, 0xF8, 0x0E, 0x7D, 0xE7, 0x00, 0x00, 0x3F, 0x1C, 0x38, 0x70,
    0xE1, 0xC3, 0x87, 0x0E, 0x1C, 0x38, 0x70, 0xE1, 0xC3, 0x87, 0x0E, 0x1C, 0x39, 0xF8, 0x1C, 0x1F, 0x1D, 0xD8, 0x78,
    0x00, 0x01, 0xF8, 0x38, 0x1C, 0x0E, 0x07, 0x03, 0x81, 0xC0, 0xE0, 0x70, 0x38, 0x1C, 0x0E, 0x07, 0x03, 0x81, 0xC0,
    0xE0, 0x70, 0x38, 0x1C, 0x3F, 0x00, 0xE3, 0x73, 0xF8, 0xC0, 0x00, 0x03, 0xF0, 0x70, 0x38, 0x1C, 0x0E, 0x07, 0x03,
    0x81, 0xC0, 0xE0, 0x70, 0x38, 0x1C, 0x0E, 0x07, 0x03, 0x81, 0xC0, 0xE0, 0x70, 0x38, 0x7E, 0x00, 0xFF, 0xC0, 0xE3,
    0x83, 0x87, 0x0E, 0x0C, 0x38, 0x38, 0xE0, 0xE3, 0x83, 0x8E, 0x06, 0x38, 0x1B, 0xFC, 0x73, 0x81, 0xCE, 0x06, 0x38,
    0x18, 0xE0, 0xE3, 0x83, 0x8E, 0x0E, 0x38, 0x30, 0xE1, 0xC3, 0x8E, 0x3F, 0xE0, 0x0E, 0x10, 0x3F, 0x60, 0x6F, 0x80,
    0x8F, 0x00, 0x00, 0x00, 0x00, 0x3E, 0x1F, 0x1C, 0x0C, 0x3C, 0x18, 0x78, 0x30, 0xF8, 0x61, 0xF0, 0xC3, 0xF1, 0x86,
    0xE3, 0x0D, 0xE6, 0x19, 0xCC, 0x33, 0xD8, 0x63, 0xB0, 0xC7, 0x61, 0x87, 0xC3, 0x0F, 0x86, 0x0F, 0x0C, 0x1E, 0x18,
    0x1C, 0x30, 0x39, 0xF0, 0x70, 0x1C, 0x00, 0xF0, 0x03, 0xC0, 0x07, 0x80, 0x00, 0x00, 0x00, 0x3E, 0x07, 0x18, 0x30,
    0x63, 0x83, 0x18, 0x1D, 0xC0, 0x6E, 0x03, 0x70, 0x1F, 0x80, 0xFC, 0x07, 0xE0, 0x3F, 0x01, 0xF8, 0x0F, 0xC0, 0x6E,
    0x03, 0x30, 0x39, 0xC1, 0x86, 0x0C, 0x18, 0xC0, 0x7C, 0x00, 0x01, 0xC0, 0x3E, 0x03, 0xC0, 0x38, 0x01, 0x00, 0x00,
    0x00, 0x3E, 0x07, 0x18, 0x30, 0x63, 0x83, 0x18, 0x1D, 0xC0, 0x6E, 0x03, 0x70, 0x1F, 0x80, 0xFC, 0x07, 0xE0, 0x3F,
    0x01, 0xF8, 0x0F, 0xC0, 0x6E, 0x03, 0x30, 0x39, 0xC1, 0x86, 0x0C, 0x18, 0xC0, 0x7C, 0x00, 0x07, 0x00, 0x7C, 0x07,
    0x70, 0x61, 0xC2, 0x00, 0x00, 0x00, 0x3E, 0x07, 0x18, 0x30, 0x63, 0x83, 0x18, 0x1D, 0xC0, 0x6E, 0x03, 0x70, 0x1F,
    0x80, 0xFC, 0x07, 0xE0, 0x3F, 0x01, 0xF8, 0x0F, 0xC0, 0x6E, 0x03, 0x30, 0x39, 0xC1, 0x86, 0x0C, 0x18, 0xC0, 0x7C,
    0x00, 0x1C, 0x21, 0xFB, 0x0D, 0xF0, 0x47, 0x80, 0x00, 0x00, 0x00, 0x3E, 0x07, 0x18, 0x30, 0x63, 0x83, 0x18, 0x1D,
    0xC0, 0x6E, 0x03, 0x70, 0x1F, 0x80, 0xFC, 0x07, 0xE0, 0x3F, 0x01, 0xF8, 0x0F, 0xC0, 0x6E, 0x03, 0x30, 0x39, 0xC1,
    0x86, 0x0C, 0x18, 0xC0, 0x7C, 0x00, 0x38, 0xC1, 0xCF, 0x0E, 0x70, 0x00, 0x00, 0x00, 0x07, 0xC0, 0xE3, 0x06, 0x0C,
    0x70, 0x63, 0x03, 0xB8, 0x0D, 0xC0, 0x6E, 0x03, 0xF0, 0x1F, 0x80, 0xFC, 0x07, 0xE0, 0x3F, 0x01, 0xF8, 0x0D, 0xC0,
    0x66, 0x07, 0x38, 0x30, 0xC1, 0x83, 0x18, 0x0F, 0x80, 0x00, 0x18, 0x09, 0x83, 0x18, 0xC1, 0xB0, 0x1C, 0x03, 0x80,
    0xD8, 0x31, 0x8C, 0x1B, 0x01, 0x00, 0x00, 0x30, 0x01, 0x83, 0xE8, 0x71, 0xC3, 0x0E, 0x38, 0x71, 0x83, 0xDC, 0x36,
    0xE1, 0xB7, 0x09, 0xF8, 0xCF, 0xC4, 0x7E, 0x63, 0xF2, 0x1F, 0xB0, 0xFD, 0x86, 0xE8, 0x33, 0xC3, 0x9C, 0x18, 0x60,
    0xC3, 0x8C, 0x37, 0xC1, 0x80, 0x08, 0x00, 0x0E, 0x00, 0x1F, 0x00, 0x0F, 0x00, 0x07, 0x00, 0x02, 0x00, 0x00, 0x3F,
    0x9F, 0x1C, 0x0C, 0x38, 0x18, 0x70, 0x30, 0xE0, 0x61, 0xC0, 0xC3, 0x81, 0x87, 0x03, 0x0E, 0x06, 0x1C, 0x0C, 0x38,
    0x18, 0x70, 0x30, 0xE0, 0x61, 0xC0, 0xC3, 0x81, 0x87, 0x03, 0x0E, 0x04, 0x0C, 0x18, 0x1C, 0x60, 0x0F, 0x80, 0x00,
    0xE0, 0x03, 0xC0, 0x0F, 0x00, 0x78, 0x00, 0x00, 0x00, 0x00, 0x3F, 0x9F, 0x1C, 0x0C, 0x38, 0x18, 0x70, 0x30, 0xE0,
    0x61, 0xC0, 0xC3, 0x81, 0x87, 0x03, 0x0E, 0x06, 0x1C, 0x0C, 0x38, 0x18, 0x70, 0x30, 0xE0, 0x61, 0xC0, 0xC3, 0x81,
    0x87, 0x03, 0x0E, 0x04, 0x0C, 0x18, 0x1C, 0x60, 0x0F, 0x80, 0x03, 0x80, 0x0F, 0x80, 0x3B, 0x80, 0xE1, 0x80, 0x01,
    0x00, 0x00, 0x3F, 0x9F, 0x1C, 0x0C, 0x38, 0x18, 0x70, 0x30, 0xE0, 0x61, 0xC0, 0xC3, 0x81, 0x87, 0x03, 0x0E, 0x06,
    0x1C, 0x0C, 0x38, 0x18, 0x70, 0x30, 0xE0, 0x61, 0xC0, 0xC3, 0x81, 0x87, 0x03, 0x0E, 0x04, 0x0C, 0x18, 0x1C, 0x60,
    0x0F, 0x80, 0x0E, 0x70, 0x1C, 0xE0, 0x39, 0xC0, 0x00, 0x00, 0x00, 0x1F, 0xCF, 0x8E, 0x06, 0x1C, 0x0C, 0x38, 0x18,
    0x70, 0x30, 0xE0, 0x61, 0xC0, 0xC3, 0x81, 0x87, 0x03, 0x0E, 0x06, 0x1C, 0x0C, 0x38, 0x18, 0x70, 0x30, 0xE0, 0x61,
    0xC0, 0xC3, 0x81, 0x87, 0x02, 0x06, 0x0C, 0x0E, 0x30, 0x07, 0xC0, 0x00, 0xE0, 0x03, 0xC0, 0x0F, 0x00, 0x38, 0x00,
    0x00, 0x00, 0x00, 0x3F, 0x0F, 0x9C, 0x0C, 0x38, 0x18, 0x30, 0x20, 0x70, 0xC0, 0x61, 0x00, 0xE6, 0x00, 0xC8, 0x01,
    0xF0, 0x03, 0xC0, 0x03, 0x80, 0x07, 0x00, 0x0E, 0x00, 0x1C, 0x00, 0x38, 0x00, 0x70, 0x00, 0xE0, 0x01, 0xC0, 0x03,
    0x80, 0x1F, 0xC0, 0xFE, 0x03, 0x80, 0x38, 0x03, 0x80, 0x3F, 0x83, 0x9E, 0x38, 0x63, 0x87, 0x38, 0x73, 0x83, 0x38,
    0x73, 0x87, 0x38, 0x73, 0x9E, 0x3F, 0xC3, 0x80, 0x38, 0x03, 0x80, 0x38, 0x0F, 0xE0, 0x0F, 0xC1, 0xCE, 0x18, 0xE3,
    0x8E, 0x38, 0xE3, 0x9C, 0x79, 0x83, 0xB0, 0x3E, 0x03, 0xE0, 0x3F, 0x03, 0xF8, 0x3B, 0xC3, 0x9E, 0x38, 0x73, 0xC7,
    0x3E, 0x33, 0xE3, 0x3E, 0x6F, 0x7E, 0x38, 0x07, 0x80, 0x7C, 0x01, 0xC0, 0x00, 0x00, 0x07, 0xC1, 0x9C, 0x73, 0x8C,
    0x71, 0x8E, 0x01, 0xC0, 0xF8, 0x3F, 0x0E, 0xE3, 0x9D, 0xE3, 0xBC, 0x7D, 0x97, 0xBC, 0xE0, 0x03, 0x81, 0xF0, 0x78,
    0x1C, 0x00, 0x00, 0x00, 0x07, 0xC1, 0x9C, 0x73, 0x8C, 0x71, 0x8E, 0x01, 0xC0, 0xF8, 0x3F, 0x0E, 0xE3, 0x9D, 0xE3,
    0xBC, 0x7D, 0x97, 0xBC, 0xE0, 0x0E, 0x03, 0xE0, 0xEE, 0x30, 0xE4, 0x00, 0x00, 0x07, 0xC1, 0x9C, 0x73, 0x8C, 0x71,
    0x8E, 0x01, 0xC0, 0xF8, 0x3F, 0x0E, 0xE3, 0x9D, 0xE3, 0xBC, 0x7D, 0x97, 0xBC, 0xE0, 0x38, 0x4F, 0xD9, 0xBF, 0x23,
    0xC0, 0x00, 0x00, 0x07, 0xC1, 0x9C, 0x73, 0x8C, 0x71, 0x8E, 0x01, 0xC0, 0xF8, 0x3F, 0x0E, 0xE3, 0x9D, 0xE3, 0xBC,
    0x7D, 0x97, 0xBC, 0xE0, 0x71, 0x8E, 0x79, 0xC6, 0x00, 0x00, 0x00, 0x3E, 0x0C, 0xE3, 0x9C, 0x63, 0x8C, 0x70, 0x0E,
    0x07, 0xC1, 0xF8, 0x77, 0x1C, 0xEF, 0x1D, 0xE3, 0xEC, 0xBD, 0xE7, 0x00, 0x1E, 0x03, 0x60, 0xC6, 0x18, 0xC1, 0x30,
    0x3C, 0x00, 0x00, 0xF8, 0x33, 0x8E, 0x71, 0x8E, 0x31, 0xC0, 0x38, 0x1F, 0x07, 0xE1, 0xDC, 0x73, 0xBC, 0x77, 0x8F,
    0xB2, 0xF7, 0x9C, 0x1F, 0x7C, 0x67, 0x99, 0xCE, 0x3B, 0x1C, 0x36, 0x38, 0xE0, 0x7F, 0xC3, 0xE0, 0x0F, 0xC0, 0x3B,
    0x80, 0xE7, 0x07, 0x8E, 0x1F, 0x1E, 0x36, 0x6F, 0xCF, 0x8F, 0x00, 0x1F, 0x19, 0x9C, 0xCC, 0x26, 0x17, 0x03, 0x81,
    0xC0, 0xE0, 0x70, 0x58, 0x6E, 0x23, 0xF0, 0xF0, 0x30, 0x1C, 0x0E, 0x19, 0x8D, 0x83, 0xC0, 0x38, 0x1E, 0x07, 0x80,
    0xF0, 0x00, 0x00, 0x7C, 0x67, 0x71, 0xB0, 0xD8, 0xFF, 0xFE, 0x07, 0x03, 0x80, 0xC1, 0x60, 0xB8, 0xCF, 0xC3, 0xC0,
    0x03, 0x87, 0xC7, 0x87, 0x02, 0x00, 0x00, 0x7C, 0x67, 0x71, 0xB0, 0xD8, 0xFF, 0xFE, 0x07, 0x03, 0x80, 0xC1, 0x60,
    0xB8, 0xCF, 0xC3, 0xC0, 0x0E, 0x07, 0xC3, 0xB9, 0x87, 0x40, 0x00, 0x01, 0xF0, 0xCE, 0x71, 0x98, 0x66, 0x3B, 0xFE,
    0xE0, 0x38, 0x0E, 0x01, 0x82, 0x60, 0x9C, 0x63, 0xF0, 0x78, 0x73, 0x9C, 0xE7, 0x38, 0x00, 0x00, 0x07, 0xC3, 0x39,
    0xC6, 0x61, 0x98, 0xEF, 0xFB, 0x80, 0xE0, 0x38, 0x06, 0x09, 0x82, 0x71, 0x8F, 0xC1, 0xE0, 0x70, 0x78, 0x3C, 0x0E,
    0x00, 0x00, 0x18, 0x78, 0x38, 0x18, 0x18, 0x18, 0x18, 0x18, 0x18, 0x18, 0x18, 0x18, 0x18, 0x7E, 0x0E, 0x1E, 0x3C,
    0x70, 0x40, 0x00, 0x18, 0x78, 0x38, 0x18, 0x18, 0x18, 0x18, 0x18, 0x18, 0x18, 0x18, 0x18, 0x18, 0x7E, 0x1E, 0x0F,
    0xC3, 0x39, 0x86, 0x00, 0x00, 0x00, 0xC0, 0xF0, 0x1C, 0x03, 0x00, 0xC0, 0x30, 0x0C, 0x03, 0x00, 0xC0, 0x30, 0x0C,
    0x03, 0x00, 0xC0, 0xFC, 0xE7, 0xE7, 0xE7, 0x00, 0x00, 0x18, 0x78, 0x38, 0x18, 0x18, 0x18, 0x18, 0x18, 0x18, 0x18,
    0x18, 0x18, 0x18, 0x7E, 0x70, 0x0E, 0x00, 0xC0, 0x18, 0x07, 0x00, 0xC0, 0x38, 0x06, 0x1F, 0x8C, 0xF7, 0x1D, 0x87,
    0x60, 0xF8, 0x3E, 0x0F, 0x83, 0x60, 0xD8, 0x37, 0x18, 0xC6, 0x1F, 0x00, 0x1C, 0x21, 0xFB, 0x0D, 0xF8, 0x47, 0x80,
    0x00, 0x00, 0x00, 0xDF, 0x1F, 0x9C, 0x38, 0xE1, 0x87, 0x0C, 0x38, 0x61, 0xC3, 0x0E, 0x18, 0x70, 0xC3, 0x86, 0x1C,
    0x30, 0xE1, 0x87, 0x0C, 0x39, 0xFB, 0xF0, 0x38, 0x07, 0x80, 0x7C, 0x01, 0xC0, 0x00, 0x00, 0x07, 0xC1, 0x8C, 0x71,
    0xCC, 0x19, 0x83, 0x70, 0x7E, 0x0F, 0xC1, 0xF8, 0x3B, 0x06, 0x60, 0xCE, 0x38, 0xC6, 0x0F, 0x80, 0x03, 0x80, 0xF0,
    0x7C, 0x1C, 0x00, 0x00, 0x00, 0x07, 0xC1, 0x8C, 0x71, 0xCC, 0x19, 0x83, 0x70, 0x7E, 0x0F, 0xC1, 0xF8, 0x3B, 0x06,
    0x60, 0xCE, 0x38, 0xC6, 0x0F, 0x80, 0x0E, 0x03, 0xE0, 0xEE, 0x38, 0xE4, 0x00, 0x00, 0x07, 0xC1, 0x8C, 0x71, 0xCC,
    0x19, 0x83, 0x70, 0x7E, 0x0F, 0xC1, 0xF8, 0x3B, 0x06, 0x60, 0xCE, 0x38, 0xC6, 0x0F, 0x80, 0x3C, 0x4F, 0xD9, 0xBF,
    0x23, 0xC0, 0x00, 0x00, 0x07, 0xC1, 0x8C, 0x71, 0xCC, 0x19, 0x83, 0x70, 0x7E, 0x0F, 0xC1, 0xF8, 0x3B, 0x06, 0x60,
    0xCE, 0x38, 0xC6, 0x0F, 0x80, 0x31, 0x8F, 0x78, 0xC6, 0x00, 0x00, 0x00, 0x3E, 0x0C, 0x63, 0x8E, 0x60, 0xCC, 0x1B,
    0x83, 0xF0, 0x7E, 0x0F, 0xC1, 0xD8, 0x33, 0x06, 0x71, 0xC6, 0x30, 0x7C, 0x00, 0x07, 0x00, 0xF0, 0x07, 0x00, 0x00,
    0x00, 0x00, 0x00, 0xFF, 0xF0, 0x00, 0x00, 0x00, 0x70, 0x0F, 0x00, 0x70, 0x00, 0x80, 0x10, 0x7E, 0x18, 0xC7, 0x1C,
    0xC7, 0x98, 0xB7, 0x37, 0xE4, 0xFD, 0x9F, 0xB3, 0xB4, 0x67, 0x8C, 0xE3, 0x8C, 0x61, 0xF8, 0x60, 0x00, 0x38, 0x03,
    0xE0, 0x0F, 0x00, 0x38, 0x00, 0x80, 0x00, 0xF1, 0xE7, 0x0E, 0x30, 0xE3, 0x0E, 0x30, 0xE3, 0x0E, 0x30, 0xE3, 0x0E,
    0x30, 0xE3, 0x0E, 0x30, 0xE3, 0x0E, 0x39, 0xF3, 0xEC, 0x03, 0x80, 0x78, 0x0F, 0x03, 0xC0, 0x00, 0x00, 0x00, 0xF1,
    0xE7, 0x0E, 0x30, 0xE3, 0x0E, 0x30, 0xE3, 0x0E, 0x30, 0xE3, 0x0E, 0x30, 0xE3, 0x0E, 0x30, 0xE3, 0x0E, 0x39, 0xF3,
    0xEC, 0x0E, 0x01, 0xF0, 0x3B, 0x87, 0x0C, 0x00, 0x40, 0x00, 0xF1, 0xE7, 0x0E, 0x30, 0xE3, 0x0E, 0x30, 0xE3, 0x0E,
    0x30, 0xE3, 0x0E, 0x30, 0xE3, 0x0E, 0x30, 0xE3, 0x0E, 0x39, 0xF3, 0xEC, 0x39, 0xC3, 0x9C, 0x39, 0xC0, 0x00, 0x00,
    0x0F, 0x1E, 0x70, 0xE3, 0x0E, 0x30, 0xE3, 0x0E, 0x30, 0xE3, 0x0E, 0x30, 0xE3, 0x0E, 0x30, 0xE3, 0x0E, 0x30, 0xE3,
    0x9F, 0x3E, 0xC0, 0x01, 0xC0, 0x1E, 0x03, 0xC0, 0x38, 0x00, 0x00, 0x00, 0x03, 0xF3, 0xC7, 0x0C, 0x38, 0x61, 0xC2,
    0x06, 0x30, 0x39, 0x81, 0xC8, 0x06, 0x40, 0x3E, 0x01, 0xE0, 0x07, 0x00, 0x38, 0x01, 0xC0, 0x0C, 0x00, 0x60, 0x03,
    0x00, 0x10, 0x07, 0x80, 0x7C, 0x01, 0xC0, 0x00, 0x70, 0x0F, 0x00, 0x30, 0x03, 0x00, 0x30, 0x03, 0x00, 0x3F, 0x83,
    0x9C, 0x30, 0xE3, 0x0E, 0x30, 0x63, 0x06, 0x30, 0x73, 0x06, 0x30, 0x63, 0x06, 0x30, 0xE3, 0x0C, 0x39, 0xC3, 0xF0,
    0x30, 0x03, 0x00, 0x30, 0x03, 0x00, 0x30, 0x0F, 0xC0, 0x18, 0xC1, 0xEF, 0x0E, 0x30, 0x00, 0x00, 0x00, 0x7E, 0x78,
    0xE1, 0x87, 0x0C, 0x38, 0x40, 0xC6, 0x07, 0x30, 0x39, 0x00, 0xC8, 0x07, 0xC0, 0x3C, 0x00, 0xE0, 0x07, 0x00, 0x38,
    0x01, 0x80, 0x0C, 0x00, 0x60, 0x02, 0x00, 0xF0, 0x0F, 0x80, 0x38, 0x00, 0x1F, 0xE0, 0x00, 0x00, 0x00, 0x00, 0x00,
    0x03, 0x00, 0x0C, 0x00, 0x30, 0x00, 0xE0, 0x07, 0x80, 0x1E, 0x00, 0x58, 0x01, 0x70, 0x0D, 0xC0, 0x33, 0x00, 0x8C,
    0x02, 0x38, 0x1F, 0xE0, 0x63, 0x81, 0x06, 0x04, 0x1C, 0x30, 0x70, 0xC1, 0xC3, 0x03, 0x3E, 0x3F, 0x7F, 0xC0, 0x00,
    0x00, 0x00, 0x01, 0xF0, 0x67, 0x1C, 0xE3, 0x1C, 0x63, 0x80, 0x70, 0x3E, 0x0F, 0xC3, 0xB8, 0xE7, 0x78, 0xEF, 0x1F,
    0x65, 0xEF, 0x38, 0x10, 0x20, 0x71, 0x80, 0xFE, 0x01, 0xF0, 0x00, 0x00, 0x00, 0x00, 0x30, 0x00, 0xC0, 0x03, 0x00,
    0x0E, 0x00, 0x78, 0x01, 0xE0, 0x05, 0x80, 0x17, 0x00, 0xDC, 0x03, 0x30, 0x08, 0xC0, 0x23, 0x81, 0xFE, 0x06, 0x38,
    0x10, 0x60, 0x41, 0xC3, 0x07, 0x0C, 0x1C, 0x30, 0x33, 0xE3, 0xF0, 0x60, 0xCE, 0x30, 0xFE, 0x0F, 0x80, 0x00, 0x00,
    0x07, 0xC1, 0x9C, 0x73, 0x8C, 0x71, 0x8E, 0x01, 0xC0, 0xF8, 0x3F, 0x0E, 0xE3, 0x9D, 0xE3, 0xBC, 0x7D, 0x97, 0xBC,
    0xE0, 0x03, 0x00, 0x0C, 0x00, 0x30, 0x00, 0xE0, 0x07, 0x80, 0x1E, 0x00, 0x58, 0x01, 0x70, 0x0D, 0xC0, 0x33, 0x00,
    0x8C, 0x02, 0x38, 0x1F, 0xE0, 0x63, 0x81, 0x06, 0x04, 0x1C, 0x30, 0x70, 0xC1, 0xC3, 0x03, 0x3E, 0x3F, 0x00, 0x30,
    0x01, 0x80, 0x06, 0x00, 0x30, 0x00, 0xE8, 0x01, 0xE0, 0x1F, 0x06, 0x71, 0xCE, 0x31, 0xC6, 0x38, 0x07, 0x03, 0xE0,
    0xFC, 0x3B, 0x8E, 0x77, 0x8E, 0xF1, 0xF6, 0x5E, 0xF3, 0x80, 0x60, 0x18, 0x03, 0x00, 0xC0, 0x19, 0x01, 0xC0, 0x01,
    0xC0, 0x78, 0x3E, 0x0E, 0x00, 0x00, 0x00, 0x03, 0xF0, 0xC7, 0x30, 0x6E, 0x0D, 0x81, 0xF0, 0x1E, 0x01, 0xC0, 0x38,
    0x07, 0x00, 0xE0, 0x1C, 0x03, 0x80, 0x70, 0x0E, 0x02, 0xC0, 0xDC, 0x19, 0x83, 0x38, 0xE1, 0xFC, 0x03, 0x83, 0xC7,
    0xC7, 0x00, 0x00, 0x00, 0x7C, 0x66, 0x73, 0x30, 0x98, 0x5C, 0x0E, 0x07, 0x03, 0x81, 0xC1, 0x61, 0xB8, 0x8F, 0xC3,
    0xC0, 0x07, 0x00, 0xE0, 0x1C, 0x00, 0x00, 0x00, 0x1F, 0x86, 0x39, 0x83, 0x70, 0x6C, 0x0F, 0x80, 0xF0, 0x0E, 0x01,
    0xC0, 0x38, 0x07, 0x00, 0xE0, 0x1C, 0x03, 0x80, 0x70, 0x16, 0x06, 0xE0, 0xCC, 0x19, 0xC7, 0x0F, 0xE0, 0x0E, 0x07,
    0x03, 0x80, 0x00, 0x00, 0xF8, 0xCC, 0xE6, 0x61, 0x30, 0xB8, 0x1C, 0x0E, 0x07, 0x03, 0x82, 0xC3, 0x71, 0x1F, 0x87,
    0x80, 0x20, 0x27, 0x0C, 0x77, 0x07, 0xC0, 0x70, 0x00, 0x00, 0x00, 0x7E, 0x18, 0xE6, 0x0D, 0xC1, 0xB0, 0x3E, 0x03,
    0xC0, 0x38, 0x07, 0x00, 0xE0, 0x1C, 0x03, 0x80, 0x70, 0x0E, 0x01, 0xC0, 0x58, 0x1B, 0x83, 0x30, 0x67, 0x1C, 0x3F,
    0x80, 0x00, 0x5C, 0x33, 0xB8, 0x7C, 0x0E, 0x00, 0x00, 0x00, 0x7C, 0x33, 0x1C, 0xC6, 0x11, 0x84, 0xE0, 0x38, 0x0E,
    0x03, 0x80, 0xE0, 0x98, 0x67, 0x10, 0xFC, 0x1E, 0x00, 0x00, 0x00, 0xE1, 0x81, 0xDC, 0x03, 0xE0, 0x07, 0x00, 0x00,
    0x00, 0x00, 0x3F, 0xF0, 0x38, 0xE0, 0xE1, 0xC3, 0x83, 0x0E, 0x0E, 0x38, 0x38, 0xE0, 0xE3, 0x81, 0x8E, 0x06, 0x38,
    0x1C, 0xE0, 0x73, 0x81, 0x8E, 0x06, 0x38, 0x38, 0xE0, 0xE3, 0x83, 0x8E, 0x0C, 0x38, 0x70, 0xE3, 0x8F, 0xF8, 0x00,
    0x00, 0x1C, 0x03, 0x70, 0x3D, 0x80, 0x36, 0x00, 0xD8, 0x03, 0x60, 0x0C, 0x03, 0xF0, 0x39, 0xC0, 0xC3, 0x07, 0x0C,
    0x18, 0x30, 0x60, 0xC1, 0x83, 0x0E, 0x0C, 0x18, 0x30, 0x60, 0xC1, 0x83, 0x67, 0x1D, 0x0C, 0x7C, 0x1E, 0xF0, 0xFF,
    0xC0, 0xE3, 0x83, 0x87, 0x0E, 0x0C, 0x38, 0x38, 0xE0, 0xE3, 0x83, 0x8E, 0x06, 0x38, 0x1B, 0xFC, 0x73, 0x81, 0xCE,
    0x06, 0x38, 0x18, 0xE0, 0xE3, 0x83, 0x8E, 0x0E, 0x38, 0x30, 0xE1, 0xC3, 0x8E, 0x3F, 0xE0, 0x01, 0xC0, 0x1E, 0x00,
    0x30, 0x1F, 0xE0, 0x0C, 0x00, 0x60, 0x3F, 0x07, 0x38, 0x30, 0xC3, 0x86, 0x18, 0x30, 0xC1, 0x86, 0x0C, 0x70, 0x61,
    0x83, 0x0C, 0x18, 0x60, 0xDB, 0x8E, 0x8C, 0x7C, 0x3D, 0xE0, 0x3F, 0xC0, 0x00, 0x00, 0x00, 0x00, 0xFF, 0xE3, 0x8E,
    0x38, 0x63, 0x86, 0x38, 0x23, 0x82, 0x39, 0x83, 0x98, 0x39, 0x83, 0xF8, 0x39, 0x83, 0x98, 0x39, 0x83, 0x80, 0x38,
    0x33, 0x83, 0x38, 0x33, 0x87, 0x38, 0xEF, 0xFE, 0x7F, 0x80, 0x00, 0x00, 0x00, 0x1F, 0x0C, 0xE7, 0x19, 0x86, 0x63,
    0xBF, 0xEE, 0x03, 0x80, 0xE0, 0x18, 0x26, 0x09, 0xC6, 0x3F, 0x07, 0x80, 0x06, 0x00, 0xF0, 0x07, 0x00, 0x00, 0x00,
    0x0F, 0xFE, 0x38, 0xE3, 0x86, 0x38, 0x63, 0x82, 0x38, 0x23, 0x98, 0x39, 0x83, 0x98, 0x3F, 0x83, 0x98, 0x39, 0x83,
    0x98, 0x38, 0x03, 0x83, 0x38, 0x33, 0x83, 0x38, 0x73, 0x8E, 0xFF, 0xE0, 0x0E, 0x07, 0x03, 0x80, 0x00, 0x00, 0xF8,
    0xCE, 0xE3, 0x61, 0xB1, 0xFF, 0xFC, 0x0E, 0x07, 0x01, 0x82, 0xC1, 0x71, 0x9F, 0x87, 0x80, 0xFF, 0xE3, 0x8E, 0x38,
    0x63, 0x86, 0x38, 0x23, 0x82, 0x39, 0x83, 0x98, 0x39, 0x83, 0xF8, 0x39, 0x83, 0x98, 0x39, 0x83, 0x80, 0x38, 0x33,
    0x83, 0x38, 0x33, 0x87, 0x38, 0xEF, 0xFE, 0x00, 0xC0, 0x18, 0x01, 0x80, 0x30, 0x01, 0xA0, 0x1E, 0x1F, 0x19, 0xDC,
    0x6C, 0x36, 0x3F, 0xFF, 0x81, 0xC0, 0xE0, 0x30, 0x58, 0x2E, 0x33, 0xF0, 0xF0, 0x30, 0x30, 0x18, 0x08, 0x06, 0x83,
    0xC0, 0x20, 0x03, 0x0C, 0x1D, 0xC0, 0xF8, 0x0F, 0x00, 0x00, 0x00, 0x0F, 0xFE, 0x38, 0xE3, 0x86, 0x38, 0x63, 0x82,
    0x38, 0x23, 0x98, 0x39, 0x83, 0x98, 0x3F, 0x83, 0x98, 0x39, 0x83, 0x98, 0x38, 0x03, 0x83, 0x38, 0x33, 0x83, 0x38,
    0x73, 0x8E, 0xFF, 0xE0, 0x40, 0x18, 0x73, 0xB8, 0x7C, 0x0E, 0x00, 0x00, 0x00, 0x7C, 0x33, 0x9C, 0x66, 0x19, 0x8E,
    0xFF, 0xB8, 0x0E, 0x03, 0x80, 0x60, 0x98, 0x27, 0x18, 0xFC, 0x1E, 0x00, 0x10, 0x20, 0xC7, 0x07, 0xF0, 0x1F, 0x00,
    0x00, 0x00, 0x00, 0x3F, 0x83, 0x1C, 0x30, 0x63, 0x83, 0x18, 0x09, 0xC0, 0x4E, 0x00, 0x70, 0x03, 0x80, 0x1C, 0x3F,
    0xE0, 0x67, 0x03, 0x38, 0x19, 0xC0, 0xCE, 0x06, 0x30, 0x31, 0xC1, 0x86, 0x0C, 0x38, 0xE0, 0x7F, 0x00, 0x60, 0x8E,
    0x30, 0xFE, 0x0F, 0x80, 0x1E, 0x03, 0xC7, 0xD1, 0x9C, 0x71, 0x8E, 0x39, 0xC7, 0x38, 0xE7, 0x18, 0x77, 0x07, 0xC0,
    0xC0, 0x30, 0x0E, 0x01, 0xFE, 0x1F, 0xE7, 0x1E, 0xC1, 0xF0, 0x3F, 0x06, 0xE1, 0x8F, 0xE0, 0x03, 0x00, 0x3C, 0x01,
    0xC0, 0x00, 0x00, 0x00, 0x07, 0xF0, 0x63, 0x86, 0x0C, 0x70, 0x63, 0x01, 0x38, 0x09, 0xC0, 0x0E, 0x00, 0x70, 0x03,
    0x87, 0xFC, 0x0C, 0xE0, 0x67, 0x03, 0x38, 0x19, 0xC0, 0xC6, 0x06, 0x38, 0x30, 0xC1, 0x87, 0x1C, 0x0F, 0xE0, 0x0E,
    0x01, 0xC0, 0x38, 0x00, 0xF0, 0x1E, 0x3E, 0x8C, 0xE3, 0x8C, 0x71, 0xCE, 0x39, 0xC7, 0x38, 0xC3, 0xB8, 0x3E, 0x06,
    0x01, 0x80, 0x70, 0x0F, 0xF0, 0xFF, 0x38, 0xF6, 0x0F, 0x81, 0xF8, 0x37, 0x0C, 0x7F, 0x00, 0x0F, 0xE0, 0xC7, 0x0C,
    0x18, 0xE0, 0xC6, 0x02, 0x70, 0x13, 0x80, 0x1C, 0x00, 0xE0, 0x07, 0x0F, 0xF8, 0x19, 0xC0, 0xCE, 0x06, 0x70, 0x33,
    0x81, 0x8C, 0x0C, 0x70, 0x61, 0x83, 0x0E, 0x38, 0x1F, 0xC0, 0x00, 0x00, 0x00, 0x1C, 0x00, 0xF0, 0x03, 0x80, 0x08,
    0x00, 0xC0, 0x0C, 0x00, 0x40, 0x00, 0x02, 0x00, 0xC0, 0x30, 0x06, 0x01, 0xC0, 0x1C, 0x03, 0x80, 0x0F, 0x01, 0xE3,
    0xE8, 0xCE, 0x38, 0xC7, 0x1C, 0xE3, 0x9C, 0x73, 0x8C, 0x3B, 0x83, 0xE0, 0x60, 0x18, 0x07, 0x00, 0xFF, 0x0F, 0xF3,
    0x8F, 0x60, 0xF8, 0x1F, 0x83, 0x70, 0xC7, 0xF0, 0xFE, 0xFC, 0x70, 0x70, 0xE0, 0xE1, 0xC1, 0xC3, 0x83, 0x9F, 0xFF,
    0xCE, 0x0E, 0x1C, 0x1C, 0x38, 0x38, 0x7F, 0xF0, 0xE0, 0xE1, 0xC1, 0xC3, 0x83, 0x87, 0x07, 0x0E, 0x0E, 0x1C, 0x1C,
    0x38, 0x38, 0x70, 0x70, 0xE0, 0xE7, 0xE7, 0xE0, 0x70, 0x07, 0x80, 0x0C, 0x01, 0xFE, 0x03, 0x00, 0x18, 0x00, 0xDF,
    0x07, 0x9C, 0x38, 0xE1, 0x87, 0x0C, 0x38, 0x61, 0xC3, 0x0E, 0x18, 0x70, 0xC3, 0x86, 0x1C, 0x30, 0xE1, 0x87, 0x0C,
    0x39, 0xFB, 0xF0, 0xFF, 0x80, 0x00, 0x00, 0x07, 0xE0, 0xE0, 0x70, 0x38, 0x1C, 0x0E, 0x07, 0x03, 0x81, 0xC0, 0xE0,
    0x70, 0x38, 0x1C, 0x0E, 0x07, 0x03, 0x81, 0xC0, 0xE0, 0x70, 0xFC, 0xFF, 0x00, 0x00, 0x00, 0x18, 0x78, 0x38, 0x18,
    0x18, 0x18, 0x18, 0x18, 0x18, 0x18, 0x18, 0x18, 0x18, 0x7E, 0xFC, 0x70, 0xE1, 0xC3, 0x87, 0x0E, 0x1C, 0x38, 0x70,
    0xE1, 0xC3, 0x87, 0x0E, 0x1C, 0x38, 0x70, 0xE7, 0xE3, 0x0C, 0x18, 0x60, 0xC8, 0xF0, 0x31, 0xE3, 0x00, 0x00, 0xCF,
    0x1C, 0x30, 0xC3, 0x0C, 0x30, 0xC3, 0x0C, 0x30, 0xCF, 0xCE, 0x21, 0x86, 0x1A, 0x78, 0x38, 0x70, 0xE0, 0x00, 0x1F,
    0x8E, 0x1C, 0x38, 0x70, 0xE1, 0xC3, 0x87, 0x0E, 0x1C, 0x38, 0x70, 0xE1, 0xC3, 0x87, 0x0E, 0x1C, 0xFC, 0x33, 0xC7,
    0x0C, 0x30, 0xC3, 0x0C, 0x30, 0xC3, 0x0C, 0x33, 0xF0, 0xFD, 0xF9, 0xC3, 0x0E, 0x18, 0x70, 0xC3, 0x86, 0x1C, 0x30,
    0xE1, 0x87, 0x0C, 0x38, 0x61, 0xC3, 0x0E, 0x18, 0x70, 0xC3, 0x86, 0x1C, 0x30, 0xE1, 0x87, 0x0C, 0x38, 0x61, 0xC3,
    0x0E, 0x19, 0xF8, 0xC0, 0x06, 0x00, 0x30, 0x01, 0x80, 0xCC, 0x07, 0xC0, 0x3C, 0x00, 0x30, 0xEF, 0x3C, 0xC3, 0x00,
    0x00, 0x00, 0x00, 0x0C, 0x17, 0x9E, 0x71, 0xC6, 0x18, 0xC3, 0x18, 0x63, 0x0C, 0x61, 0x8C, 0x31, 0x86, 0x30, 0xC6,
    0x18, 0xC3, 0x7E, 0x60, 0x0C, 0x01, 0x80, 0x30, 0x66, 0x0F, 0x81, 0xE0, 0xFC, 0xFC, 0xE1, 0x83, 0x86, 0x0E, 0x30,
    0x39, 0x80, 0xE6, 0x03, 0xB0, 0x0F, 0x80, 0x3E, 0x00, 0xFC, 0x03, 0xF0, 0x0E, 0xE0, 0x3B, 0x80, 0xE7, 0x03, 0x9C,
    0x0E, 0x38, 0x38, 0xE0, 0xE1, 0xC3, 0x87, 0x3F, 0x3F, 0x00, 0x00, 0x00, 0x00, 0x38, 0x00, 0xE0, 0x03, 0x80, 0x06,
    0x00, 0x10, 0x00, 0xC0, 0x02, 0x00, 0x30, 0x07, 0x80, 0x0C, 0x00, 0x60, 0x03, 0x00, 0x18, 0x00, 0xCF, 0xC6, 0x18,
    0x31, 0x81, 0x98, 0x0D, 0x80, 0x7C, 0x03, 0xF0, 0x1B, 0x80, 0xCE, 0x06, 0x70, 0x31, 0xC1, 0x8E, 0x0C, 0x39, 0xFB,
    0xE0, 0x00, 0x00, 0x00, 0x1C, 0x00, 0xE0, 0x07, 0x00, 0x18, 0x01, 0x80, 0x0C, 0x00, 0xC0, 0x00, 0x0E, 0x07, 0xC1,
    0xE0, 0x70, 0x00, 0x00, 0x00, 0x3F, 0x01, 0xC0, 0x38, 0x07, 0x00, 0xE0, 0x1C, 0x03, 0x80, 0x70, 0x0E, 0x01, 0xC0,
    0x38, 0x07, 0x00, 0xE0, 0x1C, 0x13, 0x86, 0x70, 0xCE, 0x19, 0xC3, 0x38, 0xFF, 0xFC, 0x0E, 0x7D, 0xE7, 0x08, 0x07,
    0x1E, 0x0C, 0x18, 0x30, 0x60, 0xC1, 0x83, 0x06, 0x0C, 0x18, 0x30, 0x60, 0xC1, 0x83, 0x06, 0x0C, 0x7E, 0xFC, 0x07,
    0x00, 0xE0, 0x1C, 0x03, 0x80, 0x70, 0x0E, 0x01, 0xC0, 0x38, 0x07, 0x00, 0xE0, 0x1C, 0x03, 0x80, 0x70, 0x4E, 0x19,
    0xC3, 0x38, 0x67, 0x0C, 0xE3, 0xFF, 0xF0, 0x00, 0x00, 0x03, 0x80, 0x70, 0x06, 0x00, 0xC0, 0x18, 0x06, 0x00, 0x80,
    0x73, 0xC3, 0x0C, 0x30, 0xC3, 0x0C, 0x30, 0xC3, 0x0C, 0x30, 0xC3, 0x0C, 0x30, 0xC3, 0x3F, 0x00, 0x03, 0x1E, 0x38,
    0x63, 0x08, 0x40, 0xFC, 0xC7, 0x18, 0xE3, 0x1C, 0x63, 0x8C, 0x71, 0x0E, 0x01, 0xC0, 0x38, 0x07, 0x00, 0xE0, 0x1C,
    0x03, 0x80, 0x70, 0x4E, 0x19, 0xC3, 0x38, 0x67, 0x0C, 0xE3, 0xFF, 0xF0, 0x07, 0x77, 0xF6, 0x36, 0x36, 0x36, 0x30,
    0x30, 0x30, 0x30, 0x30, 0x30, 0x30, 0x30, 0x30, 0x30, 0x30, 0x30, 0x30, 0x30, 0xFC, 0xFC, 0x07, 0x00, 0xE0, 0x1C,
    0x03, 0x80, 0x70, 0x0E, 0x01, 0xD0, 0x3E, 0x07, 0x81, 0xE0, 0x7C, 0x03, 0x80, 0x70, 0x4E, 0x19, 0xC3, 0x38, 0x67,
    0x0C, 0xE3, 0xFF, 0xF0, 0x38, 0x78, 0x38, 0x38, 0x38, 0x38, 0x38, 0x38, 0x3E, 0x3C, 0x38, 0xF8, 0xB8, 0x38, 0x38,
    0x38, 0x38, 0x38, 0x38, 0x7E, 0x00, 0xE0, 0x07, 0xC0, 0x1E, 0x00, 0x70, 0x00, 0x80, 0x00, 0x00, 0x3E, 0x1F, 0x1C,
    0x0C, 0x3C, 0x18, 0x78, 0x30, 0xF8, 0x61, 0xF0, 0xC3, 0xF1, 0x86, 0xE3, 0x0D, 0xE6, 0x19, 0xCC, 0x33, 0xD8, 0x63,
    0xB0, 0xC7, 0x61, 0x87, 0xC3, 0x0F, 0x86, 0x0F, 0x0C, 0x1E, 0x18, 0x1C, 0x30, 0x39, 0xF0, 0x70, 0x01, 0xC0, 0x3E,
    0x03, 0xC0, 0x38, 0x00, 0x00, 0x00, 0x00, 0xDF, 0x1F, 0x9C, 0x38, 0xE1, 0x87, 0x0C, 0x38, 0x61, 0xC3, 0x0E, 0x18,
    0x70, 0xC3, 0x86, 0x1C, 0x30, 0xE1, 0x87, 0x0C, 0x39, 0xFB, 0xF0, 0xF8, 0x7C, 0x70, 0x30, 0xF0, 0x61, 0xE0, 0xC3,
    0xE1, 0x87, 0xC3, 0x0F, 0xC6, 0x1B, 0x8C, 0x37, 0x98, 0x67, 0x30, 0xCF, 0x61, 0x8E, 0xC3, 0x1D, 0x86, 0x1F, 0x0C,
    0x3E, 0x18, 0x3C, 0x30, 0x78, 0x60, 0x70, 0xC0, 0xE7, 0xC1, 0xC0, 0x00, 0x00, 0x00, 0x00, 0xE0, 0x01, 0xC0, 0x03,
    0x80, 0x03, 0x00, 0x04, 0x00, 0x18, 0x00, 0x20, 0x00, 0x37, 0xC7, 0xE7, 0x0E, 0x38, 0x61, 0xC3, 0x0E, 0x18, 0x70,
    0xC3, 0x86, 0x1C, 0x30, 0xE1, 0x87, 0x0C, 0x38, 0x61, 0xC3, 0x0E, 0x7E, 0xFC, 0x00, 0x00, 0x00, 0x07, 0x00, 0x38,
    0x01, 0xC0, 0x06, 0x00, 0x30, 0x03, 0x00, 0x10, 0x00, 0x10, 0x00, 0x30, 0xE0, 0x3B, 0x80, 0x3E, 0x00, 0x38, 0x00,
    0x00, 0x00, 0x00, 0x7C, 0x3E, 0x38, 0x18, 0x78, 0x30, 0xF0, 0x61, 0xF0, 0xC3, 0xE1, 0x87, 0xE3, 0x0D, 0xC6, 0x1B,
    0xCC, 0x33, 0x98, 0x67, 0xB0, 0xC7, 0x61, 0x8E, 0xC3, 0x0F, 0x86, 0x1F, 0x0C, 0x1E, 0x18, 0x3C, 0x30, 0x38, 0x60,
    0x73, 0xE0, 0xE0, 0x20, 0x01, 0x87, 0x07, 0x70, 0x1F, 0x00, 0x70, 0x00, 0x00, 0x00, 0x06, 0xF8, 0xFC, 0xE1, 0xC7,
    0x0C, 0x38, 0x61, 0xC3, 0x0E, 0x18, 0x70, 0xC3, 0x86, 0x1C, 0x30, 0xE1, 0x87, 0x0C, 0x38, 0x61, 0xCF, 0xDF, 0x80,
    0xF8, 0x7C, 0x70, 0x30, 0xF0, 0x61, 0xE0, 0xC3, 0xE1, 0x87, 0xC3, 0x0F, 0xC6, 0x1B, 0x8C, 0x37, 0x98, 0x67, 0x30,
    0xCE, 0x61, 0x8E, 0xC3, 0x1D, 0x86, 0x1F, 0x0C, 0x3E, 0x18, 0x3C, 0x30, 0x78, 0x60, 0x70, 0xC0, 0xE7, 0xC1, 0xC0,
    0x03, 0x00, 0x06, 0x00, 0x0C, 0x00, 0xD8, 0x03, 0xE0, 0x03, 0x80, 0x37, 0xDF, 0xFD, 0xE3, 0x98, 0x73, 0x0E, 0x61,
    0xCC, 0x39, 0x87, 0x30, 0xE6, 0x1C, 0xC3, 0x98, 0x73, 0x0F, 0xF9, 0xC0, 0x38, 0x07, 0x00, 0xE0, 0xD8, 0x1F, 0x03,
    0xC0, 0x3F, 0xE0, 0x00, 0x00, 0x00, 0x00, 0x00, 0xF8, 0x1C, 0x60, 0xC1, 0x8E, 0x0C, 0x60, 0x77, 0x01, 0xB8, 0x0D,
    0xC0, 0x7E, 0x03, 0xF0, 0x1F, 0x80, 0xFC, 0x07, 0xE0, 0x3F, 0x01, 0xB8, 0x0C, 0xC0, 0xE7, 0x06, 0x18, 0x30, 0x63,
    0x01, 0xF0, 0x7F, 0xC0, 0x00, 0x00, 0x00, 0x01, 0xF0, 0x63, 0x1C, 0x73, 0x06, 0x60, 0xDC, 0x1F, 0x83, 0xF0, 0x7E,
    0x0E, 0xC1, 0x98, 0x33, 0x8E, 0x31, 0x83, 0xE0, 0x06, 0x60, 0x77, 0x07, 0x70, 0x33, 0x00, 0x00, 0x00, 0x00, 0x3E,
    0x07, 0x18, 0x30, 0x63, 0x83, 0x18, 0x1D, 0xC0, 0x6E, 0x03, 0x70, 0x1F, 0x80, 0xFC, 0x07, 0xE0, 0x3F, 0x01, 0xF8,
    0x0F, 0xC0, 0x6E, 0x03, 0x30, 0x39, 0xC1, 0x86, 0x0C, 0x18, 0xC0, 0x7C, 0x00, 0x0C, 0xC3, 0xB8, 0x67, 0x19, 0x80,
    0x00, 0x00, 0x07, 0xC1, 0x8C, 0x71, 0xCC, 0x19, 0x83, 0x70, 0x7E, 0x0F, 0xC1, 0xF8, 0x3B, 0x06, 0x60, 0xCE, 0x38,
    0xC6, 0x0F, 0x80, 0x0F, 0xFF, 0xC3, 0x1E, 0x38, 0xC1, 0xC3, 0x30, 0x38, 0x66, 0x07, 0x05, 0xC0, 0xE0, 0xB8, 0x1C,
    0x47, 0x03, 0x98, 0xE0, 0x73, 0x1C, 0x0F, 0xE3, 0x81, 0xCC, 0x70, 0x39, 0x8E, 0x07, 0x31, 0xC0, 0xE0, 0x38, 0x1C,
    0x1B, 0x03, 0x83, 0x60, 0x70, 0x66, 0x0E, 0x1C, 0xE3, 0xC7, 0x87, 0xFF, 0xE0, 0x1F, 0x1E, 0x18, 0xD9, 0x9C, 0x78,
    0xEC, 0x1C, 0x76, 0x0E, 0x3F, 0x07, 0xFF, 0x83, 0x81, 0xC1, 0xC0, 0xE0, 0xE0, 0x30, 0x70, 0x58, 0x38, 0x6E, 0x3E,
    0x23, 0x1F, 0xF0, 0xF9, 0xF0, 0x01, 0xC0, 0x07, 0x80, 0x1E, 0x00, 0x70, 0x00, 0x00, 0x00, 0x00, 0x3F, 0xF0, 0x1C,
    0x70, 0x38, 0x70, 0x70, 0xE0, 0xE1, 0xC1, 0xC3, 0x83, 0x87, 0x07, 0x0E, 0x0E, 0x18, 0x1C, 0xE0, 0x3F, 0x80, 0x73,
    0x80, 0xE3, 0x01, 0xC7, 0x03, 0x8E, 0x07, 0x1C, 0x0E, 0x18, 0x1C, 0x38, 0x38, 0x71, 0xFC, 0x78, 0x07, 0x0F, 0x8F,
    0x0E, 0x04, 0x00, 0x00, 0xDC, 0xFF, 0xFB, 0x9C, 0x0C, 0x06, 0x03, 0x01, 0x80, 0xC0, 0x60, 0x30, 0x18, 0x0C, 0x1F,
    0x80, 0xFF, 0xC0, 0x71, 0xC0, 0xE1, 0xC1, 0xC3, 0x83, 0x87, 0x07, 0x0E, 0x0E, 0x1C, 0x1C, 0x38, 0x38, 0x60, 0x73,
    0x80, 0xFE, 0x01, 0xCE, 0x03, 0x8C, 0x07, 0x1C, 0x0E, 0x38, 0x1C, 0x70, 0x38, 0x60, 0x70, 0xE0, 0xE1, 0xC7, 0xF1,
    0xE0, 0x00, 0x00, 0x00, 0x00, 0xE0, 0x01, 0xC0, 0x03, 0x80, 0x03, 0x00, 0x06, 0x00, 0x18, 0x00, 0x20, 0x00, 0x37,
    0x3F, 0xFE, 0xE7, 0x03, 0x01, 0x80, 0xC0, 0x60, 0x30, 0x18, 0x0C, 0x06, 0x03, 0x07, 0xE0, 0x00, 0x00, 0x30, 0x3C,
    0x0E, 0x03, 0x03, 0x03, 0x01, 0x00, 0x00, 0x00, 0x30, 0xC0, 0x77, 0x00, 0x7C, 0x00, 0x78, 0x00, 0x00, 0x00, 0x00,
    0x7F, 0xE0, 0x38, 0xE0, 0x70, 0xE0, 0xE1, 0xC1, 0xC3, 0x83, 0x87, 0x07, 0x0E, 0x0E, 0x1C, 0x1C, 0x30, 0x39, 0xC0,
    0x7F, 0x00, 0xE7, 0x01, 0xC6, 0x03, 0x8E, 0x07, 0x1C, 0x0E, 0x38, 0x1C, 0x30, 0x38, 0x70, 0x70, 0xE3, 0xF8, 0xF0,
    0x40, 0x18, 0x73, 0xB8, 0x7C, 0x0E, 0x00, 0x00, 0x00, 0x6E, 0x3F, 0xDF, 0x71, 0xC0, 0x60, 0x18, 0x06, 0x01, 0x80,
    0x60, 0x18, 0x06, 0x01, 0x80, 0x60, 0x7E, 0x00, 0x03, 0x83, 0xE1, 0xE0, 0xE0, 0x20, 0x00, 0x03, 0xF1, 0x9E, 0xC3,
    0xB0, 0x6C, 0x1B, 0x86, 0xF0, 0x1E, 0x03, 0xC0, 0x78, 0x0F, 0x01, 0xE0, 0x38, 0x06, 0x81, 0xB0, 0x6C, 0x1B, 0x06,
    0xE3, 0x3F, 0x80, 0x07, 0x1E, 0x3C, 0x70, 0x40, 0x00, 0x3E, 0x66, 0x66, 0xE2, 0x70, 0x78, 0x3C, 0x1E, 0x0F, 0x47,
    0xC3, 0xC3, 0xE6, 0x7C, 0x3F, 0x19, 0xEC, 0x3B, 0x06, 0xC1, 0xB8, 0x6F, 0x01, 0xE0, 0x3C, 0x07, 0x80, 0xF0, 0x1E,
    0x03, 0x80, 0x68, 0x1B, 0x06, 0xC1, 0xB0, 0x6E, 0x33, 0xF8, 0x08, 0x03, 0x00, 0xE0, 0xD8, 0x36, 0x07, 0x00, 0x3E,
    0x66, 0x66, 0xE2, 0x70, 0x78, 0x3C, 0x1E, 0x0F, 0x47, 0xC3, 0xC3, 0xE6, 0x7C, 0x18, 0x1C, 0x1C, 0x66, 0x6C, 0x3C,
    0x40, 0x18, 0x73, 0xB8, 0x7C, 0x0E, 0x00, 0x00, 0x00, 0xFC, 0x67, 0xB0, 0xEC, 0x1B, 0x06, 0xE1, 0xBC, 0x07, 0x80,
    0xF0, 0x1E, 0x03, 0xC0, 0x78, 0x0E, 0x01, 0xA0, 0x6C, 0x1B, 0x06, 0xC1, 0xB8, 0xCF, 0xE0, 0x40, 0x18, 0x73, 0xB8,
    0x7C, 0x0E, 0x00, 0x00, 0x00, 0x7C, 0x33, 0x0C, 0xC7, 0x10, 0xE0, 0x3C, 0x07, 0x80, 0xF0, 0x1E, 0x23, 0x98, 0x66,
    0x19, 0xCC, 0x3E, 0x00, 0x20, 0x01, 0x87, 0x07, 0x70, 0x1F, 0x00, 0x70, 0x00, 0x00, 0x00, 0x1F, 0xFE, 0xE7, 0x76,
    0x39, 0xB1, 0xC5, 0x8E, 0x28, 0x71, 0x03, 0x80, 0x1C, 0x00, 0xE0, 0x07, 0x00, 0x38, 0x01, 0xC0, 0x0E, 0x00, 0x70,
    0x03, 0x80, 0x1C, 0x00, 0xE0, 0x07, 0x00, 0x38, 0x07, 0xF0, 0x03, 0x03, 0x03, 0x13, 0x32, 0x32, 0x70, 0xFC, 0x70,
    0x70, 0x70, 0x70, 0x70, 0x70, 0x70, 0x70, 0x72, 0x76, 0x76, 0x3C, 0x3C, 0x0F, 0xF0, 0x00, 0x00, 0x00, 0x00, 0x00,
    0x0F, 0xE7, 0xC7, 0x03, 0x0E, 0x06, 0x1C, 0x0C, 0x38, 0x18, 0x70, 0x30, 0xE0, 0x61, 0xC0, 0xC3, 0x81, 0x87, 0x03,
    0x0E, 0x06, 0x1C, 0x0C, 0x38, 0x18, 0x70, 0x30, 0xE0, 0x61, 0xC0, 0xC3, 0x81, 0x03, 0x06, 0x07, 0x18, 0x03, 0xE0,
    0x3F, 0xC0, 0x00, 0x00, 0x00, 0x00, 0xF1, 0xE7, 0x0E, 0x30, 0xE3, 0x0E, 0x30, 0xE3, 0x0E, 0x30, 0xE3, 0x0E, 0x30,
    0xE3, 0x0E, 0x30, 0xE3, 0x0E, 0x39, 0xF3, 0xEC, 0x08, 0x30, 0x18, 0xE0, 0x3F, 0x80, 0x3E, 0x00, 0x00, 0x00, 0x00,
    0x3F, 0x9F, 0x1C, 0x0C, 0x38, 0x18, 0x70, 0x30, 0xE0, 0x61, 0xC0, 0xC3, 0x81, 0x87, 0x03, 0x0E, 0x06, 0x1C, 0x0C,
    0x38, 0x18, 0x70, 0x30, 0xE0, 0x61, 0xC0, 0xC3, 0x81, 0x87, 0x03, 0x0E, 0x04, 0x0C, 0x18, 0x1C, 0x60, 0x0F, 0x80,
    0x20, 0x43, 0x1C, 0x3F, 0x81, 0xF0, 0x00, 0x00, 0x00, 0xF1, 0xE7, 0x0E, 0x30, 0xE3, 0x0E, 0x30, 0xE3, 0x0E, 0x30,
    0xE3, 0x0E, 0x30, 0xE3, 0x0E, 0x30, 0xE3, 0x0E, 0x39, 0xF3, 0xEC, 0x03, 0xC0, 0x0C, 0xC0, 0x11, 0x80, 0x23, 0x00,
    0x66, 0x00, 0x78, 0x00, 0x00, 0x7F, 0x3E, 0x38, 0x18, 0x70, 0x30, 0xE0, 0x61, 0xC0, 0xC3, 0x81, 0x87, 0x03, 0x0E,
    0x06, 0x1C, 0x0C, 0x38, 0x18, 0x70, 0x30, 0xE0, 0x61, 0xC0, 0xC3, 0x81, 0x87, 0x03, 0x0E, 0x06, 0x1C, 0x08, 0x18,
    0x30, 0x38, 0xC0, 0x1F, 0x00, 0x0F, 0x01, 0x98, 0x11, 0x81, 0x18, 0x19, 0x80, 0xF0, 0x00, 0x0F, 0x1E, 0x70, 0xE3,
    0x0E, 0x30, 0xE3, 0x0E, 0x30, 0xE3, 0x0E, 0x30, 0xE3, 0x0E, 0x30, 0xE3, 0x0E, 0x30, 0xE3, 0x9F, 0x3E, 0xC0, 0x03,
    0xB8, 0x0F, 0x70, 0x1D, 0xC0, 0x77, 0x00, 0x00, 0x00, 0x00, 0x3F, 0x9F, 0x1C, 0x0C, 0x38, 0x18, 0x70, 0x30, 0xE0,
    0x61, 0xC0, 0xC3, 0x81, 0x87, 0x03, 0x0E, 0x06, 0x1C, 0x0C, 0x38, 0x18, 0x70, 0x30, 0xE0, 0x61, 0xC0, 0xC3, 0x81,
    0x87, 0x03, 0x0E, 0x04, 0x0C, 0x18, 0x1C, 0x60, 0x0F, 0x80, 0x0E, 0xE0, 0xEE, 0x1D, 0xC3, 0x98, 0x00, 0x00, 0x00,
    0xF1, 0xE7, 0x0E, 0x30, 0xE3, 0x0E, 0x30, 0xE3, 0x0E, 0x30, 0xE3, 0x0E, 0x30, 0xE3, 0x0E, 0x30, 0xE3, 0x0E, 0x39,
    0xF3, 0xEC, 0xFE, 0x7C, 0x70, 0x30, 0xE0, 0x61, 0xC0, 0xC3, 0x81, 0x87, 0x03, 0x0E, 0x06, 0x1C, 0x0C, 0x38, 0x18,
    0x70, 0x30, 0xE0, 0x61, 0xC0, 0xC3, 0x81, 0x87, 0x03, 0x0E, 0x06, 0x1C, 0x0C, 0x38, 0x10, 0x30, 0x60, 0x71, 0x80,
    0x3E, 0x00, 0x18, 0x00, 0x60, 0x01, 0x80, 0x03, 0x00, 0x06, 0xC0, 0x07, 0x00, 0xF1, 0xE7, 0x0E, 0x30, 0xE3, 0x0E,
    0x30, 0xE3, 0x0E, 0x30, 0xE3, 0x0E, 0x30, 0xE3, 0x0E, 0x30, 0xE3, 0x0E, 0x39, 0xF3, 0xEC, 0x01, 0x80, 0x30, 0x06,
    0x00, 0x60, 0x06, 0xC0, 0x38, 0x00, 0x70, 0x00, 0x0F, 0x80, 0x01, 0xDC, 0x00, 0x30, 0xE0, 0x02, 0x00, 0x00, 0x00,
    0x00, 0xFF, 0xFF, 0xE3, 0x9C, 0xCC, 0x38, 0xC8, 0xC3, 0x8F, 0x88, 0x18, 0xF8, 0x81, 0xCF, 0x18, 0x1C, 0x71, 0x81,
    0xC7, 0x10, 0x0C, 0x71, 0x00, 0xE7, 0x30, 0x0E, 0x73, 0x00, 0xE7, 0x20, 0x06, 0xFA, 0x00, 0x7F, 0xE0, 0x07, 0x9E,
    0x00, 0x79, 0xC0, 0x03, 0x9C, 0x00, 0x31, 0xC0, 0x03, 0x0C, 0x00, 0x30, 0x80, 0x00, 0xE0, 0x00, 0x7C, 0x00, 0x3B,
    0x80, 0x18, 0x70, 0x04, 0x00, 0x00, 0x00, 0x0F, 0xDF, 0x7C, 0xE3, 0x8C, 0x38, 0xE3, 0x0E, 0x38, 0xC1, 0x8E, 0x20,
    0x73, 0xC8, 0x1D, 0xF6, 0x03, 0x6D, 0x00, 0xD3, 0x40, 0x3C, 0xF0, 0x0F, 0x3C, 0x01, 0x86, 0x00, 0x61, 0x80, 0x18,
    0x60, 0x03, 0xC0, 0x0F, 0xC0, 0x3B, 0x80, 0x61, 0x80, 0x00, 0x00, 0x00, 0x3F, 0x0F, 0x9C, 0x0C, 0x38, 0x18, 0x30,
    0x20, 0x70, 0xC0, 0x61, 0x00, 0xE6, 0x00, 0xC8, 0x01, 0xF0, 0x03, 0xC0, 0x03, 0x80, 0x07, 0x00, 0x0E, 0x00, 0x1C,
    0x00, 0x38, 0x00, 0x70, 0x00, 0xE0, 0x01, 0xC0, 0x03, 0x80, 0x1F, 0xC0, 0x07, 0x00, 0x7C, 0x07, 0x70, 0x61, 0xC2,
    0x00, 0x00, 0x03, 0xF3, 0xC7, 0x0C, 0x38, 0x61, 0xC2, 0x06, 0x30, 0x39, 0x81, 0xC8, 0x06, 0x40, 0x3E, 0x01, 0xE0,
    0x07, 0x00, 0x38, 0x01, 0xC0, 0x0C, 0x00, 0x60, 0x03, 0x00, 0x10, 0x07, 0x80, 0x7C, 0x01, 0xC0, 0x00, 0x0E, 0x70,
    0x1C, 0xE0, 0x39, 0xC0, 0x00, 0x00, 0x00, 0x1F, 0x87, 0xCE, 0x06, 0x1C, 0x0C, 0x18, 0x10, 0x38, 0x60, 0x30, 0x80,
    0x73, 0x00, 0x64, 0x00, 0xF8, 0x01, 0xE0, 0x01, 0xC0, 0x03, 0x80, 0x07, 0x00, 0x0E, 0x00, 0x1C, 0x00, 0x38, 0x00,
    0x70, 0x00, 0xE0, 0x01, 0xC0, 0x0F, 0xE0, 0x01, 0xC0, 0xF8, 0x3C, 0x0E, 0x01, 0x00, 0x00, 0x1F, 0xFB, 0x87, 0x61,
    0xCC, 0x39, 0x06, 0x21, 0xC0, 0x38, 0x0E, 0x01, 0xC0, 0x70, 0x0E, 0x01, 0x80, 0x70, 0x0E, 0x03, 0x82, 0x70, 0xDC,
    0x1B, 0x83, 0xE0, 0xFF, 0xFC, 0x03, 0x81, 0xE1, 0xE0, 0xE0, 0x00, 0x00, 0x07, 0xF9, 0xCE, 0x63, 0x11, 0xC0, 0x60,
    0x38, 0x0C, 0x07, 0x01, 0x80, 0xE2, 0x30, 0x9C, 0x66, 0x3B, 0xFE, 0x07, 0x00, 0xE0, 0x1C, 0x00, 0x00, 0x00, 0xFF,
    0xDC, 0x3B, 0x0E, 0x61, 0xC8, 0x31, 0x0E, 0x01, 0xC0, 0x70, 0x0E, 0x03, 0x80, 0x70, 0x0C, 0x03, 0x80, 0x70, 0x1C,
    0x13, 0x86, 0xE0, 0xDC, 0x1F, 0x07, 0xFF, 0xE0, 0x0E, 0x03, 0x80, 0xE0, 0x00, 0x00, 0x1F, 0xE7, 0x39, 0x8C, 0x47,
    0x01, 0x80, 0xE0, 0x30, 0x1C, 0x06, 0x03, 0x88, 0xC2, 0x71, 0x98, 0xEF, 0xF8, 0x20, 0x06, 0x1C, 0x77, 0x07, 0xC0,
    0x70, 0x00, 0x00, 0x03, 0xFF, 0x70, 0xEC, 0x39, 0x87, 0x20, 0xC4, 0x38, 0x07, 0x01, 0xC0, 0x38, 0x0E, 0x01, 0xC0,
    0x30, 0x0E, 0x01, 0xC0, 0x70, 0x4E, 0x1B, 0x83, 0x70, 0x7C, 0x1F, 0xFF, 0x80, 0x40, 0x18, 0x73, 0xB8, 0x7C, 0x0E,
    0x00, 0x00, 0x01, 0xFE, 0x73, 0x98, 0xC4, 0x70, 0x18, 0x0E, 0x03, 0x01, 0xC0, 0x60, 0x38, 0x8C, 0x27, 0x19, 0x8E,
    0xFF, 0x80, 0x10, 0x00, 0x61, 0xC0, 0xEE, 0x01, 0xF0, 0x03, 0x80, 0x00, 0x00, 0x00, 0x00, 0xC0, 0x03, 0x00, 0x0C,
    0x00, 0x38, 0x01, 0xE0, 0x07, 0x80, 0x16, 0x00, 0x5C, 0x03, 0x70, 0x0C, 0xC0, 0x23, 0x00, 0x8E, 0x07, 0xF8, 0x18,
    0xE0, 0x41, 0x81, 0x07, 0x0C, 0x1C, 0x30, 0x70, 0xC0, 0xCF, 0x8F, 0xC0, 0x40, 0x0C, 0x38, 0xEE, 0x0F, 0x80, 0xE0,
    0x00, 0x00, 0x00, 0xF8, 0x33, 0x8E, 0x71, 0x8E, 0x31, 0xC0, 0x38, 0x1F, 0x07, 0xE1, 0xDC, 0x73, 0xBC, 0x77, 0x8F,
    0xB2, 0xF7, 0x9C, 0x3F, 0x19, 0xEC, 0x3B, 0x06, 0xC1, 0xB8, 0x6F, 0x01, 0xE0, 0x3C, 0x07, 0x80, 0xF0, 0x1E, 0x03,
    0x80, 0x68, 0x1B, 0x06, 0xC1, 0xB0, 0x6E, 0x33, 0xF8, 0x00, 0x00, 0x01, 0xC0, 0x70, 0x0C, 0x03, 0x00, 0xC0, 0x60,
    0x10, 0x00, 0x3E, 0x66, 0x66, 0xE2, 0x70, 0x78, 0x3C, 0x1E, 0x0F, 0x47, 0xC3, 0xC3, 0xE6, 0x7C, 0x00, 0x00, 0x38,
    0x3C, 0x1C, 0x08, 0x18, 0x30, 0x20, 0xFF, 0xF7, 0x3B, 0xB1, 0xCD, 0x8E, 0x2C, 0x71, 0x43, 0x88, 0x1C, 0x00, 0xE0,
    0x07, 0x00, 0x38, 0x01, 0xC0, 0x0E, 0x00, 0x70, 0x03, 0x80, 0x1C, 0x00, 0xE0, 0x07, 0x00, 0x38, 0x01, 0xC0, 0x3F,
    0x80, 0x00, 0x00, 0x00, 0x1C, 0x00, 0xE0, 0x07, 0x00, 0x18, 0x00, 0x80, 0x0C, 0x00, 0x40, 0x00, 0x10, 0x60, 0xC3,
    0x8F, 0xCE, 0x1C, 0x38, 0x70, 0xE1, 0xC3, 0x87, 0x0E, 0x5D, 0xBB, 0x3C, 0x78, 0x00, 0x01, 0x87, 0x87, 0x06, 0x18,
    0x20, 0x80, 0xE0, 0xF8, 0x3C, 0x0E, 0x02, 0x0E, 0x3C, 0xF7, 0x80, 0x00, 0x1C, 0x0F, 0x87, 0x73, 0x86, 0x00, 0x80,
    0x38, 0xDF, 0x36, 0xFB, 0x1E, 0xFF, 0x80, 0xC1, 0xB1, 0x9F, 0xC7, 0xC0, 0x6F, 0x60, 0x63, 0x7B, 0xD8, 0xE0, 0x3C,
    0xDB, 0x1E, 0x36, 0xC7, 0x80, 0x3B, 0x9D, 0xDD, 0xCC, 0xC0, 0x00, 0x00, 0xB8, 0x67, 0x70, 0xF8, 0x1C, 0x00, 0x13,
    0x64, 0xEF, 0x70, 0x77, 0x73, 0x66, 0x80, 0x00, 0xC3, 0x87, 0xCF, 0xB7, 0x80, 0x01, 0x98, 0x8C, 0x65, 0xC0, 0x07,
    0x00, 0x0F, 0x00, 0x0F, 0x00, 0x07, 0x00, 0x02, 0x00, 0x00, 0x3F, 0x0F, 0x9C, 0x0C, 0x38, 0x18, 0x30, 0x20, 0x70,
    0xC0, 0x61, 0x00, 0xE6, 0x00, 0xC8, 0x01, 0xF0, 0x03, 0xC0, 0x03, 0x80, 0x07, 0x00, 0x0E, 0x00, 0x1C, 0x00, 0x38,
    0x00, 0x70, 0x00, 0xE0, 0x01, 0xC0, 0x03, 0x80, 0x1F, 0xC0, 0x1C, 0x00, 0xF0, 0x03, 0xE0, 0x03, 0x80, 0x00, 0x00,
    0x03, 0xF3, 0xC7, 0x0C, 0x38, 0x61, 0xC2, 0x06, 0x30, 0x39, 0x81, 0xC8, 0x06, 0x40, 0x3E, 0x01, 0xE0, 0x07, 0x00,
    0x38, 0x01, 0xC0, 0x0C, 0x00, 0x60, 0x03, 0x00, 0x10, 0x07, 0x80, 0x7C, 0x01, 0xC0, 0x00, 0xFF, 0xC0, 0xFF, 0xFF,
    0x03, 0x64, 0xEF, 0x70, 0x77, 0x73, 0x26, 0x00, 0x77, 0x73, 0x26, 0x00, 0x00, 0x33, 0x66, 0x44, 0xEE, 0xFF, 0x67,
    0x77, 0x77, 0x77, 0x33, 0x22, 0x66, 0x00, 0x77, 0x77, 0x77, 0x33, 0x22, 0x66, 0x00, 0x79, 0xE7, 0x9E, 0xE7, 0x7F,
    0xF7, 0xE7, 0x70, 0x3C, 0x04, 0x03, 0x30, 0x60, 0x19, 0x86, 0x00, 0xC6, 0x30, 0x0E, 0x33, 0x00, 0x71, 0x90, 0x01,
    0x8D, 0x80, 0x0C, 0xC8, 0x00, 0x76, 0xC0, 0x01, 0xEC, 0x00, 0x00, 0x6F, 0x78, 0x06, 0xDE, 0xE0, 0x26, 0x63, 0x03,
    0x63, 0x18, 0x33, 0x18, 0xC1, 0x98, 0xC6, 0x18, 0xC6, 0x30, 0x87, 0x31, 0x8C, 0x19, 0xDC, 0x40, 0x7B, 0xC0, 0x11,
    0x8C, 0xCE, 0x71, 0x8E, 0x30, 0x80, 0x43, 0x18, 0x63, 0x9C, 0xC6, 0x62, 0x00, 0x03, 0xF0, 0x33, 0x83, 0x0C, 0x38,
    0x61, 0x81, 0x0C, 0x08, 0xE0, 0x07, 0x00, 0xFF, 0xC1, 0xC0, 0x0E, 0x01, 0xFF, 0x03, 0x80, 0x1C, 0x00, 0x60, 0x63,
    0x83, 0x1C, 0x18, 0x61, 0xC1, 0x8E, 0x07, 0xE0, 0xFF, 0xF0,
};

static const EpdGlyph instrument_13Glyphs[] = {
    {0, 0, 74, 0, 0, 0, 0},           // U+0020
    {4, 20, 103, 1, 20, 10, 0},       // !
    {8, 7, 161, 1, 20, 7, 10},        // "
    {17, 20, 275, 0, 20, 43, 17},     // #
    {10, 26, 181, 1, 23, 33, 60},     // $
    {16, 20, 256, 0, 20, 40, 93},     // %
    {17, 20, 251, 0, 20, 43, 133},    // &
    {4, 7, 101, 1, 20, 4, 176},       // '
    {8, 24, 147, 1, 20, 24, 180},     // (
    {7, 24, 147, 1, 20, 21, 204},     // )
    {10, 9, 192, 1, 20, 12, 225},     // *
    {12, 13, 230, 1, 17, 20, 237},    // +
    {4, 8, 94, 1, 3, 4, 257},         // ,
    {8, 1, 186, 2, 8, 1, 261},        // -
    {4, 3, 92, 1, 3, 2, 262},         // .
    {7, 25, 112, 0, 21, 22, 264},     // /
    {12, 20, 199, 0, 20, 30, 286},    // 0
    {7, 20, 108, 0, 20, 18, 316},     // 1
    {11, 20, 175, 0, 20, 28, 334},    // 2
    {10, 20, 161, 0, 20, 25, 362},    // 3
    {11, 20, 170, 0, 20, 28, 387},    // 4
    {10, 20, 166, 0, 20, 25, 415},    // 5
    {11, 21, 175, 0, 21, 29, 440},    // 6
    {10, 20, 158, 0, 20, 25, 469},    // 7
    {11, 20, 188, 0, 20, 28, 494},    // 8
    {10, 20, 174, 0, 20, 25, 522},    // 9
    {4, 13, 92, 1, 13, 7, 547},       // :
    {4, 18, 94, 1, 13, 9, 554},       // ;
    {12, 10, 230, 1, 15, 15, 563},    // <
    {12, 7, 230, 1, 14, 11, 578},     // =
    {12, 10, 230, 1, 15, 15, 589},    // >
    {8, 20, 137, 0, 20, 20, 604},     // ?
    {16, 18, 286, 1, 16, 36, 624},    // @
    {14, 20, 198, -1, 20, 35, 660},   // A
    {13, 20, 207, 0, 20, 33, 695},    // B
    {11, 20, 208, 1, 20, 28, 728},    // C
    {14, 20, 230, 0, 20, 35, 756},    // D
    {12, 20, 196, 0, 20, 30, 791},    // E
    {11, 20, 177, 0, 20, 28, 821},    // F
    {13, 20, 226, 1, 20, 33, 849},    // G
    {15, 20, 237, 0, 20, 38, 882},    // H
    {7, 20, 108, 0, 20, 18, 920},     // I
    {9, 26, 108, -2, 20, 30, 938},    // J
    {14, 20, 215, 0, 20, 35, 968},    // K
    {11, 20, 179, 0, 20, 28, 1003},   // L
    {18, 20, 288, 0, 20, 45, 1031},   // M
    {15, 20, 234, 0, 20, 38, 1076},   // N
    {13, 20, 234, 1, 20, 33, 1114},   // O
    {12, 20, 202, 0, 20, 30, 1147},   // P
    {14, 26, 234, 1, 20, 46, 1177},   // Q
    {15, 20, 222, 0, 20, 38, 1223},   // R
    {10, 20, 176, 1, 20, 25, 1261},   // S
    {13, 20, 200, 0, 20, 33, 1286},   // T
    {15, 20, 232, 0, 20, 38, 1319},   // U
    {14, 20, 198, -1, 20, 35, 1357},  // V
    {20, 20, 282, -1, 20, 50, 1392},  // W
    {15, 20, 237, 0, 20, 38, 1442},   // X
    {15, 20, 207, -1, 20, 38, 1480},  // Y
    {11, 20, 185, 0, 20, 28, 1518},   // Z
    {6, 23, 141, 2, 20, 18, 1546},    // [
    {7, 25, 112, 0, 21, 22, 1564},    // <backslash>
    {6, 23, 141, 1, 20, 18, 1586},    // ]
    {10, 8, 188, 1, 20, 10, 1604},    // ^
    {10, 1, 163, 0, -2, 2, 1614},     // _
    {8, 5, 153, 1, 20, 5, 1616},      // `
    {11, 14, 173, 0, 14, 20, 1621},   // a
    {11, 20, 192, 0, 20, 28, 1641},   // b
    {9, 14, 147, 0, 14, 16, 1669},    // c
    {13, 20, 198, 0, 20, 33, 1685},   // d
    {9, 14, 154, 0, 14, 16, 1718},    // e
    {9, 20, 125, 0, 20, 23, 1734},    // f
    {11, 22, 174, 0, 16, 31, 1757},   // g
    {13, 20, 204, 0, 20, 33, 1788},   // h
    {6, 20, 97, 0, 20, 15, 1821},     // i
    {7, 26, 93, -2, 20, 23, 1836},    // j
    {13, 20, 195, 0, 20, 33, 1859},   // k
    {6, 20, 95, 0, 20, 15, 1892},     // l
    {19, 14, 305, 0, 14, 34, 1907},   // m
    {13, 14, 204, 0, 14, 23, 1941},   // n
    {11, 14, 177, 0, 14, 20, 1964},   // o
    {12, 20, 192, 0, 14, 30, 1984},   // p
    {12, 20, 191, 0, 14, 30, 2014},   // q
    {9, 14, 138, 0, 14, 16, 2044},    // r
    {8, 14, 133, 0, 14, 14, 2060},    // s
    {7, 18, 112, 0, 18, 16, 2074},    // t
    {12, 14, 197, 0, 14, 21, 2090},   // u
    {12, 14, 170, -1, 14, 21, 2111},  // v
    {18, 14, 259, -1, 14, 32, 2132},  // w
    {12, 14, 167, -1, 14, 21, 2164},  // x
    {13, 20, 174, -1, 14, 33, 2185},  // y
    {10, 14, 153, 0, 14, 18, 2218},   // z
    {6, 23, 138, 1, 20, 18, 2236},    // {
    {2, 25, 109, 2, 21, 7, 2254},     // |
    {7, 23, 138, 1, 20, 21, 2261},    // }
    {12, 4, 230, 1, 11, 6, 2282},     // ~
    {0, 0, 74, 0, 0, 0, 2288},        // U+00A0
    {4, 20, 103, 1, 14, 10, 2288},    // U+00A1
    {9, 20, 147, 0, 17, 23, 2298},    // U+00A2
    {13, 20, 225, 1, 20, 33, 2321},   // U+00A3
    {14, 20, 222, 0, 20, 35, 2354},   // U+00A5
    {9, 23, 163, 1, 20, 26, 2389},    // U+00A7
    {9, 3, 177, 1, 19, 4, 2415},      // U+00A8
    {21, 20, 360, 1, 20, 53, 2419},   // U+00A9
    {9, 11, 158, 0, 20, 13, 2472},    // U+00AA
    {9, 10, 178, 1, 12, 12, 2485},    // U+00AB
    {21, 20, 360, 1, 20, 53, 2497},   // U+00AE
    {9, 1, 178, 1, 18, 2, 2550},      // U+00AF
    {9, 8, 185, 1, 20, 9, 2552},      // U+00B0
    {7, 5, 153, 1, 20, 5, 2561},      // U+00B4
    {14, 23, 224, 0, 20, 41, 2566},   // U+00B6
    {3, 3, 45, 0, 12, 2, 2607},       // U+00B7
    {6, 7, 130, 1, 1, 6, 2609},       // U+00B8
    {8, 10, 159, 1, 20, 10, 2615},    // U+00BA
    {9, 10, 178, 1, 12, 12, 2625},    // U+00BB
    {8, 20, 137, 0, 14, 20, 2637},    // U+00BF
    {14, 26, 198, -1, 26, 46, 2657},  // U+00C0
    {14, 26, 198, -1, 26, 46, 2703},  // U+00C1
    {14, 26, 198, -1, 26, 46, 2749},  // U+00C2
    {14, 26, 198, -1, 26, 46, 2795},  // U+00C3
    {14, 25, 198, -1, 25, 44, 2841},  // U+00C4
    {14, 27, 198, -1, 27, 48, 2885},  // U+00C5
    {22, 20, 337, -1, 20, 55, 2933},  // U+00C6
    {11, 26, 208, 1, 20, 36, 2988},   // U+00C7
    {12, 26, 196, 0, 26, 39, 3024},   // U+00C8
    {12, 26, 196, 0, 26, 39, 3063},   // U+00C9
    {12, 26, 196, 0, 26, 39, 3102},   // U+00CA
    {12, 25, 196, 0, 25, 38, 3141},   // U+00CB
    {7, 26, 108, 0, 26, 23, 3179},    // U+00CC
    {7, 26, 108, 0, 26, 23, 3202},    // U+00CD
    {9, 26, 108, -1, 26, 30, 3225},   // U+00CE
    {9, 25, 108, -1, 25, 29, 3255},   // U+00CF
    {14, 20, 230, 0, 20, 35, 3284},   // U+00D0
    {15, 26, 234, 0, 26, 49, 3319},   // U+00D1
    {13, 26, 234, 1, 26, 43, 3368},   // U+00D2
    {13, 26, 234, 1, 26, 43, 3411},   // U+00D3
    {13, 26, 234, 1, 26, 43, 3454},   // U+00D4
    {13, 26, 234, 1, 26, 43, 3497},   // U+00D5
    {13, 25, 234, 1, 25, 41, 3540},   // U+00D6
    {11, 11, 230, 2, 16, 16, 3581},   // U+00D7
    {13, 24, 234, 1, 22, 39, 3597},   // U+00D8
    {15, 26, 232, 0, 26, 49, 3636},   // U+00D9
    {15, 26, 232, 0, 26, 49, 3685},   // U+00DA
    {15, 26, 232, 0, 26, 49, 3734},   // U+00DB
    {15, 25, 232, 0, 25, 47, 3783},   // U+00DC
    {15, 26, 207, -1, 26, 49, 3830},  // U+00DD
    {12, 20, 202, 0, 20, 30, 3879},   // U+00DE
    {12, 20, 192, 0, 20, 30, 3909},   // U+00DF
    {11, 20, 173, 0, 20, 28, 3939},   // U+00E0
    {11, 20, 173, 0, 20, 28, 3967},   // U+00E1
    {11, 20, 173, 0, 20, 28, 3995},   // U+00E2
    {11, 20, 173, 0, 20, 28, 4023},   // U+00E3
    {11, 19, 173, 0, 19, 27, 4051},   // U+00E4
    {11, 21, 173, 0, 21, 29, 4078},   // U+00E5
    {15, 14, 248, 0, 14, 27, 4107},   // U+00E6
    {9, 20, 147, 0, 14, 23, 4134},    // U+00E7
    {9, 20, 154, 0, 20, 23, 4157},    // U+00E8
    {9, 20, 154, 0, 20, 23, 4180},    // U+00E9
    {10, 20, 154, 0, 20, 25, 4203},   // U+00EA
    {10, 19, 154, 0, 19, 24, 4228},   // U+00EB
    {8, 20, 97, -1, 20, 20, 4252},    // U+00EC
    {8, 20, 97, -1, 20, 20, 4272},    // U+00ED
    {10, 20, 97, -2, 20, 25, 4292},   // U+00EE
    {8, 19, 97, -1, 19, 19, 4317},    // U+00EF
    {10, 21, 175, 0, 21, 27, 4336},   // U+00F0
    {13, 20, 204, 0, 20, 33, 4363},   // U+00F1
    {11, 20, 177, 0, 20, 28, 4396},   // U+00F2
    {11, 20, 177, 0, 20, 28, 4424},   // U+00F3
    {11, 20, 177, 0, 20, 28, 4452},   // U+00F4
    {11, 20, 177, 0, 20, 28, 4480},   // U+00F5
    {11, 19, 177, 0, 19, 27, 4508},   // U+00F6
    {12, 12, 230, 1, 16, 18, 4535},   // U+00F7
    {11, 17, 177, 0, 16, 24, 4553},   // U+00F8
    {12, 20, 197, 0, 20, 30, 4577},   // U+00F9
    {12, 20, 197, 0, 20, 30, 4607},   // U+00FA
    {12, 20, 197, 0, 20, 30, 4637},   // U+00FB
    {12, 19, 197, 0, 19, 29, 4667},   // U+00FC
    {13, 26, 174, -1, 20, 43, 4696},  // U+00FD
    {12, 26, 192, 0, 20, 39, 4739},   // U+00FE
    {13, 25, 174, -1, 19, 41, 4778},  // U+00FF
    {14, 24, 198, -1, 24, 42, 4819},  // U+0100
    {11, 18, 173, 0, 18, 25, 4861},   // U+0101
    {14, 26, 198, -1, 26, 46, 4886},  // U+0102
    {11, 20, 173, 0, 20, 28, 4932},   // U+0103
    {14, 26, 198, -1, 20, 46, 4960},  // U+0104
    {11, 20, 173, 0, 14, 28, 5006},   // U+0105
    {11, 26, 208, 1, 26, 36, 5034},   // U+0106
    {9, 20, 147, 0, 20, 23, 5070},    // U+0107
    {11, 25, 208, 1, 25, 35, 5093},   // U+010A
    {9, 19, 147, 0, 19, 22, 5128},    // U+010B
    {11, 27, 208, 1, 27, 38, 5150},   // U+010C
    {10, 21, 147, 0, 21, 27, 5188},   // U+010D
    {14, 27, 230, 0, 27, 48, 5215},   // U+010E
    {14, 21, 224, 0, 21, 37, 5263},   // U+010F
    {14, 20, 230, 0, 20, 35, 5300},   // U+0110
    {13, 20, 198, 0, 20, 33, 5335},   // U+0111
    {12, 24, 196, 0, 24, 36, 5368},   // U+0112
    {10, 18, 154, 0, 18, 23, 5404},   // U+0113
    {12, 25, 196, 0, 25, 38, 5427},   // U+0116
    {9, 19, 154, 0, 19, 22, 5465},    // U+0117
    {12, 26, 196, 0, 20, 39, 5487},   // U+0118
    {9, 20, 154, 0, 14, 23, 5526},    // U+0119
    {12, 27, 196, 0, 27, 41, 5549},   // U+011A
    {10, 21, 154, 0, 21, 27, 5590},   // U+011B
    {13, 26, 226, 1, 26, 43, 5617},   // U+011E
    {11, 26, 174, 0, 20, 36, 5660},   // U+011F
    {13, 25, 226, 1, 25, 41, 5696},   // U+0120
    {11, 25, 174, 0, 19, 35, 5737},   // U+0121
    {13, 29, 226, 1, 20, 48, 5772},   // U+0122
    {11, 29, 174, 0, 23, 40, 5820},   // U+0123
    {15, 20, 237, 0, 20, 38, 5860},   // U+0126
    {13, 20, 204, 0, 20, 33, 5898},   // U+0127
    {9, 24, 108, -1, 24, 27, 5931},   // U+012A
    {8, 18, 97, -1, 18, 18, 5958},    // U+012B
    {7, 26, 108, 0, 20, 23, 5976},    // U+012E
    {6, 25, 97, 0, 19, 19, 5999},     // U+012F
    {7, 25, 108, 0, 25, 22, 6018},    // U+0130
    {6, 14, 97, 0, 14, 11, 6040},     // U+0131
    {13, 26, 216, 0, 20, 43, 6051},   // U+0132
    {11, 26, 190, 0, 20, 36, 6094},   // U+0133
    {14, 29, 215, 0, 20, 51, 6130},   // U+0136
    {13, 29, 195, 0, 20, 48, 6181},   // U+0137
    {11, 26, 179, 0, 26, 36, 6229},   // U+0139
    {7, 25, 95, -1, 25, 22, 6265},    // U+013A
    {11, 29, 179, 0, 20, 40, 6287},   // U+013B
    {6, 29, 95, 0, 20, 22, 6327},     // U+013C
    {11, 20, 179, 0, 20, 28, 6349},   // U+013D
    {8, 21, 124, 0, 21, 21, 6377},    // U+013E
    {11, 20, 179, 0, 20, 28, 6398},   // U+0141
    {8, 20, 121, 0, 20, 20, 6426},    // U+0142
    {15, 26, 234, 0, 26, 49, 6446},   // U+0143
    {13, 20, 204, 0, 20, 33, 6495},   // U+0144
    {15, 29, 234, 0, 20, 55, 6528},   // U+0145
    {13, 23, 204, 0, 14, 38, 6583},   // U+0146
    {15, 27, 234, 0, 27, 51, 6621},   // U+0147
    {13, 21, 204, 0, 21, 35, 6672},   // U+0148
    {15, 26, 234, 0, 20, 49, 6707},   // U+014A
    {11, 20, 199, 0, 14, 28, 6756},   // U+014B
    {13, 24, 234, 1, 24, 39, 6784},   // U+014C
    {11, 18, 177, 0, 18, 25, 6823},   // U+014D
    {13, 26, 234, 1, 26, 43, 6848},   // U+0150
    {11, 20, 177, 0, 20, 28, 6891},   // U+0151
    {19, 20, 326, 1, 20, 48, 6919},   // U+0152
    {17, 14, 277, 0, 14, 30, 6967},   // U+0153
    {15, 26, 222, 0, 26, 49, 6997},   // U+0154
    {9, 20, 138, 0, 20, 23, 7046},    // U+0155
    {15, 29, 222, 0, 20, 55, 7069},   // U+0156
    {9, 23, 138, 0, 14, 26, 7124},    // U+0157
    {15, 27, 222, 0, 27, 51, 7150},   // U+0158
    {10, 21, 138, -1, 21, 27, 7201},  // U+0159
    {10, 26, 176, 1, 26, 33, 7228},   // U+015A
    {8, 20, 133, 0, 20, 20, 7261},    // U+015B
    {10, 26, 176, 1, 20, 33, 7281},   // U+015E
    {8, 20, 133, 0, 14, 20, 7314},    // U+015F
    {10, 27, 176, 1, 27, 34, 7334},   // U+0160
    {10, 21, 133, -1, 21, 27, 7368},  // U+0161
    {13, 27, 200, 0, 27, 44, 7395},   // U+0164
    {8, 21, 112, 0, 21, 21, 7439},    // U+0165
    {15, 24, 232, 0, 24, 45, 7460},   // U+016A
    {12, 18, 197, 0, 18, 27, 7505},   // U+016B
    {15, 26, 232, 0, 26, 49, 7532},   // U+016C
    {12, 20, 197, 0, 20, 30, 7581},   // U+016D
    {15, 27, 232, 0, 27, 51, 7611},   // U+016E
    {12, 21, 197, 0, 21, 32, 7662},   // U+016F
    {15, 26, 232, 0, 26, 49, 7694},   // U+0170
    {12, 20, 197, 0, 20, 30, 7743},   // U+0171
    {15, 26, 232, 0, 20, 49, 7773},   // U+0172
    {12, 20, 197, 0, 14, 30, 7822},   // U+0173
    {20, 26, 282, -1, 26, 65, 7852},  // U+0174
    {18, 20, 259, -1, 20, 45, 7917},  // U+0175
    {15, 26, 207, -1, 26, 49, 7962},  // U+0176
    {13, 26, 174, -1, 20, 43, 8011},  // U+0177
    {15, 25, 207, -1, 25, 47, 8054},  // U+0178
    {11, 26, 185, 0, 26, 36, 8101},   // U+0179
    {10, 20, 153, 0, 20, 25, 8137},   // U+017A
    {11, 25, 185, 0, 25, 35, 8162},   // U+017B
    {10, 19, 153, 0, 19, 24, 8197},   // U+017C
    {11, 27, 185, 0, 27, 38, 8221},   // U+017D
    {10, 21, 153, 0, 21, 27, 8259},   // U+017E
    {14, 27, 198, -1, 27, 48, 8286},  // U+01CD
    {11, 21, 173, 0, 21, 29, 8334},   // U+01CE
    {10, 29, 176, 1, 20, 37, 8363},   // U+0218
    {8, 23, 133, 0, 14, 23, 8400},    // U+0219
    {13, 29, 200, 0, 20, 48, 8423},   // U+021A
    {7, 27, 112, 0, 18, 24, 8471},    // U+021B
    {8, 5, 0, 1, 20, 5, 8495},        // U+0300
    {7, 5, 0, 1, 20, 5, 8500},        // U+0301
    {10, 5, 0, 1, 20, 7, 8505},       // U+0302
    {10, 4, 0, 1, 20, 5, 8512},       // U+0303
    {9, 1, 0, 1, 18, 2, 8517},        // U+0304
    {9, 4, 0, 1, 20, 5, 8519},        // U+0306
    {4, 3, 0, 1, 19, 2, 8524},        // U+0307
    {9, 3, 0, 1, 19, 4, 8526},        // U+0308
    {7, 6, 0, 1, 21, 6, 8530},        // U+030A
    {9, 5, 0, 1, 20, 6, 8536},        // U+030B
    {10, 5, 0, 1, 21, 7, 8542},       // U+030C
    {4, 7, 0, 1, 23, 4, 8549},        // U+0312
    {4, 7, 0, 1, -2, 4, 8553},        // U+0326
    {6, 7, 0, 1, 1, 6, 8557},         // U+0327
    {5, 7, 0, 1, 1, 5, 8563},         // U+0328
    {15, 26, 207, -1, 26, 49, 8568},  // U+1EF2
    {13, 26, 174, -1, 20, 43, 8617},  // U+1EF3
    {10, 1, 221, 2, 8, 2, 8660},      // U+2013
    {16, 1, 312, 2, 8, 2, 8662},      // U+2014
    {4, 7, 72, 0, 22, 4, 8664},       // U+2018
    {4, 7, 72, 0, 20, 4, 8668},       // U+2019
    {4, 7, 72, 0, 3, 4, 8672},        // U+201A
    {8, 7, 137, -1, 22, 7, 8676},     // U+201C
    {8, 7, 137, 0, 20, 7, 8683},      // U+201D
    {8, 7, 137, 0, 3, 7, 8690},       // U+201E
    {6, 4, 130, 1, 12, 3, 8697},      // U+2022
    {12, 3, 231, 1, 3, 5, 8700},      // U+2026
    {21, 20, 340, 0, 20, 53, 8705},   // U+2030
    {5, 10, 114, 1, 12, 7, 8758},     // U+2039
    {5, 10, 114, 1, 12, 7, 8765},     // U+203A
    {13, 20, 214, 0, 20, 33, 8772},   // U+20AC
    {12, 1, 230, 1, 11, 2, 8805},     // U+2212
};

static const EpdUnicodeInterval instrument_13Intervals[] = {
    {0x20, 0x7E, 0x0},       {0xA0, 0xA3, 0x5F},      {0xA5, 0xA5, 0x63},      {0xA7, 0xAB, 0x64},
    {0xAE, 0xB0, 0x69},      {0xB4, 0xB4, 0x6C},      {0xB6, 0xB8, 0x6D},      {0xBA, 0xBB, 0x70},
    {0xBF, 0x107, 0x72},     {0x10A, 0x113, 0xBB},    {0x116, 0x11B, 0xC5},    {0x11E, 0x123, 0xCB},
    {0x126, 0x127, 0xD1},    {0x12A, 0x12B, 0xD3},    {0x12E, 0x133, 0xD5},    {0x136, 0x137, 0xDB},
    {0x139, 0x13E, 0xDD},    {0x141, 0x148, 0xE3},    {0x14A, 0x14D, 0xEB},    {0x150, 0x15B, 0xEF},
    {0x15E, 0x161, 0xFB},    {0x164, 0x165, 0xFF},    {0x16A, 0x17E, 0x101},   {0x1CD, 0x1CE, 0x116},
    {0x218, 0x21B, 0x118},   {0x300, 0x304, 0x11C},   {0x306, 0x308, 0x121},   {0x30A, 0x30C, 0x124},
    {0x312, 0x312, 0x127},   {0x326, 0x328, 0x128},   {0x1EF2, 0x1EF3, 0x12B}, {0x2013, 0x2014, 0x12D},
    {0x2018, 0x201A, 0x12F}, {0x201C, 0x201E, 0x132}, {0x2022, 0x2022, 0x135}, {0x2026, 0x2026, 0x136},
    {0x2030, 0x2030, 0x137}, {0x2039, 0x203A, 0x138}, {0x20AC, 0x20AC, 0x13A}, {0x2212, 0x2212, 0x13B},
};

static const EpdKernClassEntry instrument_13KernLeftClasses[] = {
    {0x0020, 1},   // U+0020
    {0x0022, 2},   // "
    {0x0024, 3},   // $
    {0x0027, 2},   // '
    {0x0028, 4},   // (
    {0x002C, 5},   // ,
    {0x002D, 6},   // -
    {0x002E, 5},   // .
    {0x002F, 7},   // /
    {0x0030, 8},   // 0
    {0x0031, 9},   // 1
    {0x0033, 10},  // 3
    {0x0034, 11},  // 4
    {0x0035, 12},  // 5
    {0x0036, 13},  // 6
    {0x0037, 14},  // 7
    {0x0038, 15},  // 8
    {0x0039, 16},  // 9
    {0x0040, 17},  // @
    {0x0041, 18},  // A
    {0x0042, 19},  // B
    {0x0043, 20},  // C
    {0x0044, 21},  // D
    {0x0045, 22},  // E
    {0x0046, 23},  // F
    {0x0047, 24},  // G
    {0x0048, 25},  // H
    {0x0049, 25},  // I
    {0x004A, 26},  // J
    {0x004B, 27},  // K
    {0x004C, 28},  // L
    {0x004D, 29},  // M
    {0x004E, 30},  // N
    {0x004F, 21},  // O
    {0x0050, 31},  // P
    {0x0051, 21},  // Q
    {0x0052, 32},  // R
    {0x0053, 3},   // S
    {0x0054, 33},  // T
    {0x0055, 34},  // U
    {0x0056, 35},  // V
    {0x0057, 36},  // W
    {0x0058, 37},  // X
    {0x0059, 38},  // Y
    {0x005A, 39},  // Z
    {0x005B, 40},  // [
    {0x0061, 41},  // a
    {0x0062, 17},  // b
    {0x0063, 42},  // c
    {0x0064, 43},  // d
    {0x0065, 44},  // e
    {0x0066, 45},  // f
    {0x0067, 46},  // g
    {0x0068, 47},  // h
    {0x0069, 42},  // i
    {0x006A, 48},  // j
    {0x006B, 49},  // k
    {0x006C, 50},  // l
    {0x006D, 47},  // m
    {0x006E, 47},  // n
    {0x006F, 17},  // o
    {0x0070, 17},  // p
    {0x0071, 51},  // q
    {0x0072, 52},  // r
    {0x0073, 53},  // s
    {0x0074, 54},  // t
    {0x0075, 55},  // u
    {0x0076, 56},  // v
    {0x0077, 57},  // w
    {0x0078, 58},  // x
    {0x0079, 59},  // y
    {0x007A, 60},  // z
    {0x007B, 40},  // {
    {0x00A1, 61},  // U+00A1
    {0x00A2, 42},  // U+00A2
    {0x00A5, 38},  // U+00A5
    {0x00BF, 62},  // U+00BF
    {0x00C0, 18},  // U+00C0
    {0x00C1, 18},  // U+00C1
    {0x00C2, 18},  // U+00C2
    {0x00C3, 18},  // U+00C3
    {0x00C4, 18},  // U+00C4
    {0x00C5, 18},  // U+00C5
    {0x00C6, 22},  // U+00C6
    {0x00C7, 20},  // U+00C7
    {0x00C8, 22},  // U+00C8
    {0x00C9, 22},  // U+00C9
    {0x00CA, 22},  // U+00CA
    {0x00CB, 22},  // U+00CB
    {0x00CC, 25},  // U+00CC
    {0x00CD, 25},  // U+00CD
    {0x00CE, 25},  // U+00CE
    {0x00CF, 25},  // U+00CF
    {0x00D0, 21},  // U+00D0
    {0x00D1, 30},  // U+00D1
    {0x00D2, 21},  // U+00D2
    {0x00D3, 21},  // U+00D3
    {0x00D4, 21},  // U+00D4
    {0x00D5, 21},  // U+00D5
    {0x00D6, 21},  // U+00D6
    {0x00D8, 21},  // U+00D8
    {0x00D9, 34},  // U+00D9
    {0x00DA, 34},  // U+00DA
    {0x00DB, 34},  // U+00DB
    {0x00DC, 34},  // U+00DC
    {0x00DD, 38},  // U+00DD
    {0x00DF, 53},  // U+00DF
    {0x00E0, 41},  // U+00E0
    {0x00E1, 41},  // U+00E1
    {0x00E2, 41},  // U+00E2
    {0x00E3, 41},  // U+00E3
    {0x00E4, 41},  // U+00E4
    {0x00E5, 41},  // U+00E5
    {0x00E6, 44},  // U+00E6
    {0x00E7, 42},  // U+00E7
    {0x00E8, 44},  // U+00E8
    {0x00E9, 44},  // U+00E9
    {0x00EA, 44},  // U+00EA
    {0x00EB, 44},  // U+00EB
    {0x00EC, 42},  // U+00EC
    {0x00ED, 42},  // U+00ED
    {0x00EE, 42},  // U+00EE
    {0x00EF, 42},  // U+00EF
    {0x00F0, 17},  // U+00F0
    {0x00F1, 47},  // U+00F1
    {0x00F2, 17},  // U+00F2
    {0x00F3, 17},  // U+00F3
    {0x00F4, 17},  // U+00F4
    {0x00F5, 17},  // U+00F5
    {0x00F6, 17},  // U+00F6
    {0x00F8, 17},  // U+00F8
    {0x00F9, 55},  // U+00F9
    {0x00FA, 55},  // U+00FA
    {0x00FB, 55},  // U+00FB
    {0x00FC, 55},  // U+00FC
    {0x00FD, 59},  // U+00FD
    {0x00FE, 17},  // U+00FE
    {0x00FF, 59},  // U+00FF
    {0x0100, 18},  // U+0100
    {0x0101, 41},  // U+0101
    {0x0102, 18},  // U+0102
    {0x0103, 41},  // U+0103
    {0x0104, 18},  // U+0104
    {0x0105, 41},  // U+0105
    {0x0106, 20},  // U+0106
    {0x0107, 42},  // U+0107
    {0x010A, 20},  // U+010A
    {0x010B, 42},  // U+010B
    {0x010C, 20},  // U+010C
    {0x010D, 42},  // U+010D
    {0x010E, 21},  // U+010E
    {0x010F, 63},  // U+010F
    {0x0110, 21},  // U+0110
    {0x0111, 43},  // U+0111
    {0x0112, 22},  // U+0112
    {0x0113, 44},  // U+0113
    {0x0116, 22},  // U+0116
    {0x0117, 44},  // U+0117
    {0x0118, 22},  // U+0118
    {0x0119, 44},  // U+0119
    {0x011A, 22},  // U+011A
    {0x011B, 44},  // U+011B
    {0x011E, 24},  // U+011E
    {0x011F, 46},  // U+011F
    {0x0120, 24},  // U+0120
    {0x0121, 46},  // U+0121
    {0x0122, 24},  // U+0122
    {0x0123, 46},  // U+0123
    {0x0126, 25},  // U+0126
    {0x0127, 47},  // U+0127
    {0x012A, 25},  // U+012A
    {0x012B, 42},  // U+012B
    {0x012E, 25},  // U+012E
    {0x012F, 42},  // U+012F
    {0x0130, 25},  // U+0130
    {0x0131, 42},  // U+0131
    {0x0132, 26},  // U+0132
    {0x0133, 48},  // U+0133
    {0x0136, 27},  // U+0136
    {0x0137, 49},  // U+0137
    {0x0139, 28},  // U+0139
    {0x013A, 50},  // U+013A
    {0x013B, 28},  // U+013B
    {0x013C, 50},  // U+013C
    {0x013D, 28},  // U+013D
    {0x013E, 63},  // U+013E
    {0x0141, 28},  // U+0141
    {0x0142, 50},  // U+0142
    {0x0143, 30},  // U+0143
    {0x0144, 47},  // U+0144
    {0x0145, 30},  // U+0145
    {0x0146, 47},  // U+0146
    {0x0147, 30},  // U+0147
    {0x0148, 47},  // U+0148
    {0x014A, 30},  // U+014A
    {0x014B, 48},  // U+014B
    {0x014C, 21},  // U+014C
    {0x014D, 17},  // U+014D
    {0x0150, 21},  // U+0150
    {0x0151, 17},  // U+0151
    {0x0152, 22},  // U+0152
    {0x0153, 44},  // U+0153
    {0x0154, 32},  // U+0154
    {0x0155, 64},  // U+0155
    {0x0156, 32},  // U+0156
    {0x0157, 64},  // U+0157
    {0x0158, 32},  // U+0158
    {0x0159, 64},  // U+0159
    {0x015A, 3},   // U+015A
    {0x015B, 53},  // U+015B
    {0x015E, 3},   // U+015E
    {0x015F, 53},  // U+015F
    {0x0160, 3},   // U+0160
    {0x0161, 53},  // U+0161
    {0x0164, 33},  // U+0164
    {0x0165, 65},  // U+0165
    {0x016A, 34},  // U+016A
    {0x016B, 55},  // U+016B
    {0x016C, 34},  // U+016C
    {0x016D, 55},  // U+016D
    {0x016E, 34},  // U+016E
    {0x016F, 55},  // U+016F
    {0x0170, 34},  // U+0170
    {0x0171, 55},  // U+0171
    {0x0172, 34},  // U+0172
    {0x0173, 55},  // U+0173
    {0x0174, 36},  // U+0174
    {0x0175, 57},  // U+0175
    {0x0176, 38},  // U+0176
    {0x0177, 59},  // U+0177
    {0x0178, 38},  // U+0178
    {0x0179, 39},  // U+0179
    {0x017A, 60},  // U+017A
    {0x017B, 39},  // U+017B
    {0x017C, 60},  // U+017C
    {0x017D, 39},  // U+017D
    {0x017E, 60},  // U+017E
    {0x01CD, 18},  // U+01CD
    {0x01CE, 41},  // U+01CE
    {0x0218, 3},   // U+0218
    {0x0219, 53},  // U+0219
    {0x021A, 33},  // U+021A
    {0x021B, 54},  // U+021B
    {0x1EF2, 38},  // U+1EF2
    {0x1EF3, 59},  // U+1EF3
    {0x2013, 6},   // U+2013
    {0x2014, 6},   // U+2014
    {0x2018, 66},  // U+2018
    {0x2019, 67},  // U+2019
    {0x201A, 5},   // U+201A
    {0x201C, 66},  // U+201C
    {0x201D, 67},  // U+201D
    {0x201E, 5},   // U+201E
    {0x2026, 5},   // U+2026
    {0x20AC, 20},  // U+20AC
};

static const EpdKernClassEntry instrument_13KernRightClasses[] = {
    {0x0021, 1},   // !
    {0x0022, 2},   // "
    {0x0024, 3},   // $
    {0x0027, 2},   // '
    {0x0029, 4},   // )
    {0x002C, 5},   // ,
    {0x002D, 6},   // -
    {0x002E, 5},   // .
    {0x002F, 7},   // /
    {0x0030, 8},   // 0
    {0x0032, 9},   // 2
    {0x0033, 10},  // 3
    {0x0034, 11},  // 4
    {0x0035, 12},  // 5
    {0x0036, 13},  // 6
    {0x0037, 14},  // 7
    {0x0038, 15},  // 8
    {0x003A, 16},  // :
    {0x003B, 16},  // ;
    {0x003F, 17},  // ?
    {0x0040, 18},  // @
    {0x0041, 19},  // A
    {0x0042, 20},  // B
    {0x0043, 21},  // C
    {0x0044, 20},  // D
    {0x0045, 20},  // E
    {0x0046, 20},  // F
    {0x0047, 21},  // G
    {0x0048, 20},  // H
    {0x0049, 20},  // I
    {0x004A, 22},  // J
    {0x004B, 20},  // K
    {0x004C, 20},  // L
    {0x004D, 23},  // M
    {0x004E, 24},  // N
    {0x004F, 21},  // O
    {0x0050, 20},  // P
    {0x0051, 21},  // Q
    {0x0052, 20},  // R
    {0x0053, 3},   // S
    {0x0054, 25},  // T
    {0x0055, 26},  // U
    {0x0056, 27},  // V
    {0x0057, 28},  // W
    {0x0058, 29},  // X
    {0x0059, 30},  // Y
    {0x005A, 31},  // Z
    {0x005D, 32},  // ]
    {0x0060, 33},  // `
    {0x0061, 34},  // a
    {0x0062, 35},  // b
    {0x0063, 18},  // c
    {0x0064, 18},  // d
    {0x0065, 18},  // e
    {0x0066, 36},  // f
    {0x0067, 37},  // g
    {0x0068, 38},  // h
    {0x0069, 39},  // i
    {0x006A, 40},  // j
    {0x006B, 38},  // k
    {0x006C, 38},  // l
    {0x006D, 41},  // m
    {0x006E, 41},  // n
    {0x006F, 42},  // o
    {0x0070, 41},  // p
    {0x0071, 18},  // q
    {0x0072, 41},  // r
    {0x0073, 43},  // s
    {0x0074, 44},  // t
    {0x0075, 45},  // u
    {0x0076, 46},  // v
    {0x0077, 47},  // w
    {0x0078, 48},  // x
    {0x0079, 49},  // y
    {0x007A, 50},  // z
    {0x007D, 32},  // }
    {0x00A2, 18},  // U+00A2
    {0x00A5, 30},  // U+00A5
    {0x00C0, 19},  // U+00C0
    {0x00C1, 19},  // U+00C1
    {0x00C2, 19},  // U+00C2
    {0x00C3, 19},  // U+00C3
    {0x00C4, 19},  // U+00C4
    {0x00C5, 19},  // U+00C5
    {0x00C7, 21},  // U+00C7
    {0x00C8, 20},  // U+00C8
    {0x00C9, 20},  // U+00C9
    {0x00CA, 20},  // U+00CA
    {0x00CB, 20},  // U+00CB
    {0x00CC, 20},  // U+00CC
    {0x00CD, 20},  // U+00CD
    {0x00CE, 20},  // U+00CE
    {0x00CF, 20},  // U+00CF
    {0x00D0, 20},  // U+00D0
    {0x00D1, 24},  // U+00D1
    {0x00D2, 21},  // U+00D2
    {0x00D3, 21},  // U+00D3
    {0x00D4, 21},  // U+00D4
    {0x00D5, 21},  // U+00D5
    {0x00D6, 21},  // U+00D6
    {0x00D8, 21},  // U+00D8
    {0x00D9, 26},  // U+00D9
    {0x00DA, 26},  // U+00DA
    {0x00DB, 26},  // U+00DB
    {0x00DC, 26},  // U+00DC
    {0x00DD, 30},  // U+00DD
    {0x00DE, 20},  // U+00DE
    {0x00DF, 36},  // U+00DF
    {0x00E0, 34},  // U+00E0
    {0x00E1, 34},  // U+00E1
    {0x00E2, 34},  // U+00E2
    {0x00E3, 34},  // U+00E3
    {0x00E4, 34},  // U+00E4
    {0x00E5, 34},  // U+00E5
    {0x00E6, 34},  // U+00E6
    {0x00E7, 18},  // U+00E7
    {0x00E8, 18},  // U+00E8
    {0x00E9, 18},  // U+00E9
    {0x00EA, 18},  // U+00EA
    {0x00EB, 18},  // U+00EB
    {0x00EC, 39},  // U+00EC
    {0x00ED, 39},  // U+00ED
    {0x00EE, 39},  // U+00EE
    {0x00EF, 39},  // U+00EF
    {0x00F0, 18},  // U+00F0
    {0x00F1, 41},  // U+00F1
    {0x00F2, 18},  // U+00F2
    {0x00F3, 18},  // U+00F3
    {0x00F4, 18},  // U+00F4
    {0x00F5, 18},  // U+00F5
    {0x00F6, 18},  // U+00F6
    {0x00F8, 18},  // U+00F8
    {0x00F9, 45},  // U+00F9
    {0x00FA, 45},  // U+00FA
    {0x00FB, 45},  // U+00FB
    {0x00FC, 45},  // U+00FC
    {0x00FD, 49},  // U+00FD
    {0x00FE, 38},  // U+00FE
    {0x00FF, 49},  // U+00FF
    {0x0100, 19},  // U+0100
    {0x0101, 34},  // U+0101
    {0x0102, 19},  // U+0102
    {0x0103, 34},  // U+0103
    {0x0104, 19},  // U+0104
    {0x0105, 34},  // U+0105
    {0x0106, 21},  // U+0106
    {0x0107, 18},  // U+0107
    {0x010A, 21},  // U+010A
    {0x010B, 18},  // U+010B
    {0x010C, 21},  // U+010C
    {0x010D, 18},  // U+010D
    {0x010E, 20},  // U+010E
    {0x010F, 18},  // U+010F
    {0x0110, 20},  // U+0110
    {0x0111, 18},  // U+0111
    {0x0112, 20},  // U+0112
    {0x0113, 18},  // U+0113
    {0x0116, 20},  // U+0116
    {0x0117, 18},  // U+0117
    {0x0118, 20},  // U+0118
    {0x0119, 18},  // U+0119
    {0x011A, 20},  // U+011A
    {0x011B, 18},  // U+011B
    {0x011E, 21},  // U+011E
    {0x011F, 51},  // U+011F
    {0x0120, 21},  // U+0120
    {0x0121, 51},  // U+0121
    {0x0122, 21},  // U+0122
    {0x0123, 51},  // U+0123
    {0x0126, 20},  // U+0126
    {0x0127, 38},  // U+0127
    {0x012A, 20},  // U+012A
    {0x012B, 39},  // U+012B
    {0x012E, 20},  // U+012E
    {0x012F, 39},  // U+012F
    {0x0130, 20},  // U+0130
    {0x0131, 39},  // U+0131
    {0x0132, 20},  // U+0132
    {0x0133, 39},  // U+0133
    {0x0136, 20},  // U+0136
    {0x0137, 38},  // U+0137
    {0x0139, 20},  // U+0139
    {0x013A, 38},  // U+013A
    {0x013B, 20},  // U+013B
    {0x013C, 38},  // U+013C
    {0x013D, 20},  // U+013D
    {0x013E, 38},  // U+013E
    {0x0141, 20},  // U+0141
    {0x0142, 38},  // U+0142
    {0x0143, 24},  // U+0143
    {0x0144, 41},  // U+0144
    {0x0145, 24},  // U+0145
    {0x0146, 41},  // U+0146
    {0x0147, 24},  // U+0147
    {0x0148, 41},  // U+0148
    {0x014A, 24},  // U+014A
    {0x014B, 41},  // U+014B
    {0x014C, 21},  // U+014C
    {0x014D, 18},  // U+014D
    {0x0150, 21},  // U+0150
    {0x0151, 18},  // U+0151
    {0x0152, 21},  // U+0152
    {0x0153, 18},  // U+0153
    {0x0154, 20},  // U+0154
    {0x0155, 41},  // U+0155
    {0x0156, 20},  // U+0156
    {0x0157, 41},  // U+0157
    {0x0158, 20},  // U+0158
    {0x0159, 41},  // U+0159
    {0x015A, 3},   // U+015A
    {0x015B, 43},  // U+015B
    {0x015E, 3},   // U+015E
    {0x015F, 43},  // U+015F
    {0x0160, 3},   // U+0160
    {0x0161, 43},  // U+0161
    {0x0164, 25},  // U+0164
    {0x0165, 44},  // U+0165
    {0x016A, 26},  // U+016A
    {0x016B, 45},  // U+016B
    {0x016C, 26},  // U+016C
    {0x016D, 45},  // U+016D
    {0x016E, 26},  // U+016E
    {0x016F, 45},  // U+016F
    {0x0170, 26},  // U+0170
    {0x0171, 45},  // U+0171
    {0x0172, 26},  // U+0172
    {0x0173, 45},  // U+0173
    {0x0174, 28},  // U+0174
    {0x0175, 47},  // U+0175
    {0x0176, 30},  // U+0176
    {0x0177, 49},  // U+0177
    {0x0178, 30},  // U+0178
    {0x0179, 31},  // U+0179
    {0x017A, 50},  // U+017A
    {0x017B, 31},  // U+017B
    {0x017C, 50},  // U+017C
    {0x017D, 31},  // U+017D
    {0x017E, 50},  // U+017E
    {0x01CD, 19},  // U+01CD
    {0x01CE, 34},  // U+01CE
    {0x0218, 3},   // U+0218
    {0x0219, 43},  // U+0219
    {0x021A, 25},  // U+021A
    {0x021B, 44},  // U+021B
    {0x1EF2, 30},  // U+1EF2
    {0x1EF3, 49},  // U+1EF3
    {0x2013, 6},   // U+2013
    {0x2014, 6},   // U+2014
    {0x2018, 52},  // U+2018
    {0x2019, 53},  // U+2019
    {0x201A, 5},   // U+201A
    {0x201C, 52},  // U+201C
    {0x201D, 53},  // U+201D
    {0x201E, 5},   // U+201E
    {0x2026, 5},   // U+2026
};

static const int8_t instrument_13KernMatrix[] = {
    0,   0,   0,   0,   -22, 0,   0,   0,   0,   0,   0,   0,   0,   0,   0,   0,   0,   0,   0,   0,   0,   0,   0,
    0,   0,   0,   0,   0,   0,   0,   0,   0,   0,   0,   0,   0,   0,   0,   0,   0,   0,   0,   0,   0,   0,   0,
    0,   0,   0,   0,   0,   0,   0,   0,   0,   0,   0,   0,   0,   0,   -10, 0,   0,   -23, -8,  0,   0,   -8,  0,
    0,   -17, -35, 0,   -13, 0,   0,   0,   13,  0,   9,   9,   0,   9,   0,   0,   0,   -9,  0,   -9,  -26, 0,   0,
    0,   -9,  -17, -17, 4,   0,   9,   9,   0,   9,   0,   -26, 0,   0,   0,   -4,  0,   0,   0,   0,   13,  0,   0,
    0,   0,   0,   0,   0,   0,   0,   0,   0,   0,   -3,  0,   0,   0,   0,   -3,  -3,  -3,  -3,  -16, -3,  0,   0,
    0,   0,   0,   0,   0,   0,   0,   0,   0,   0,   0,   0,   -3,  -9,  -9,  -9,  -9,  -3,  0,   0,   -4,  0,   0,
    0,   0,   0,   0,   0,   0,   0,   0,   0,   0,   0,   0,   0,   0,   0,   0,   0,   9,   0,   9,   9,   9,   9,
    9,   9,   9,   9,   9,   0,   0,   0,   0,   9,   0,   13,  9,   0,   35,  0,   0,   0,   9,   9,   9,   9,   9,
    0,   9,   13,  0,   0,   0,   0,   0,   0,   0,   0,   0,   0,   0,   0,   0,   0,   0,   0,   0,   0,   0,   -12,
    0,   0,   -14, 0,   0,   0,   -16, 0,   -23, -23, 0,   -24, 0,   0,   0,   0,   0,   0,   0,   0,   0,   0,   0,
    -12, 0,   0,   0,   -23, -23, 0,   -23, 0,   0,   0,   -30, 0,   0,   0,   0,   0,   0,   0,   0,   0,   -8,  0,
    -16, 0,   -12, 0,   0,   0,   0,   -8,  0,   0,   0,   0,   0,   -23, 0,   -12, -12, -23, -21, 0,   0,   0,   0,
    0,   -5,  0,   0,   0,   0,   0,   0,   0,   0,   0,   -6,  -6,  -7,  -6,  0,   0,   0,   0,   0,   0,   13,  0,
    0,   0,   0,   0,   0,   0,   0,   0,   0,   0,   0,   0,   0,   0,   -9,  9,   9,   9,   9,   9,   26,  13,  13,
    13,  0,   13,  0,   0,   0,   -12, 16,  0,   -9,  16,  0,   0,   -4,  0,   0,   0,   0,   0,   0,   0,   0,   0,
    -9,  0,   0,   0,   -10, 0,   0,   0,   0,   0,   0,   -3,  0,   0,   0,   0,   -8,  0,   0,   0,   0,   0,   0,
    0,   0,   0,   0,   0,   0,   0,   0,   0,   0,   0,   0,   0,   0,   0,   0,   0,   0,   0,   0,   0,   0,   0,
    0,   0,   0,   0,   0,   0,   0,   0,   0,   0,   0,   -8,  0,   0,   0,   0,   0,   0,   0,   0,   0,   0,   0,
    -8,  0,   0,   0,   0,   0,   0,   0,   0,   0,   0,   0,   0,   0,   0,   0,   0,   0,   0,   0,   0,   0,   0,
    0,   0,   0,   0,   0,   0,   0,   0,   0,   0,   0,   0,   0,   0,   0,   0,   0,   0,   -9,  0,   0,   -14, 0,
    0,   0,   0,   0,   0,   0,   0,   -8,  0,   0,   0,   0,   0,   0,   0,   0,   0,   0,   0,   0,   0,   0,   0,
    0,   0,   0,   0,   0,   0,   0,   0,   0,   0,   0,   0,   0,   0,   0,   0,   0,   0,   0,   0,   0,   0,   0,
    0,   0,   -8,  0,   0,   -4,  0,   0,   0,   0,   0,   0,   0,   0,   -6,  0,   0,   0,   0,   0,   0,   0,   0,
    0,   0,   0,   0,   0,   0,   0,   0,   0,   0,   0,   0,   0,   0,   0,   0,   0,   0,   0,   0,   0,   0,   0,
    0,   0,   0,   0,   0,   0,   0,   0,   0,   5,   0,   0,   -14, 0,   0,   0,   0,   0,   0,   0,   0,   -8,  0,
    0,   0,   0,   0,   0,   0,   0,   0,   0,   0,   0,   0,   0,   0,   0,   0,   0,   0,   0,   0,   0,   0,   0,
    0,   0,   0,   0,   0,   0,   0,   0,   0,   0,   0,   0,   0,   0,   0,   0,   0,   0,   0,   -5,  0,   0,   0,
    0,   0,   0,   0,   0,   0,   0,   0,   0,   0,   0,   0,   0,   0,   0,   0,   0,   0,   0,   0,   0,   0,   0,
    0,   0,   0,   0,   0,   0,   0,   0,   0,   0,   0,   0,   0,   0,   0,   0,   0,   0,   0,   0,   0,   0,   0,
    5,   0,   0,   -26, -10, 0,   0,   0,   0,   -21, -9,  -10, 0,   0,   0,   0,   0,   0,   0,   0,   0,   0,   0,
    0,   0,   0,   0,   0,   0,   0,   0,   0,   0,   0,   0,   0,   0,   0,   0,   0,   0,   0,   0,   0,   0,   0,
    0,   0,   0,   0,   0,   0,   0,   -8,  0,   0,   -7,  0,   0,   0,   0,   0,   0,   0,   0,   0,   0,   0,   0,
    0,   0,   0,   0,   0,   0,   0,   0,   0,   0,   0,   0,   0,   0,   0,   0,   0,   0,   0,   0,   0,   0,   0,
    0,   0,   0,   0,   0,   0,   0,   0,   0,   0,   0,   0,   0,   0,   0,   0,   0,   -22, 0,   0,   0,   -3,  0,
    -5,  -8,  0,   -7,  0,   0,   0,   0,   0,   0,   0,   0,   0,   0,   0,   0,   0,   0,   0,   0,   0,   0,   0,
    0,   0,   0,   0,   0,   0,   0,   0,   0,   0,   0,   0,   0,   0,   0,   0,   0,   0,   0,   0,   0,   -17, 0,
    0,   -12, 0,   17,  0,   0,   0,   0,   0,   0,   0,   0,   0,   0,   0,   0,   0,   0,   0,   0,   0,   0,   0,
    0,   0,   0,   0,   0,   0,   0,   0,   0,   0,   0,   0,   0,   0,   0,   0,   0,   0,   0,   -3,  -3,  -6,  -3,
    0,   0,   0,   -13, 0,   -35, -5,  0,   0,   -8,  4,   0,   0,   0,   0,   0,   0,   0,   0,   0,   0,   -5,  -10,
    -4,  -15, -5,  0,   -4,  -18, -16, -29, -29, -35, -29, 0,   0,   0,   0,   0,   0,   0,   0,   0,   0,   0,   -5,
    0,   -6,  -3,  -21, -19, -14, -22, 0,   0,   0,   -39, 0,   -9,  0,   0,   0,   0,   0,   0,   0,   0,   0,   0,
    0,   0,   0,   0,   0,   3,   0,   -3,  0,   0,   0,   0,   -5,  -5,  -5,  -5,  -17, -12, 0,   0,   0,   0,   0,
    0,   0,   0,   0,   0,   0,   3,   0,   0,   0,   -9,  -6,  -3,  -10, 0,   0,   0,   -9,  0,   0,   0,   17,  0,
    0,   9,   0,   0,   0,   0,   0,   0,   0,   0,   0,   12,  0,   -5,  0,   -5,  0,   0,   0,   0,   0,   0,   0,
    -10, -5,  0,   0,   0,   0,   0,   0,   0,   0,   0,   0,   0,   0,   0,   0,   -5,  -10, -9,  0,   -10, -3,  0,
    0,   9,   0,   -13, 0,   0,   -14, 0,   9,   0,   0,   0,   0,   0,   0,   0,   0,   0,   4,   0,   -10, -4,  0,
    0,   0,   -3,  -5,  -3,  -5,  -5,  -22, -10, -3,  0,   0,   0,   0,   0,   -3,  0,   0,   0,   0,   0,   0,   0,
    -3,  -3,  -3,  -3,  -3,  -4,  -3,  0,   -9,  0,   0,   0,   9,   0,   0,   4,   0,   0,   0,   0,   0,   0,   0,
    0,   0,   6,   0,   0,   0,   0,   0,   0,   0,   0,   0,   -3,  -3,  -16, -5,  0,   0,   0,   0,   0,   0,   -3,
    0,   0,   0,   0,   0,   0,   0,   0,   -10, -10, 0,   -10, -3,  -3,  0,   0,   0,   9,   0,   9,   -21, 0,   0,
    0,   0,   0,   0,   0,   0,   0,   0,   0,   9,   -20, -16, 0,   -3,  0,   0,   0,   0,   0,   3,   3,   -12, -3,
    0,   0,   0,   -14, 0,   0,   -23, 0,   -5,  -5,  -14, -20, -16, 0,   0,   -10, -10, -10, -10, -13, -23, 0,   9,
    0,   0,   0,   9,   -9,  0,   0,   0,   0,   0,   0,   0,   0,   0,   0,   0,   0,   0,   0,   -6,  0,   0,   0,
    0,   0,   -6,  0,   0,   -16, -5,  0,   0,   0,   0,   0,   0,   0,   0,   0,   0,   0,   0,   0,   0,   0,   0,
    0,   0,   0,   0,   0,   0,   -9,  0,   0,   0,   9,   0,   0,   9,   0,   0,   0,   0,   0,   0,   0,   0,   0,
    0,   -8,  -7,  0,   0,   0,   0,   0,   0,   0,   0,   0,   -12, -13, 0,   0,   0,   -5,  0,   0,   -5,  0,   -5,
    -5,  0,   -8,  -5,  0,   -5,  -8,  -8,  0,   -8,  0,   -5,  0,   0,   0,   0,   -5,  0,   0,   0,   0,   0,   0,
    0,   0,   0,   0,   0,   0,   -6,  0,   -9,  -8,  0,   -8,  0,   0,   0,   0,   -3,  0,   0,   -16, -16, 0,   0,
    0,   -8,  0,   0,   -7,  0,   -5,  0,   -8,  -9,  -8,  0,   -8,  -10, -10, -10, -10, -10, -7,  0,   0,   0,   0,
    -8,  9,   0,   -27, 0,   0,   0,   0,   0,   0,   0,   0,   0,   0,   0,   -8,  -13, -5,  -20, 0,   -5,  -6,  -8,
    -14, -17, -14, -13, -17, 0,   0,   0,   0,   0,   0,   -5,  0,   -12, -10, -10, -8,  -8,  -10, -10, -21, -21, -16,
    -21, 0,   -5,  0,   0,   0,   -17, 0,   0,   0,   0,   9,   0,   0,   0,   0,   0,   0,   0,   0,   0,   0,   0,
    0,   0,   -6,  0,   0,   0,   -23, -6,  -21, -21, -16, -28, 0,   0,   0,   0,   0,   0,   0,   0,   0,   0,   0,
    0,   0,   0,   0,   -14, -14, 0,   -14, 0,   0,   0,   -29, 0,   0,   0,   9,   0,   -5,  9,   0,   0,   0,   0,
    0,   0,   0,   0,   0,   0,   -4,  0,   -3,  -5,  0,   0,   0,   -5,  -4,  -8,  -8,  -14, -12, 0,   0,   0,   0,
    0,   0,   0,   0,   -4,  -4,  0,   -4,  0,   0,   -7,  -10, -10, -7,  -10, 0,   0,   0,   0,   0,   0,   0,   9,
    0,   -5,  9,   0,   0,   0,   0,   0,   0,   0,   0,   0,   0,   -8,  -9,  0,   -5,  0,   0,   0,   0,   -3,  -5,
    -5,  -21, -10, 0,   0,   0,   -8,  0,   0,   -6,  0,   -5,  -5,  -5,  -8,  -8,  0,   -7,  -9,  -9,  -9,  -9,  -8,
    -6,  0,   0,   0,   4,   0,   9,   -23, -10, 0,   0,   0,   0,   0,   0,   0,   0,   0,   0,   0,   -8,  -17, 0,
    0,   0,   0,   0,   9,   0,   0,   0,   -18, 0,   0,   0,   0,   -6,  0,   0,   -9,  0,   0,   0,   0,   -8,  -6,
    0,   0,   0,   0,   0,   0,   -6,  -9,  0,   8,   0,   -13, 0,   0,   0,   -15, 9,   0,   0,   0,   0,   0,   0,
    0,   0,   0,   0,   -10, -22, -5,  -10, 0,   0,   0,   -9,  -9,  -9,  -10, -24, -12, 0,   0,   0,   -7,  0,   0,
    -8,  -6,  -6,  -6,  0,   -10, 0,   -6,  -6,  -9,  -9,  -9,  -9,  -6,  -8,  0,   -16, 4,   13,  0,   9,   -16, -23,
    0,   0,   0,   0,   0,   0,   0,   0,   0,   0,   13,  -28, -18, 0,   -5,  0,   -5,  0,   0,   0,   0,   0,   -12,
    0,   0,   9,   0,   -28, 0,   -10, -28, 0,   0,   0,   -21, -28, -19, 0,   -16, -10, -10, -12, -10, -14, -28, 0,
    14,  0,   0,   -4,  9,   0,   0,   0,   0,   0,   0,   0,   0,   0,   0,   0,   0,   0,   -8,  -16, 0,   -5,  0,
    0,   0,   0,   0,   -4,  -4,  -12, -6,  0,   0,   0,   -5,  0,   0,   -8,  0,   -8,  -8,  -5,  -8,  -8,  0,   -5,
    -5,  -5,  -10, -5,  -6,  -8,  0,   0,   5,   9,   -8,  9,   -23, -12, 0,   0,   0,   0,   0,   0,   0,   0,   0,
    -8,  9,   -27, -29, -7,  -8,  0,   -7,  -8,  0,   -5,  -10, -10, -23, -10, 0,   0,   0,   -23, 0,   -10, -27, 0,
    -10, -10, -21, -27, -22, -8,  -17, -16, -16, -21, -16, -25, -27, 0,   14,  5,   9,   -8,  9,   -23, -12, 0,   0,
    0,   0,   0,   0,   0,   0,   0,   -8,  9,   -27, -27, -7,  -8,  0,   -7,  -8,  0,   -5,  -10, 0,   -18, -8,  0,
    0,   0,   -23, 0,   -10, -27, 0,   -10, -10, -21, -27, -22, -8,  -17, -16, -16, -21, -16, -25, -27, 0,   14,  0,
    0,   -19, 9,   0,   -23, 0,   0,   0,   0,   0,   0,   0,   0,   0,   0,   0,   -23, -35, -16, -28, -13, -14, -16,
    -16, -15, -21, -20, -35, -22, -11, 0,   0,   -18, -10, -23, -23, -12, -23, -23, -16, -23, -16, -21, -21, -31, -31,
    -23, -31, -21, -23, 0,   0,   5,   9,   -7,  9,   -24, -21, 0,   0,   0,   0,   0,   0,   0,   0,   0,   -12, 8,
    -34, -29, -15, -14, -14, -14, -10, 0,   -9,  -10, -8,  -21, 0,   0,   9,   0,   -34, 0,   -16, -31, 0,   -10, -10,
    -29, -34, -32, -22, -29, -28, -28, -28, -28, -32, -31, 0,   14,  0,   0,   0,   0,   0,   0,   0,   0,   0,   0,
    0,   0,   0,   0,   0,   0,   0,   0,   0,   0,   0,   0,   0,   0,   0,   0,   0,   0,   -11, 0,   0,   0,   0,
    0,   0,   0,   0,   0,   0,   0,   0,   0,   0,   0,   0,   -10, -10, 0,   -10, 0,   0,   0,   0,   0,   0,   0,
    0,   0,   0,   0,   0,   0,   0,   0,   0,   0,   0,   0,   0,   0,   0,   0,   0,   0,   0,   0,   0,   9,   0,
    0,   0,   0,   9,   0,   0,   0,   0,   0,   0,   0,   0,   0,   0,   0,   0,   0,   0,   0,   0,   0,   0,   0,
    0,   0,   0,   0,   0,   -17, 0,   0,   0,   -5,  17,  0,   0,   0,   0,   0,   0,   0,   0,   0,   0,   0,   0,
    0,   0,   0,   0,   0,   0,   0,   0,   0,   0,   0,   0,   0,   0,   0,   0,   0,   -4,  0,   0,   0,   0,   0,
    0,   -3,  0,   -8,  -8,  -3,  -8,  0,   -4,  0,   -13, 0,   0,   0,   0,   0,   0,   17,  0,   0,   0,   0,   0,
    0,   0,   0,   0,   0,   0,   0,   0,   0,   0,   0,   0,   0,   0,   0,   0,   0,   0,   0,   0,   0,   0,   0,
    0,   0,   0,   0,   0,   0,   0,   0,   0,   0,   0,   0,   0,   0,   0,   0,   0,   0,   0,   0,   0,   0,   0,
    -5,  17,  0,   0,   0,   0,   0,   0,   0,   0,   0,   0,   0,   0,   0,   0,   0,   0,   0,   0,   0,   0,   0,
    0,   0,   0,   0,   0,   0,   0,   0,   0,   0,   0,   0,   0,   0,   0,   0,   0,   -4,  -4,  0,   -4,  0,   0,
    0,   0,   0,   -17, 0,   0,   0,   0,   17,  0,   0,   0,   0,   0,   0,   0,   0,   0,   0,   0,   0,   0,   0,
    0,   0,   0,   0,   0,   0,   0,   0,   0,   0,   0,   0,   0,   0,   0,   0,   0,   0,   0,   0,   0,   0,   0,
    0,   0,   0,   0,   0,   0,   0,   0,   0,   9,   17,  0,   26,  -9,  -21, 9,   0,   0,   0,   0,   0,   0,   0,
    0,   0,   26,  -13, 0,   0,   0,   0,   0,   0,   0,   0,   0,   0,   0,   0,   0,   0,   0,   -10, 0,   0,   -12,
    0,   -12, 0,   -10, -13, -10, -9,  -15, -16, -16, -11, -16, -14, -12, 0,   17,  0,   4,   0,   13,  0,   0,   17,
    0,   0,   0,   0,   0,   0,   0,   0,   8,   0,   0,   0,   0,   0,   0,   0,   0,   0,   0,   0,   0,   0,   0,
    0,   0,   0,   -4,  0,   0,   0,   0,   0,   9,   0,   0,   0,   0,   -5,  -7,  -7,  -3,  -3,  0,   0,   0,   16,
    0,   -26, 0,   0,   0,   0,   17,  0,   0,   0,   0,   0,   0,   0,   0,   0,   0,   0,   0,   0,   0,   0,   0,
    0,   0,   0,   0,   0,   0,   0,   0,   0,   0,   0,   0,   0,   0,   -3,  0,   0,   0,   0,   0,   0,   0,   -4,
    -4,  -3,  -4,  0,   0,   0,   -13, 0,   0,   0,   13,  0,   0,   9,   0,   0,   0,   0,   0,   0,   0,   0,   0,
    0,   0,   0,   0,   0,   0,   0,   0,   0,   0,   0,   0,   0,   0,   0,   0,   0,   0,   0,   0,   0,   0,   0,
    0,   0,   0,   0,   0,   0,   0,   0,   0,   0,   0,   0,   0,   0,   0,   -4,  0,   0,   0,   -23, 17,  0,   0,
    0,   0,   0,   0,   0,   0,   0,   0,   -14, 0,   0,   0,   0,   0,   0,   0,   0,   0,   0,   0,   0,   0,   0,
    0,   -10, 0,   0,   -16, -5,  -8,  -8,  -7,  -14, -8,  -12, -16, -25, -18, -26, -23, -8,  -16, 0,   0,   0,   0,
    0,   9,   0,   0,   17,  0,   0,   0,   0,   0,   0,   0,   0,   0,   0,   0,   0,   0,   0,   0,   0,   0,   0,
    0,   0,   0,   0,   0,   0,   0,   0,   0,   0,   0,   0,   0,   0,   0,   0,   0,   0,   0,   0,   -3,  -3,  -3,
    -3,  0,   0,   0,   0,   0,   -13, 0,   0,   0,   0,   17,  0,   0,   0,   0,   0,   0,   0,   0,   0,   0,   0,
    0,   0,   0,   0,   0,   0,   0,   0,   0,   0,   0,   0,   0,   0,   0,   0,   0,   0,   0,   0,   0,   0,   0,
    0,   0,   0,   0,   -4,  -4,  -4,  -4,  0,   0,   0,   -4,  0,   0,   0,   0,   -16, -12, 0,   0,   0,   0,   0,
    0,   0,   0,   0,   10,  0,   0,   0,   0,   0,   0,   0,   0,   0,   0,   0,   0,   0,   0,   0,   0,   0,   -8,
    0,   0,   -8,  0,   0,   0,   0,   0,   0,   0,   0,   0,   0,   0,   0,   0,   0,   0,   16,  0,   -17, 0,   0,
    0,   0,   13,  0,   0,   0,   0,   0,   0,   0,   0,   0,   0,   0,   0,   0,   0,   0,   0,   0,   0,   0,   0,
    0,   0,   0,   0,   0,   0,   0,   0,   0,   0,   0,   0,   0,   0,   0,   0,   0,   0,   -3,  -3,  -3,  -3,  0,
    0,   0,   0,   0,   0,   0,   9,   0,   0,   13,  0,   0,   0,   0,   0,   0,   0,   0,   0,   0,   0,   0,   0,
    0,   0,   0,   0,   0,   0,   0,   0,   0,   0,   0,   0,   0,   0,   0,   0,   -5,  0,   0,   0,   0,   0,   0,
    -8,  -3,  -9,  -9,  -5,  -9,  -3,  -5,  0,   10,  0,   -17, 0,   9,   0,   0,   0,   0,   0,   0,   0,   0,   0,
    0,   0,   0,   0,   0,   0,   0,   0,   0,   0,   0,   0,   0,   0,   0,   0,   0,   0,   0,   0,   0,   0,   0,
    -3,  0,   0,   0,   0,   0,   0,   0,   0,   0,   0,   0,   0,   0,   -3,  0,   0,   0,   9,   0,   9,   -23, -6,
    0,   0,   0,   0,   0,   0,   0,   0,   0,   0,   0,   -5,  0,   0,   0,   0,   0,   0,   0,   0,   0,   0,   0,
    0,   0,   0,   0,   -5,  -5,  0,   -13, -3,  0,   0,   -6,  -5,  -5,  0,   -3,  -8,  -8,  -8,  -8,  -7,  -13, 0,
    13,  0,   9,   0,   9,   -23, -6,  0,   0,   0,   0,   0,   0,   0,   0,   0,   0,   0,   -5,  0,   0,   0,   0,
    0,   0,   0,   0,   0,   0,   0,   0,   0,   0,   0,   -5,  -5,  0,   -13, -3,  0,   0,   -6,  -5,  -5,  0,   -3,
    -8,  -8,  -8,  -8,  -3,  -13, 0,   13,  0,   0,   0,   9,   0,   -7,  0,   0,   0,   0,   0,   0,   0,   0,   0,
    0,   0,   -7,  0,   0,   0,   0,   0,   0,   0,   0,   0,   0,   0,   0,   0,   0,   0,   0,   0,   0,   -6,  -3,
    0,   0,   0,   -11, -6,  0,   0,   -8,  -5,  -9,  -8,  0,   -6,  0,   13,  0,   9,   0,   0,   -23, -6,  0,   0,
    0,   0,   0,   0,   0,   0,   0,   0,   0,   -7,  0,   0,   0,   0,   0,   0,   0,   0,   0,   0,   0,   0,   0,
    0,   0,   -5,  -3,  0,   -14, -3,  0,   0,   -6,  -7,  -5,  0,   0,   -8,  -8,  -10, -8,  -6,  -14, 0,   13,  0,
    0,   0,   9,   0,   0,   22,  0,   0,   0,   0,   0,   0,   0,   0,   0,   0,   0,   0,   0,   0,   0,   0,   0,
    0,   0,   0,   0,   0,   0,   0,   0,   0,   0,   0,   0,   0,   0,   0,   0,   0,   0,   0,   0,   0,   0,   0,
    0,   0,   0,   0,   0,   13,  0,   0,   0,   0,   0,   0,   0,   0,   0,   0,   0,   0,   0,   0,   0,   0,   0,
    0,   0,   0,   0,   14,  0,   0,   -5,  0,   -5,  -5,  -5,  -5,  0,   0,   0,   0,   0,   0,   0,   0,   0,   14,
    0,   0,   0,   0,   0,   0,   0,   0,   0,   0,   0,   0,   0,   0,   0,   0,   0,   0,   0,   0,   0,   0,   0,
    0,   0,   0,   0,   0,   0,   0,   0,   0,   0,   0,   30,  0,   0,   0,   0,   -8,  -8,  0,   -14, 0,   0,   0,
    0,   0,   0,   0,   0,   0,   30,  0,   0,   0,   0,   0,   0,   0,   0,   0,   0,   0,   0,   0,   0,   0,   0,
    0,   -10, 0,   0,   0,   0,   0,   0,   0,   0,   0,   0,   -10, 13,  -10, 0,   0,   0,   0,   0,   0,   0,   0,
    0,   0,   0,   0,   0,   0,   0,   -12, 0,   0,   0,   0,   0,   0,   0,   -10, 0,   0,   -10, 0,   0,   0,   0,
    0,   0,   0,   0,   0,   0,   0,   0,   -16, -12, 0,   0,   0,   0,   0,   0,   0,   0,   0,   10,  0,   0,   0,
    0,   0,   0,   0,   0,   0,   0,   0,   0,   0,   0,   0,   0,   0,   -8,  0,   0,   0,   0,   0,   0,   0,   0,
    0,   0,   0,   0,   0,   0,   0,   0,   0,   0,   16,  17,  17,  0,   17,  0,   0,   0,   0,   0,   0,   0,   0,
    0,   0,   0,   0,   26,  0,   0,   0,   0,   0,   0,   0,   0,   0,   0,   0,   0,   0,   0,   0,   17,  0,   0,
    0,   0,   22,  0,   9,   0,   0,   0,   0,   0,   0,   0,   0,   0,   0,   0,   13,  0,   0,   0,   0,   0,   0,
    0,   0,   0,   0,   0,   0,   0,   0,   0,   0,   0,   0,   -13, -39, 0,   -9,  0,   0,   0,   14,  0,   14,  14,
    0,   14,  0,   0,   0,   -13, 0,   0,   -17, 0,   0,   0,   0,   -13, 0,   10,  0,   9,   9,   9,   9,   0,   -17,
    0,   0,   0,   0,   0,   0,   0,   0,   0,   0,   0,   0,   0,   0,   0,   0,   0,   0,   0,   -17, -39, 0,   -13,
    0,   0,   0,   14,  0,   14,  14,  0,   14,  0,   0,   0,   -16, 0,   -9,  -26, 9,   4,   0,   -13, -17, -17, 0,
    -13, 0,   0,   0,   0,   0,   -26, 0,   0,
};

static const EpdFontData instrument_13 = {
    instrument_13Bitmaps,
    instrument_13Glyphs,
    instrument_13Intervals,
    40,
    35,
    27,
    -9,
    false,
    nullptr,
    0,
    nullptr,
    instrument_13KernLeftClasses,
    instrument_13KernRightClasses,
    instrument_13KernMatrix,
    255,
    255,
    67,
    53,
    nullptr,
    0,
};
