/**
 * generated by fontconvert.py
 * name: instrument_24
 * size: 24
 * mode: 1-bit
 * Command used: lib/EpdFont/scripts/fontconvert.py instrument_24 24 assets_local/fonts/InstrumentSerif.ttf
 */
#pragma once
#include "EpdFontData.h"

static const uint8_t instrument_24Bitmaps[28424] = {
    0x7B, 0xEF, 0xBF, 0xFB, 0xEF, 0x9E, 0x79, 0xE7, 0x9E, 0x79, 0xE7, 0x9E, 0x71, 0xC7, 0x1C, 0x30, 0xC3, 0x0C, 0x30,
    0xC3, 0x0C, 0x20, 0x00, 0x00, 0x01, 0xEF, 0xFF, 0xFD, 0xE0, 0x30, 0xE7, 0x8F, 0xF9, 0xFF, 0x9F, 0xF9, 0xF7, 0x8F,
    0x78, 0xF7, 0x0E, 0x70, 0xE3, 0x06, 0x30, 0x63, 0x06, 0x20, 0x40, 0x00, 0x0C, 0x01, 0xC0, 0x00, 0x30, 0x06, 0x00,
    0x00, 0xC0, 0x18, 0x00, 0x07, 0x00, 0x60, 0x00, 0x18, 0x03, 0x80, 0x00, 0x60, 0x0C, 0x00, 0x01, 0x80, 0x30, 0x00,
    0x0E, 0x00, 0xC0, 0x00, 0x38, 0x07, 0x00, 0x00, 0xC0, 0x1C, 0x00, 0x07, 0x00, 0x70, 0x0F, 0xFF, 0xFF, 0xFF, 0x1F,
    0xFF, 0xFF, 0xFC, 0x01, 0x80, 0x38, 0x00, 0x06, 0x00, 0xC0, 0x00, 0x18, 0x03, 0x00, 0x00, 0xE0, 0x0C, 0x00, 0x03,
    0x00, 0x70, 0x00, 0x0C, 0x01, 0x80, 0x00, 0x30, 0x06, 0x00, 0x01, 0xC0, 0x18, 0x00, 0x07, 0x00, 0xE0, 0x00, 0x1C,
    0x03, 0x80, 0x3F, 0xFF, 0xFF, 0xF8, 0xFF, 0xFF, 0xFF, 0xE0, 0x0E, 0x00, 0xC0, 0x00, 0x30, 0x07, 0x00, 0x00, 0xC0,
    0x18, 0x00, 0x03, 0x00, 0x60, 0x00, 0x1C, 0x01, 0x80, 0x00, 0x70, 0x0E, 0x00, 0x01, 0x80, 0x38, 0x00, 0x06, 0x00,
    0xC0, 0x00, 0x38, 0x03, 0x00, 0x00, 0xE0, 0x0C, 0x00, 0x03, 0x00, 0x70, 0x00, 0x00, 0x80, 0x00, 0x60, 0x00, 0x30,
    0x00, 0x18, 0x00, 0x0C, 0x00, 0x06, 0x00, 0x0F, 0xC0, 0x1F, 0xFC, 0x1E, 0xFE, 0x1C, 0x6F, 0x9C, 0x37, 0xDE, 0x19,
    0xEF, 0x0C, 0xF7, 0x86, 0x3B, 0xC3, 0x1D, 0xE1, 0x8E, 0xF8, 0xC3, 0x7C, 0x61, 0x1F, 0x30, 0x0F, 0xD8, 0x03, 0xFC,
    0x00, 0xFE, 0x00, 0x3F, 0x80, 0x0F, 0xE0, 0x03, 0xF8, 0x00, 0xFE, 0x00, 0x3F, 0x80, 0x1F, 0xC0, 0x0D, 0xF0, 0x06,
    0xF8, 0x03, 0x3E, 0x01, 0x8F, 0xC0, 0xC7, 0xE0, 0x63, 0xF0, 0x31, 0xFC, 0x18, 0xFE, 0x0C, 0x7F, 0x06, 0x3F, 0xC3,
    0x1D, 0xE1, 0x9C, 0xF8, 0xDE, 0x7F, 0xFC, 0x0F, 0xFC, 0x00, 0x18, 0x00, 0x0C, 0x00, 0x06, 0x00, 0x03, 0x00, 0x01,
    0x80, 0x07, 0x80, 0x00, 0x03, 0xF8, 0x00, 0x30, 0xE3, 0x80, 0x0E, 0x3C, 0x38, 0x01, 0x87, 0x07, 0x00, 0x70, 0xE0,
    0x70, 0x0C, 0x3C, 0x0E, 0x03, 0x87, 0x81, 0xC0, 0xE0, 0xF0, 0x38, 0x18, 0x1E, 0x07, 0x07, 0x03, 0xC0, 0xE0, 0xC0,
    0x78, 0x1C, 0x38, 0x07, 0x07, 0x8E, 0x00, 0xE0, 0xE1, 0x80, 0x0E, 0x1C, 0x70, 0x01, 0xEF, 0x0C, 0x00, 0x1F, 0xC3,
    0x80, 0x00, 0x60, 0xE0, 0x00, 0x00, 0x18, 0x00, 0x00, 0x07, 0x1F, 0x80, 0x00, 0xC7, 0xF8, 0x00, 0x39, 0xC3, 0x80,
    0x0E, 0x70, 0x70, 0x01, 0x8E, 0x0F, 0x00, 0x71, 0xC0, 0xE0, 0x0C, 0x78, 0x1C, 0x03, 0x8F, 0x03, 0x80, 0xE1, 0xE0,
    0x70, 0x18, 0x3C, 0x0E, 0x07, 0x07, 0x81, 0xC0, 0xC0, 0xF0, 0x38, 0x38, 0x0E, 0x07, 0x0E, 0x01, 0xC1, 0xE1, 0x80,
    0x38, 0x38, 0x70, 0x03, 0x87, 0x0C, 0x00, 0x3F, 0xC3, 0x80, 0x03, 0xF0, 0x00, 0x1E, 0x00, 0x00, 0x07, 0xFC, 0x00,
    0x00, 0x78, 0xF0, 0x00, 0x07, 0x81, 0xC0, 0x00, 0x38, 0x0F, 0x00, 0x03, 0xC0, 0x78, 0x00, 0x1E, 0x03, 0xC0, 0x00,
    0xF0, 0x1E, 0x00, 0x07, 0x80, 0xF0, 0x00, 0x3C, 0x07, 0x00, 0x01, 0xF0, 0x78, 0x00, 0x07, 0x83, 0x80, 0x00, 0x3E,
    0x38, 0x00, 0x00, 0xF7, 0x80, 0x00, 0x07, 0xF8, 0x00, 0x00, 0x1F, 0x00, 0x00, 0x01, 0xF8, 0x00, 0x00, 0x1F, 0xE1,
    0xFF, 0xC1, 0xCF, 0x8F, 0xFE, 0x1C, 0x7C, 0x07, 0x81, 0xC1, 0xF0, 0x38, 0x1E, 0x07, 0x81, 0x80, 0xE0, 0x3E, 0x18,
    0x0F, 0x00, 0xF8, 0xC0, 0x78, 0x07, 0xCE, 0x03, 0x80, 0x1F, 0x60, 0x3C, 0x00, 0x7F, 0x01, 0xE0, 0x03, 0xF0, 0x0F,
    0x00, 0x0F, 0x80, 0x7C, 0x00, 0x3C, 0x03, 0xE0, 0x01, 0xF0, 0x0F, 0x00, 0x1F, 0xC0, 0x7C, 0x01, 0xFE, 0x01, 0xF0,
    0x1E, 0xF8, 0x07, 0xFF, 0xE3, 0xE0, 0x1F, 0xFC, 0x1F, 0xE0, 0x7F, 0xC0, 0x7F, 0x80, 0x31, 0xEF, 0xBE, 0xF9, 0xE7,
    0x9C, 0x70, 0xC3, 0x0C, 0x20, 0x00, 0x10, 0x01, 0x80, 0x18, 0x01, 0x80, 0x1C, 0x01, 0xC0, 0x1C, 0x00, 0xE0, 0x0E,
    0x00, 0xF0, 0x07, 0x00, 0x78, 0x03, 0xC0, 0x1C, 0x01, 0xE0, 0x0F, 0x00, 0x78, 0x03, 0xC0, 0x3C, 0x01, 0xE0, 0x0F,
    0x00, 0x78, 0x03, 0xC0, 0x1E, 0x00, 0xF0, 0x07, 0x80, 0x3E, 0x00, 0xF0, 0x07, 0x80, 0x3C, 0x01, 0xE0, 0x07, 0x00,
    0x3C, 0x00, 0xE0, 0x07, 0x00, 0x1C, 0x00, 0xE0, 0x03, 0x80, 0x1C, 0x00, 0x70, 0x01, 0xC0, 0x07, 0x00, 0x1C, 0x00,
    0x60, 0x40, 0x03, 0x00, 0x0C, 0x00, 0x30, 0x01, 0xC0, 0x07, 0x00, 0x1C, 0x00, 0xE0, 0x03, 0x80, 0x1E, 0x00, 0x70,
    0x03, 0xC0, 0x1E, 0x00, 0x70, 0x03, 0xC0, 0x1E, 0x00, 0xF0, 0x07, 0x80, 0x1E, 0x00, 0xF0, 0x07, 0x80, 0x3C, 0x01,
    0xE0, 0x0F, 0x00, 0x78, 0x03, 0xC0, 0x3E, 0x01, 0xE0, 0x0F, 0x00, 0x78, 0x03, 0xC0, 0x1C, 0x01, 0xE0, 0x0E, 0x00,
    0x70, 0x07, 0x00, 0x38, 0x03, 0x80, 0x1C, 0x01, 0xC0, 0x1C, 0x01, 0xC0, 0x1C, 0x00, 0xC0, 0x00, 0x03, 0xC0, 0x03,
    0xC0, 0x03, 0xC0, 0x73, 0xCE, 0xF9, 0xDF, 0xFD, 0x9F, 0x7D, 0xBF, 0x3F, 0xFE, 0x03, 0xC0, 0x3F, 0xFE, 0x7F, 0xBF,
    0xFD, 0x9F, 0xF9, 0xDF, 0x73, 0xCE, 0x03, 0xC0, 0x03, 0xC0, 0x03, 0xC0, 0x00, 0x60, 0x00, 0x03, 0x80, 0x00, 0x1C,
    0x00, 0x00, 0xE0, 0x00, 0x07, 0x00, 0x00, 0x38, 0x00, 0x01, 0xC0, 0x00, 0x0E, 0x00, 0x00, 0x70, 0x00, 0x03, 0x80,
    0x00, 0x1C, 0x01, 0xFF, 0xFF, 0xFF, 0xFF, 0xFF, 0x00, 0x38, 0x00, 0x01, 0xC0, 0x00, 0x0E, 0x00, 0x00, 0x70, 0x00,
    0x03, 0x80, 0x00, 0x1C, 0x00, 0x00, 0xE0, 0x00, 0x07, 0x00, 0x00, 0x38, 0x00, 0x00, 0x80, 0x00, 0x78, 0xF9, 0xF3,
    0xF3, 0xC3, 0x87, 0x0E, 0x18, 0x70, 0xC3, 0x0C, 0x00, 0x00, 0x00, 0x03, 0xFF, 0xFF, 0xFF, 0x80, 0x79, 0xFF, 0xDF,
    0x78, 0x00, 0x18, 0x01, 0xC0, 0x0C, 0x00, 0x60, 0x03, 0x00, 0x38, 0x01, 0xC0, 0x0C, 0x00, 0x60, 0x03, 0x00, 0x38,
    0x01, 0x80, 0x0C, 0x00, 0x60, 0x07, 0x00, 0x30, 0x01, 0x80, 0x0C, 0x00, 0xE0, 0x07, 0x00, 0x30, 0x01, 0x80, 0x0C,
    0x00, 0xE0, 0x06, 0x00, 0x30, 0x01, 0x80, 0x1C, 0x00, 0xE0, 0x06, 0x00, 0x30, 0x01, 0x80, 0x1C, 0x00, 0xC0, 0x06,
    0x00, 0x30, 0x03, 0x80, 0x18, 0x00, 0xC0, 0x06, 0x00, 0x70, 0x03, 0x80, 0x18, 0x00, 0xC0, 0x06, 0x00, 0x70, 0x03,
    0x00, 0x00, 0x00, 0xF8, 0x00, 0x1F, 0xF0, 0x01, 0xE3, 0xC0, 0x1E, 0x0E, 0x00, 0xE0, 0x38, 0x0E, 0x00, 0xE0, 0x70,
    0x07, 0x07, 0x80, 0x3C, 0x3C, 0x01, 0xE1, 0xC0, 0x07, 0x1E, 0x00, 0x3C, 0xF0, 0x01, 0xE7, 0x80, 0x0F, 0x3C, 0x00,
    0x79, 0xE0, 0x03, 0xCF, 0x00, 0x1E, 0xF8, 0x00, 0xFF, 0xC0, 0x07, 0xFE, 0x00, 0x3F, 0xF0, 0x01, 0xFF, 0x80, 0x0F,
    0xBC, 0x00, 0x79, 0xE0, 0x03, 0xCF, 0x00, 0x1E, 0x78, 0x00, 0xF3, 0xC0, 0x07, 0x9E, 0x00, 0x3C, 0xF0, 0x01, 0xC3,
    0x80, 0x0E, 0x1E, 0x00, 0xF0, 0x70, 0x07, 0x03, 0x80, 0x38, 0x1E, 0x03, 0x80, 0x70, 0x1C, 0x01, 0xC1, 0xC0, 0x07,
    0xFC, 0x00, 0x1F, 0xC0, 0x00, 0x07, 0x07, 0xF0, 0xFF, 0x00, 0xF0, 0x0F, 0x00, 0xF0, 0x0F, 0x00, 0xF0, 0x0F, 0x00,
    0xF0, 0x0F, 0x00, 0xF0, 0x0F, 0x00, 0xF0, 0x0F, 0x00, 0xF0, 0x0F, 0x00, 0xF0, 0x0F, 0x00, 0xF0, 0x0F, 0x00, 0xF0,
    0x0F, 0x00, 0xF0, 0x0F, 0x00, 0xF0, 0x0F, 0x00, 0xF0, 0x0F, 0x00, 0xF0, 0x0F, 0x00, 0xF0, 0x0F, 0x00, 0xF0, 0x0F,
    0x07, 0xFE, 0xFF, 0xF0, 0x01, 0xF0, 0x03, 0xFF, 0x01, 0xFF, 0xE0, 0xF0, 0x7C, 0x70, 0x0F, 0x98, 0x01, 0xEE, 0x00,
    0x7B, 0x80, 0x1E, 0xC0, 0x07, 0xB0, 0x01, 0xE0, 0x00, 0x78, 0x00, 0x1E, 0x00, 0x07, 0x80, 0x03, 0xC0, 0x00, 0xF0,
    0x00, 0x38, 0x00, 0x1E, 0x00, 0x07, 0x00, 0x03, 0xC0, 0x00, 0xE0, 0x00, 0x70, 0x00, 0x1C, 0x00, 0x0E, 0x00, 0x03,
    0x00, 0x01, 0xC0, 0x00, 0xE0, 0x10, 0x30, 0x0C, 0x1C, 0x03, 0x0E, 0x00, 0xC3, 0x00, 0x31, 0xC0, 0x1C, 0x60, 0x07,
    0x30, 0x03, 0xDC, 0x03, 0xF7, 0xFF, 0xFF, 0xFF, 0xFF, 0xFF, 0xFF, 0x80, 0x03, 0xE0, 0x07, 0xF8, 0x07, 0x1E, 0x06,
    0x07, 0x83, 0x03, 0xC3, 0x01, 0xE1, 0x80, 0xF0, 0xC0, 0x78, 0x00, 0x78, 0x00, 0x3C, 0x00, 0x3C, 0x00, 0x3C, 0x00,
    0x3C, 0x00, 0x3C, 0x00, 0x38, 0x00, 0x3F, 0xE0, 0x3F, 0xF8, 0x18, 0x1E, 0x00, 0x07, 0x80, 0x03, 0xC0, 0x01, 0xF0,
    0x00, 0x78, 0x00, 0x3C, 0x00, 0x1E, 0x00, 0x0F, 0x00, 0x07, 0x80, 0x03, 0xC0, 0x01, 0xE0, 0x00, 0xF0, 0x00, 0x78,
    0x00, 0x78, 0x00, 0x3C, 0xE0, 0x1C, 0x78, 0x1C, 0x3C, 0x1C, 0x1F, 0xFC, 0x03, 0xF8, 0x00, 0x00, 0x07, 0x00, 0x01,
    0xC0, 0x00, 0x38, 0x00, 0x0E, 0x00, 0x03, 0xC0, 0x00, 0x70, 0x00, 0x1C, 0x00, 0x03, 0x80, 0x00, 0xE0, 0x00, 0x1C,
    0x00, 0x07, 0x0C, 0x00, 0xE7, 0x80, 0x38, 0xF0, 0x07, 0x1E, 0x01, 0xC3, 0xC0, 0x30, 0x78, 0x0E, 0x0F, 0x01, 0x81,
    0xE0, 0x70, 0x3C, 0x0C, 0x07, 0x83, 0x80, 0xF0, 0x60, 0x1E, 0x1C, 0x03, 0xC3, 0xFF, 0xFF, 0xFF, 0xFF, 0xFF, 0xFF,
    0xFC, 0x00, 0x3C, 0x00, 0x07, 0x80, 0x00, 0xF0, 0x00, 0x1E, 0x00, 0x03, 0xC0, 0x00, 0x78, 0x00, 0x0F, 0x00, 0x01,
    0xE0, 0x01, 0xFF, 0x00, 0xFF, 0xF0, 0x00, 0x01, 0xC0, 0xFF, 0xF0, 0x7F, 0xF8, 0x1F, 0xFE, 0x07, 0x00, 0x01, 0x80,
    0x00, 0x60, 0x00, 0x38, 0x00, 0x0E, 0x00, 0x03, 0x00, 0x00, 0xC0, 0x00, 0x30, 0x00, 0x0C, 0x00, 0x07, 0xF0, 0x01,
    0xFF, 0x00, 0x7F, 0xF0, 0x0F, 0xFE, 0x00, 0x1F, 0x80, 0x03, 0xF0, 0x00, 0x7E, 0x00, 0x0F, 0x80, 0x01, 0xE0, 0x00,
    0x7C, 0x00, 0x1F, 0x00, 0x07, 0xC0, 0x01, 0xF0, 0x00, 0x7C, 0x00, 0x1F, 0x00, 0x07, 0x80, 0x01, 0xE0, 0x00, 0x78,
    0x00, 0x1C, 0xF0, 0x0F, 0x3C, 0x07, 0x8F, 0x83, 0xC1, 0xFF, 0xE0, 0x1F, 0xE0, 0x00, 0x00, 0x03, 0x80, 0x03, 0xE0,
    0x01, 0xE0, 0x01, 0xE0, 0x00, 0xF0, 0x00, 0x78, 0x00, 0x3C, 0x00, 0x0E, 0x00, 0x07, 0x00, 0x03, 0xC0, 0x00, 0xE0,
    0x00, 0x78, 0x00, 0x1C, 0x00, 0x0F, 0x00, 0x03, 0xFF, 0x80, 0xFF, 0xF0, 0x7E, 0x0E, 0x1F, 0x01, 0xC7, 0xC0, 0x79,
    0xE0, 0x1E, 0x78, 0x07, 0x9E, 0x00, 0xFF, 0x80, 0x3F, 0xE0, 0x0F, 0xF8, 0x03, 0xFC, 0x00, 0xF7, 0x00, 0x3D, 0xE0,
    0x0F, 0x78, 0x03, 0xDE, 0x00, 0xF7, 0x80, 0x78, 0xE0, 0x1E, 0x38, 0x07, 0x07, 0x03, 0xC0, 0xE0, 0xE0, 0x1F, 0xF0,
    0x03, 0xF8, 0x00, 0x7F, 0xFF, 0xDF, 0xFF, 0xF7, 0xFF, 0xFD, 0x80, 0x07, 0x40, 0x01, 0x80, 0x00, 0x60, 0x00, 0x38,
    0x00, 0x0C, 0x00, 0x03, 0x00, 0x01, 0xC0, 0x00, 0x60, 0x00, 0x38, 0x00, 0x0E, 0x00, 0x03, 0x00, 0x01, 0xC0, 0x00,
    0x70, 0x00, 0x18, 0x00, 0x0E, 0x00, 0x03, 0x80, 0x00, 0xC0, 0x00, 0x70, 0x00, 0x1C, 0x00, 0x06, 0x00, 0x03, 0x80,
    0x00, 0xE0, 0x00, 0x70, 0x00, 0x1C, 0x00, 0x07, 0x00, 0x03, 0xC0, 0x00, 0xE0, 0x00, 0x38, 0x00, 0x1E, 0x00, 0x07,
    0x00, 0x01, 0xC0, 0x00, 0xF0, 0x00, 0x38, 0x00, 0x00, 0xF8, 0x00, 0x3F, 0xE0, 0x0F, 0x0F, 0x01, 0xE0, 0x38, 0x3C,
    0x03, 0xC3, 0x80, 0x1C, 0x38, 0x01, 0xE7, 0x80, 0x1E, 0x78, 0x01, 0xE7, 0x80, 0x1E, 0x78, 0x01, 0xC3, 0xC0, 0x3C,
    0x3E, 0x03, 0xC1, 0xE0, 0x38, 0x1F, 0x87, 0x00, 0xFC, 0xE0, 0x07, 0xF8, 0x00, 0x3F, 0x80, 0x03, 0xFE, 0x00, 0x77,
    0xF0, 0x0E, 0x1F, 0x81, 0xC0, 0xFC, 0x38, 0x07, 0xC7, 0x80, 0x3E, 0x70, 0x01, 0xEF, 0x00, 0x1E, 0xF0, 0x00, 0xFF,
    0x00, 0x0F, 0xF0, 0x00, 0xFF, 0x00, 0x0E, 0xF0, 0x00, 0xE7, 0x00, 0x0E, 0x78, 0x01, 0xC3, 0x80, 0x3C, 0x1C, 0x07,
    0x80, 0xFF, 0xE0, 0x03, 0xFC, 0x00, 0x01, 0xE0, 0x01, 0xFE, 0x00, 0xE3, 0xC0, 0x70, 0x38, 0x38, 0x0E, 0x1E, 0x01,
    0xC7, 0x80, 0x71, 0xE0, 0x1E, 0xF0, 0x07, 0xBC, 0x01, 0xEF, 0x00, 0x7B, 0xC0, 0x1F, 0xF0, 0x07, 0xFC, 0x01, 0xFF,
    0x00, 0x7F, 0xC0, 0x1F, 0x78, 0x07, 0xDE, 0x01, 0xF7, 0x80, 0xF8, 0xF0, 0x3E, 0x1C, 0x1F, 0x83, 0xDF, 0xE0, 0x7F,
    0xF8, 0x07, 0x3C, 0x00, 0x0F, 0x00, 0x03, 0xC0, 0x00, 0xE0, 0x00, 0x78, 0x00, 0x1C, 0x00, 0x0F, 0x00, 0x03, 0x80,
    0x01, 0xE0, 0x00, 0xF0, 0x00, 0x78, 0x00, 0x3C, 0x00, 0x1E, 0x00, 0x1E, 0x00, 0x0F, 0x00, 0x00, 0x79, 0xFF, 0xDF,
    0x78, 0x00, 0x00, 0x00, 0x00, 0x00, 0x00, 0x00, 0x00, 0x00, 0x00, 0x1E, 0x7F, 0xF7, 0xDE, 0x7C, 0xFB, 0xF3, 0xE7,
    0xC0, 0x00, 0x00, 0x00, 0x00, 0x00, 0x00, 0x00, 0x00, 0x00, 0x00, 0x00, 0x03, 0xC7, 0xCF, 0x9F, 0x9E, 0x1C, 0x38,
    0x70, 0xC3, 0x86, 0x18, 0x60, 0x00, 0x00, 0x00, 0x38, 0x00, 0x07, 0xC0, 0x01, 0xFC, 0x00, 0x7F, 0x00, 0x0F, 0xE0,
    0x03, 0xF8, 0x00, 0x7E, 0x00, 0x1F, 0xC0, 0x00, 0xF0, 0x00, 0x07, 0xE0, 0x00, 0x1F, 0xC0, 0x00, 0x1F, 0xC0, 0x00,
    0x1F, 0xC0, 0x00, 0x3F, 0x80, 0x00, 0x3F, 0x80, 0x00, 0x3F, 0x00, 0x00, 0x78, 0x00, 0x00, 0x00, 0x00, 0x00, 0x07,
    0xFF, 0xFF, 0xFF, 0xFF, 0xFC, 0x00, 0x00, 0x00, 0x00, 0x00, 0x00, 0x00, 0x00, 0x00, 0x00, 0x00, 0x00, 0x00, 0x00,
    0x00, 0x00, 0x00, 0x00, 0x00, 0x00, 0x01, 0xFF, 0xFF, 0xFF, 0xFF, 0xFF, 0x00, 0xC0, 0x00, 0x07, 0xC0, 0x00, 0x1F,
    0x80, 0x00, 0x3F, 0x80, 0x00, 0x3F, 0x80, 0x00, 0x3F, 0x00, 0x00, 0x7F, 0x00, 0x00, 0x7E, 0x00, 0x00, 0x78, 0x00,
    0x0F, 0xC0, 0x03, 0xF8, 0x00, 0x7E, 0x00, 0x1F, 0xC0, 0x07, 0xF0, 0x00, 0xFC, 0x00, 0x1F, 0x80, 0x00, 0xE0, 0x00,
    0x00, 0x00, 0x00, 0x00, 0x00, 0x00, 0xFF, 0x0F, 0xFE, 0x3E, 0x1C, 0xF0, 0x3B, 0xC0, 0xEE, 0x03, 0xB8, 0x0F, 0xC0,
    0x3F, 0x00, 0xF0, 0x07, 0x80, 0x1E, 0x00, 0xF8, 0x07, 0xC0, 0x3E, 0x01, 0xF8, 0x07, 0xC0, 0x3E, 0x00, 0xF0, 0x03,
    0x80, 0x0E, 0x00, 0x30, 0x00, 0xC0, 0x03, 0x00, 0x0C, 0x00, 0x30, 0x00, 0xC0, 0x03, 0x00, 0x0C, 0x00, 0x30, 0x00,
    0x00, 0x00, 0x00, 0x00, 0x00, 0x00, 0x01, 0xE0, 0x0F, 0xC0, 0x3F, 0x00, 0xFC, 0x01, 0xE0, 0x00, 0x00, 0x00, 0x00,
    0x00, 0x00, 0x7F, 0xE0, 0x00, 0x0F, 0xFF, 0xC0, 0x01, 0xE0, 0x0F, 0x00, 0x1C, 0x00, 0x1C, 0x01, 0xC0, 0x00, 0x70,
    0x1C, 0x00, 0x01, 0x81, 0xC0, 0x00, 0x0E, 0x1E, 0x01, 0xF6, 0x31, 0xE0, 0x3F, 0xF1, 0xCE, 0x03, 0xCF, 0x0E, 0xF0,
    0x1C, 0x38, 0x77, 0x81, 0xC3, 0xC1, 0xB8, 0x1E, 0x1E, 0x0F, 0xC0, 0xE0, 0xE0, 0x7E, 0x0F, 0x07, 0x03, 0xF0, 0x70,
    0x38, 0x3F, 0x87, 0x83, 0xC1, 0xFC, 0x3C, 0x1E, 0x0F, 0xE1, 0xC1, 0xE0, 0x6F, 0x0E, 0x0F, 0x07, 0x78, 0x70, 0xF8,
    0x3B, 0xC7, 0x85, 0xC1, 0x9E, 0x3C, 0x6E, 0x1C, 0xF0, 0xE6, 0x71, 0xC3, 0xC7, 0x63, 0xBC, 0x1E, 0x3E, 0x0F, 0xC0,
    0x70, 0x40, 0x30, 0x03, 0xC0, 0x00, 0x00, 0x0F, 0x00, 0x00, 0x00, 0x3C, 0x00, 0x06, 0x00, 0xF8, 0x00, 0xF0, 0x01,
    0xFC, 0x7F, 0x00, 0x03, 0xFF, 0xE0, 0x00, 0x00, 0xE0, 0x00, 0x00, 0x08, 0x00, 0x00, 0x0E, 0x00, 0x00, 0x07, 0x00,
    0x00, 0x03, 0x80, 0x00, 0x03, 0xC0, 0x00, 0x01, 0xF0, 0x00, 0x00, 0xF8, 0x00, 0x00, 0x7C, 0x00, 0x00, 0x7E, 0x00,
    0x00, 0x3F, 0x80, 0x00, 0x1B, 0xC0, 0x00, 0x0D, 0xE0, 0x00, 0x06, 0xF0, 0x00, 0x07, 0x7C, 0x00, 0x03, 0x1E, 0x00,
    0x01, 0x8F, 0x00, 0x00, 0xC7, 0x80, 0x00, 0xE3, 0xE0, 0x00, 0x60, 0xF0, 0x00, 0x30, 0x78, 0x00, 0x18, 0x3C, 0x00,
    0x1C, 0x1F, 0x00, 0x0E, 0x0F, 0x80, 0x07, 0xFF, 0xC0, 0x03, 0xFF, 0xE0, 0x03, 0x80, 0xF8, 0x01, 0x80, 0x3C, 0x00,
    0xC0, 0x1E, 0x00, 0x60, 0x0F, 0x00, 0x70, 0x07, 0xC0, 0x30, 0x01, 0xE0, 0x18, 0x00, 0xF0, 0x0C, 0x00, 0x78, 0x0E,
    0x00, 0x3E, 0x07, 0x00, 0x1F, 0x0F, 0xE0, 0x3F, 0xEF, 0xF8, 0x3F, 0xF8, 0x7F, 0xFF, 0x00, 0x7F, 0xFF, 0x80, 0x3E,
    0x0F, 0x80, 0x78, 0x0F, 0x00, 0xF0, 0x0F, 0x01, 0xE0, 0x1E, 0x03, 0xC0, 0x3E, 0x07, 0x80, 0x7C, 0x0F, 0x00, 0xF8,
    0x1E, 0x01, 0xF0, 0x3C, 0x03, 0xC0, 0x78, 0x07, 0x80, 0xF0, 0x1E, 0x01, 0xF0, 0x7C, 0x03, 0xF3, 0xE0, 0x07, 0xFF,
    0x80, 0x0F, 0xFF, 0x80, 0x1F, 0x03, 0xC0, 0x3C, 0x03, 0xC0, 0x78, 0x03, 0xC0, 0xF0, 0x07, 0x81, 0xE0, 0x07, 0x83,
    0xC0, 0x0F, 0x07, 0x80, 0x1F, 0x0F, 0x00, 0x3E, 0x1E, 0x00, 0x7C, 0x3C, 0x00, 0xF8, 0x78, 0x01, 0xF0, 0xF0, 0x03,
    0xE1, 0xE0, 0x07, 0x83, 0xC0, 0x1F, 0x07, 0x80, 0x3C, 0x0F, 0x80, 0xF8, 0x1F, 0x03, 0xE0, 0xFF, 0xFF, 0x03, 0xFF,
    0xFC, 0x00, 0x00, 0x3F, 0x00, 0x1F, 0xFE, 0x03, 0xC3, 0xF0, 0x78, 0x1F, 0x0F, 0x00, 0xF1, 0xE0, 0x0F, 0x1C, 0x00,
    0x73, 0xC0, 0x07, 0x3C, 0x00, 0x77, 0x80, 0x03, 0x78, 0x00, 0x3F, 0x80, 0x00, 0xF8, 0x00, 0x0F, 0x80, 0x00, 0xF0,
    0x00, 0x0F, 0x00, 0x00, 0xF0, 0x00, 0x0F, 0x00, 0x00, 0xF0, 0x00, 0x0F, 0x00, 0x00, 0xF0, 0x00, 0x0F, 0x00, 0x00,
    0xF0, 0x00, 0x0F, 0x80, 0x00, 0xF8, 0x00, 0x0F, 0x80, 0x00, 0x78, 0x00, 0x37, 0x80, 0x03, 0x7C, 0x00, 0x33, 0xC0,
    0x03, 0x3C, 0x00, 0x71, 0xE0, 0x07, 0x1F, 0x00, 0xF0, 0xF0, 0x0F, 0x07, 0x81, 0xF0, 0x3F, 0xFF, 0x00, 0xFF, 0xC0,
    0x7F, 0xFF, 0x00, 0x1F, 0xFF, 0xE0, 0x03, 0xE0, 0x78, 0x01, 0xF0, 0x1E, 0x00, 0xF0, 0x07, 0x80, 0x78, 0x01, 0xE0,
    0x3C, 0x00, 0xF0, 0x1E, 0x00, 0x3C, 0x0F, 0x00, 0x1E, 0x07, 0x80, 0x0F, 0x83, 0xC0, 0x03, 0xC1, 0xE0, 0x01, 0xE0,
    0xF0, 0x00, 0xF0, 0x78, 0x00, 0x7C, 0x3C, 0x00, 0x3E, 0x1E, 0x00, 0x1F, 0x0F, 0x00, 0x0F, 0x87, 0x80, 0x07, 0xC3,
    0xC0, 0x03, 0xE1, 0xE0, 0x01, 0xF0, 0xF0, 0x00, 0xF8, 0x78, 0x00, 0x7C, 0x3C, 0x00, 0x3E, 0x1E, 0x00, 0x1E, 0x0F,
    0x00, 0x0F, 0x07, 0x80, 0x07, 0x83, 0xC0, 0x07, 0xC1, 0xE0, 0x03, 0xC0, 0xF0, 0x01, 0xE0, 0x78, 0x01, 0xE0, 0x3C,
    0x00, 0xF0, 0x1E, 0x00, 0xF0, 0x0F, 0x80, 0xF0, 0x07, 0xC0, 0xF0, 0x0F, 0xFF, 0xF0, 0x0F, 0xFF, 0xE0, 0x00, 0x7F,
    0xFF, 0xF0, 0xFF, 0xFF, 0xC0, 0xF8, 0x1F, 0x03, 0xC0, 0x3C, 0x0F, 0x00, 0x70, 0x3C, 0x01, 0xC0, 0xF0, 0x03, 0x03,
    0xC0, 0x0C, 0x0F, 0x00, 0x30, 0x3C, 0x00, 0xE0, 0xF0, 0x01, 0x03, 0xC0, 0xC0, 0x0F, 0x03, 0x00, 0x3C, 0x0C, 0x00,
    0xF0, 0x30, 0x03, 0xC1, 0xC0, 0x0F, 0x8F, 0x00, 0x3F, 0xFC, 0x00, 0xFF, 0xF0, 0x03, 0xC1, 0xC0, 0x0F, 0x07, 0x00,
    0x3C, 0x0C, 0x00, 0xF0, 0x30, 0x03, 0xC0, 0xC0, 0x0F, 0x00, 0x00, 0x3C, 0x00, 0x60, 0xF0, 0x01, 0x83, 0xC0, 0x06,
    0x0F, 0x00, 0x18, 0x3C, 0x00, 0xE0, 0xF0, 0x03, 0x83, 0xC0, 0x0E, 0x0F, 0x80, 0x78, 0x3E, 0x03, 0xE3, 0xFF, 0xFF,
    0x9F, 0xFF, 0xFE, 0x7F, 0xFF, 0xE3, 0xFF, 0xFE, 0x0F, 0x83, 0xE0, 0xF0, 0x0F, 0x0F, 0x00, 0xF0, 0xF0, 0x07, 0x0F,
    0x00, 0x70, 0xF0, 0x07, 0x0F, 0x00, 0x30, 0xF0, 0x03, 0x0F, 0x00, 0x00, 0xF0, 0x60, 0x0F, 0x06, 0x00, 0xF0, 0x60,
    0x0F, 0x06, 0x00, 0xF0, 0xE0, 0x0F, 0x9E, 0x00, 0xFF, 0xE0, 0x0F, 0xFE, 0x00, 0xF0, 0xE0, 0x0F, 0x06, 0x00, 0xF0,
    0x60, 0x0F, 0x06, 0x00, 0xF0, 0x60, 0x0F, 0x00, 0x00, 0xF0, 0x00, 0x0F, 0x00, 0x00, 0xF0, 0x00, 0x0F, 0x00, 0x00,
    0xF0, 0x00, 0x0F, 0x00, 0x00, 0xF0, 0x00, 0x0F, 0x00, 0x00, 0xF8, 0x00, 0x3F, 0xF0, 0x07, 0xFF, 0x80, 0x00, 0x3F,
    0x80, 0x00, 0xFF, 0xF0, 0x03, 0xC3, 0xF0, 0x07, 0x80, 0xF8, 0x0F, 0x00, 0x78, 0x1E, 0x00, 0x78, 0x1C, 0x00, 0x78,
    0x3C, 0x00, 0x38, 0x3C, 0x00, 0x38, 0x78, 0x00, 0x38, 0x78, 0x00, 0x18, 0x78, 0x00, 0x00, 0xF8, 0x00, 0x00, 0xF8,
    0x00, 0x00, 0xF0, 0x00, 0x00, 0xF0, 0x00, 0x00, 0xF0, 0x00, 0x00, 0xF0, 0x0F, 0xFE, 0xF0, 0x0F, 0xFE, 0xF0, 0x00,
    0xF8, 0xF0, 0x00, 0xF8, 0xF0, 0x00, 0xF8, 0xF0, 0x00, 0xF8, 0xF8, 0x00, 0xF8, 0xF8, 0x00, 0xF8, 0xF8, 0x00, 0xF8,
    0x78, 0x00, 0xF8, 0x78, 0x00, 0xF8, 0x7C, 0x00, 0xF8, 0x3C, 0x00, 0xF8, 0x3C, 0x00, 0xF8, 0x1E, 0x00, 0xF8, 0x1E,
    0x00, 0xF8, 0x0F, 0x00, 0xF8, 0x07, 0xC1, 0xF8, 0x03, 0xFF, 0xF0, 0x00, 0xFF, 0xC0, 0x7F, 0xF1, 0xFF, 0xE7, 0xFC,
    0x1F, 0xF8, 0x3E, 0x00, 0x78, 0x07, 0x80, 0x0F, 0x00, 0xF0, 0x01, 0xE0, 0x1E, 0x00, 0x3C, 0x03, 0xC0, 0x07, 0x80,
    0x78, 0x00, 0xF0, 0x0F, 0x00, 0x1E, 0x01, 0xE0, 0x03, 0xC0, 0x3C, 0x00, 0x78, 0x07, 0x80, 0x0F, 0x00, 0xF0, 0x01,
    0xE0, 0x1E, 0x00, 0x3C, 0x03, 0xC0, 0x07, 0x80, 0x78, 0x00, 0xF0, 0x0F, 0x80, 0x1E, 0x01, 0xFF, 0xFF, 0xC0, 0x3F,
    0xFF, 0xF8, 0x07, 0x80, 0x0F, 0x00, 0xF0, 0x01, 0xE0, 0x1E, 0x00, 0x3C, 0x03, 0xC0, 0x07, 0x80, 0x78, 0x00, 0xF0,
    0x0F, 0x00, 0x1E, 0x01, 0xE0, 0x03, 0xC0, 0x3C, 0x00, 0x78, 0x07, 0x80, 0x0F, 0x00, 0xF0, 0x01, 0xE0, 0x1E, 0x00,
    0x3C, 0x03, 0xC0, 0x07, 0x80, 0x78, 0x00, 0xF0, 0x0F, 0x00, 0x1E, 0x01, 0xE0, 0x03, 0xC0, 0xFF, 0x83, 0xFF, 0x3F,
    0xF8, 0xFF, 0xF0, 0x7F, 0xF3, 0xFE, 0x0F, 0x00, 0xF0, 0x0F, 0x00, 0xF0, 0x0F, 0x00, 0xF0, 0x0F, 0x00, 0xF0, 0x0F,
    0x00, 0xF0, 0x0F, 0x00, 0xF0, 0x0F, 0x00, 0xF0, 0x0F, 0x00, 0xF0, 0x0F, 0x00, 0xF0, 0x0F, 0x00, 0xF0, 0x0F, 0x00,
    0xF0, 0x0F, 0x00, 0xF0, 0x0F, 0x00, 0xF0, 0x0F, 0x00, 0xF0, 0x0F, 0x00, 0xF0, 0x0F, 0x00, 0xF0, 0x3F, 0xE7, 0xFF,
    0x0F, 0xFE, 0x0F, 0xF8, 0x07, 0x80, 0x0F, 0x00, 0x1E, 0x00, 0x3C, 0x00, 0x78, 0x00, 0xF0, 0x01, 0xE0, 0x03, 0xC0,
    0x07, 0x80, 0x0F, 0x00, 0x1E, 0x00, 0x3C, 0x00, 0x78, 0x00, 0xF0, 0x01, 0xE0, 0x03, 0xC0, 0x07, 0x80, 0x0F, 0x00,
    0x1E, 0x00, 0x3C, 0x00, 0x78, 0x00, 0xF0, 0x01, 0xE0, 0x03, 0xC0, 0x07, 0x80, 0x0F, 0x00, 0x1E, 0x00, 0x3C, 0x00,
    0x78, 0x00, 0xF0, 0x01, 0xE0, 0x03, 0xC0, 0x07, 0x80, 0x0F, 0x00, 0x1E, 0x00, 0x3C, 0x00, 0x78, 0x00, 0xF0, 0x01,
    0xC0, 0xE3, 0x83, 0xC7, 0x07, 0xDC, 0x0F, 0xF0, 0x0F, 0xC0, 0x0F, 0x00, 0x00, 0x7F, 0xF1, 0xFF, 0x8F, 0xF8, 0x3F,
    0xC0, 0xF0, 0x07, 0x80, 0x3C, 0x01, 0xC0, 0x0F, 0x00, 0xE0, 0x03, 0xC0, 0x30, 0x00, 0xF0, 0x1C, 0x00, 0x3C, 0x06,
    0x00, 0x0F, 0x03, 0x80, 0x03, 0xC1, 0xC0, 0x00, 0xF0, 0x60, 0x00, 0x3C, 0x38, 0x00, 0x0F, 0x1C, 0x00, 0x03, 0xC6,
    0x00, 0x00, 0xF3, 0x80, 0x00, 0x3D, 0xE0, 0x00, 0x0F, 0x7C, 0x00, 0x03, 0xFF, 0x00, 0x00, 0xFF, 0xE0, 0x00, 0x3E,
    0x78, 0x00, 0x0F, 0x9F, 0x00, 0x03, 0xC3, 0xC0, 0x00, 0xF0, 0xF8, 0x00, 0x3C, 0x1E, 0x00, 0x0F, 0x07, 0xC0, 0x03,
    0xC0, 0xF8, 0x00, 0xF0, 0x3E, 0x00, 0x3C, 0x07, 0xC0, 0x0F, 0x01, 0xF0, 0x03, 0xC0, 0x3E, 0x00, 0xF0, 0x0F, 0x80,
    0x3C, 0x01, 0xF0, 0x0F, 0x00, 0x7C, 0x03, 0xC0, 0x0F, 0x83, 0xFE, 0x0F, 0xF9, 0xFF, 0xC7, 0xFF, 0x7F, 0xF0, 0x03,
    0xFE, 0x00, 0x0F, 0x00, 0x00, 0xF0, 0x00, 0x0F, 0x00, 0x00, 0xF0, 0x00, 0x0F, 0x00, 0x00, 0xF0, 0x00, 0x0F, 0x00,
    0x00, 0xF0, 0x00, 0x0F, 0x00, 0x00, 0xF0, 0x00, 0x0F, 0x00, 0x00, 0xF0, 0x00, 0x0F, 0x00, 0x00, 0xF0, 0x00, 0x0F,
    0x00, 0x00, 0xF0, 0x00, 0x0F, 0x00, 0x00, 0xF0, 0x00, 0x0F, 0x00, 0x00, 0xF0, 0x00, 0x0F, 0x00, 0x00, 0xF0, 0x00,
    0x0F, 0x00, 0x30, 0xF0, 0x03, 0x0F, 0x00, 0x30, 0xF0, 0x03, 0x0F, 0x00, 0x70, 0xF0, 0x07, 0x0F, 0x00, 0x70, 0xF0,
    0x0F, 0x0F, 0x80, 0xF0, 0xF8, 0x1F, 0x3F, 0xFF, 0xE7, 0xFF, 0xFE, 0x7F, 0xC0, 0x01, 0xFF, 0x1F, 0xF0, 0x00, 0xFF,
    0x01, 0xF8, 0x00, 0x7E, 0x00, 0xFC, 0x00, 0x7E, 0x00, 0x7E, 0x00, 0x3F, 0x00, 0x3F, 0x80, 0x1F, 0x80, 0x1B, 0xC0,
    0x0F, 0xE0, 0x0D, 0xE0, 0x0F, 0xF0, 0x06, 0xF0, 0x06, 0xF8, 0x03, 0x7C, 0x03, 0x7C, 0x01, 0x9E, 0x01, 0xBE, 0x00,
    0xCF, 0x01, 0xDF, 0x00, 0x67, 0x80, 0xC7, 0x80, 0x33, 0xE0, 0x63, 0xC0, 0x18, 0xF0, 0x31, 0xE0, 0x1C, 0x78, 0x38,
    0xF0, 0x0E, 0x3C, 0x18, 0x78, 0x07, 0x1F, 0x0C, 0x3C, 0x03, 0x87, 0x86, 0x1E, 0x01, 0xC3, 0xC7, 0x0F, 0x00, 0xE1,
    0xE3, 0x07, 0x80, 0x70, 0xF9, 0x83, 0xC0, 0x38, 0x3C, 0xC1, 0xE0, 0x1C, 0x1E, 0xE0, 0xF0, 0x0C, 0x0F, 0x60, 0x78,
    0x06, 0x07, 0xF0, 0x3C, 0x03, 0x01, 0xF8, 0x1E, 0x01, 0x80, 0xFC, 0x0F, 0x00, 0xC0, 0x7C, 0x07, 0x80, 0x60, 0x3E,
    0x03, 0xC0, 0x30, 0x0F, 0x01, 0xE0, 0x18, 0x07, 0x80, 0xF0, 0x0C, 0x03, 0x80, 0x78, 0x07, 0x01, 0xC0, 0x3E, 0x1F,
    0xE0, 0x60, 0x7F, 0xDF, 0xF8, 0x20, 0x7F, 0xF0, 0x7F, 0x80, 0x7F, 0xCF, 0xF0, 0x07, 0xF8, 0x3F, 0x00, 0x38, 0x07,
    0xE0, 0x03, 0x00, 0xFE, 0x00, 0x60, 0x1F, 0xC0, 0x0C, 0x03, 0xFC, 0x01, 0x80, 0x6F, 0x80, 0x30, 0x0D, 0xF0, 0x06,
    0x01, 0x9F, 0x00, 0xC0, 0x33, 0xE0, 0x18, 0x06, 0x3E, 0x03, 0x00, 0xC7, 0xC0, 0x60, 0x18, 0x7C, 0x0C, 0x03, 0x0F,
    0x81, 0x80, 0x60, 0xF8, 0x30, 0x0C, 0x1F, 0x06, 0x01, 0x81, 0xF0, 0xC0, 0x30, 0x3E, 0x18, 0x06, 0x07, 0xC3, 0x00,
    0xC0, 0x7C, 0x60, 0x18, 0x0F, 0x8C, 0x03, 0x00, 0xF9, 0x80, 0x60, 0x1F, 0x30, 0x0C, 0x01, 0xF6, 0x01, 0x80, 0x3E,
    0xC0, 0x30, 0x03, 0xF8, 0x06, 0x00, 0x7F, 0x00, 0xC0, 0x07, 0xE0, 0x18, 0x00, 0xFC, 0x03, 0x00, 0x0F, 0x80, 0x60,
    0x01, 0xF0, 0x0C, 0x00, 0x3E, 0x01, 0xC0, 0x03, 0xC1, 0xFE, 0x00, 0x78, 0x3F, 0xE0, 0x07, 0x00, 0x00, 0x7C, 0x00,
    0x03, 0xFE, 0x00, 0x0F, 0x1E, 0x00, 0x38, 0x0E, 0x00, 0xE0, 0x0E, 0x03, 0xC0, 0x1E, 0x07, 0x00, 0x1C, 0x1E, 0x00,
    0x3C, 0x38, 0x00, 0x38, 0xF0, 0x00, 0x79, 0xE0, 0x00, 0xF3, 0xC0, 0x01, 0xEF, 0x80, 0x03, 0xFF, 0x00, 0x07, 0xFC,
    0x00, 0x07, 0xF8, 0x00, 0x0F, 0xF0, 0x00, 0x1F, 0xE0, 0x00, 0x3F, 0xC0, 0x00, 0x7F, 0x80, 0x00, 0xFF, 0x00, 0x01,
    0xFE, 0x00, 0x03, 0xFC, 0x00, 0x07, 0xFC, 0x00, 0x1F, 0xF8, 0x00, 0x3F, 0xF0, 0x00, 0x7D, 0xE0, 0x00, 0xF3, 0xC0,
    0x01, 0xE7, 0x80, 0x03, 0xC7, 0x80, 0x0F, 0x0F, 0x00, 0x1E, 0x0E, 0x00, 0x38, 0x1E, 0x00, 0xF0, 0x1E, 0x03, 0xC0,
    0x1E, 0x0F, 0x00, 0x1F, 0xFC, 0x00, 0x0F, 0xE0, 0x00, 0x7F, 0xFF, 0x80, 0x7F, 0xFF, 0x80, 0x3E, 0x07, 0xC0, 0x78,
    0x07, 0x80, 0xF0, 0x07, 0x81, 0xE0, 0x0F, 0x83, 0xC0, 0x0F, 0x07, 0x80, 0x1E, 0x0F, 0x00, 0x3C, 0x1E, 0x00, 0x78,
    0x3C, 0x00, 0xF0, 0x78, 0x01, 0xE0, 0xF0, 0x03, 0xC1, 0xE0, 0x0F, 0x83, 0xC0, 0x1E, 0x07, 0x80, 0x7C, 0x0F, 0x81,
    0xF0, 0x1F, 0x9F, 0xC0, 0x3F, 0xFE, 0x00, 0x7F, 0xE0, 0x00, 0xF0, 0x00, 0x01, 0xE0, 0x00, 0x03, 0xC0, 0x00, 0x07,
    0x80, 0x00, 0x0F, 0x00, 0x00, 0x1E, 0x00, 0x00, 0x3C, 0x00, 0x00, 0x78, 0x00, 0x00, 0xF0, 0x00, 0x01, 0xE0, 0x00,
    0x03, 0xC0, 0x00, 0x07, 0x80, 0x00, 0x0F, 0x00, 0x00, 0x1F, 0x00, 0x00, 0xFF, 0xC0, 0x03, 0xFF, 0xC0, 0x00, 0x00,
    0x7C, 0x00, 0x00, 0xFF, 0x80, 0x00, 0xF1, 0xE0, 0x00, 0xE0, 0x38, 0x00, 0xE0, 0x0E, 0x00, 0xF0, 0x07, 0x80, 0x70,
    0x01, 0xC0, 0x78, 0x00, 0xF0, 0x38, 0x00, 0x38, 0x3C, 0x00, 0x1E, 0x1E, 0x00, 0x0F, 0x0F, 0x00, 0x07, 0x8F, 0x80,
    0x03, 0xE7, 0xC0, 0x01, 0xF3, 0xC0, 0x00, 0x79, 0xE0, 0x00, 0x3C, 0xF0, 0x00, 0x1E, 0x78, 0x00, 0x0F, 0x3C, 0x00,
    0x07, 0x9E, 0x00, 0x03, 0xCF, 0x00, 0x01, 0xE7, 0x80, 0x00, 0xF3, 0xC0, 0x00, 0x79, 0xE0, 0x00, 0x7C, 0xF8, 0x00,
    0x3E, 0x7C, 0x00, 0x1F, 0x1E, 0x00, 0x0F, 0x0F, 0x00, 0x07, 0x87, 0x80, 0x03, 0xC1, 0xC0, 0x01, 0xC0, 0xF0, 0x01,
    0xE0, 0x38, 0x00, 0xE0, 0x1E, 0x00, 0xF0, 0x07, 0x00, 0x70, 0x01, 0xC0, 0x70, 0x00, 0x78, 0xF0, 0x00, 0x1F, 0xF0,
    0x00, 0x01, 0xE0, 0x00, 0x00, 0x78, 0x00, 0x00, 0x3C, 0x00, 0x00, 0x1F, 0x00, 0x00, 0x07, 0x80, 0x00, 0x03, 0xC0,
    0x00, 0x01, 0xF0, 0x00, 0x00, 0x7C, 0x00, 0x00, 0x1F, 0x0C, 0x00, 0x07, 0xFE, 0x00, 0x00, 0xFC, 0x7F, 0xFF, 0x00,
    0x07, 0xFF, 0xF8, 0x00, 0x3E, 0x07, 0xC0, 0x07, 0x80, 0x7C, 0x00, 0xF0, 0x07, 0x80, 0x1E, 0x00, 0xF8, 0x03, 0xC0,
    0x0F, 0x00, 0x78, 0x01, 0xE0, 0x0F, 0x00, 0x3C, 0x01, 0xE0, 0x07, 0x80, 0x3C, 0x00, 0xF0, 0x07, 0x80, 0x1E, 0x00,
    0xF0, 0x07, 0xC0, 0x1E, 0x00, 0xF0, 0x03, 0xC0, 0x3E, 0x00, 0x7C, 0x0F, 0x80, 0x0F, 0xCF, 0xE0, 0x01, 0xFF, 0xF0,
    0x00, 0x3F, 0xFC, 0x00, 0x07, 0x83, 0xC0, 0x00, 0xF0, 0x3C, 0x00, 0x1E, 0x03, 0xC0, 0x03, 0xC0, 0x78, 0x00, 0x78,
    0x0F, 0x00, 0x0F, 0x01, 0xF0, 0x01, 0xE0, 0x1E, 0x00, 0x3C, 0x03, 0xC0, 0x07, 0x80, 0x78, 0x00, 0xF0, 0x0F, 0x00,
    0x1E, 0x01, 0xF0, 0x03, 0xC0, 0x1E, 0x00, 0x78, 0x03, 0xC0, 0x0F, 0x00, 0x7C, 0x01, 0xF0, 0x07, 0xD8, 0xFF, 0xC0,
    0xFF, 0x3F, 0xFC, 0x07, 0xC0, 0x03, 0xF0, 0x07, 0xFF, 0x07, 0x0F, 0x87, 0x03, 0xE7, 0x00, 0xF7, 0x80, 0x7B, 0xC0,
    0x3D, 0xE0, 0x0E, 0xF0, 0x07, 0x78, 0x03, 0xBE, 0x00, 0xDF, 0x00, 0x07, 0xC0, 0x03, 0xF0, 0x00, 0xFE, 0x00, 0x3F,
    0x80, 0x0F, 0xE0, 0x03, 0xF8, 0x00, 0xFE, 0x00, 0x3F, 0x80, 0x07, 0xE0, 0x01, 0xF0, 0x00, 0x7C, 0x00, 0x3E, 0x00,
    0x0F, 0x80, 0x03, 0xF0, 0x01, 0xF8, 0x00, 0xFC, 0x00, 0x7F, 0x00, 0x3F, 0x80, 0x1F, 0xC0, 0x0F, 0xF0, 0x07, 0x78,
    0x07, 0x3E, 0x07, 0x9F, 0xFF, 0x03, 0xFF, 0x00, 0x70, 0x00, 0x1C, 0xFF, 0xFF, 0xF9, 0xFF, 0xFF, 0xF3, 0xE3, 0xE3,
    0xE7, 0x07, 0xC1, 0xFE, 0x0F, 0x83, 0xF8, 0x1F, 0x03, 0xF0, 0x3E, 0x07, 0xE0, 0x7C, 0x0F, 0xC0, 0xF8, 0x0F, 0x01,
    0xF0, 0x1A, 0x03, 0xE0, 0x30, 0x07, 0xC0, 0x00, 0x0F, 0x80, 0x00, 0x1F, 0x00, 0x00, 0x3E, 0x00, 0x00, 0x7C, 0x00,
    0x00, 0xF8, 0x00, 0x01, 0xF0, 0x00, 0x03, 0xE0, 0x00, 0x07, 0xC0, 0x00, 0x0F, 0x80, 0x00, 0x1F, 0x00, 0x00, 0x3E,
    0x00, 0x00, 0x7C, 0x00, 0x00, 0xF8, 0x00, 0x01, 0xF0, 0x00, 0x03, 0xE0, 0x00, 0x07, 0xC0, 0x00, 0x0F, 0x80, 0x00,
    0x1F, 0x00, 0x00, 0x3E, 0x00, 0x00, 0x7C, 0x00, 0x00, 0xF8, 0x00, 0x01, 0xF0, 0x00, 0x1F, 0xFC, 0x00, 0x7F, 0xFC,
    0x00, 0xFF, 0xE0, 0xFF, 0x9F, 0xF0, 0x1F, 0xC1, 0xF0, 0x01, 0xC0, 0x7C, 0x00, 0x30, 0x1F, 0x00, 0x0C, 0x07, 0xC0,
    0x03, 0x01, 0xF0, 0x00, 0xC0, 0x7C, 0x00, 0x30, 0x1F, 0x00, 0x0C, 0x07, 0xC0, 0x03, 0x01, 0xF0, 0x00, 0xC0, 0x7C,
    0x00, 0x30, 0x1F, 0x00, 0x0C, 0x07, 0xC0, 0x03, 0x01, 0xF0, 0x00, 0xC0, 0x7C, 0x00, 0x30, 0x1F, 0x00, 0x0C, 0x07,
    0xC0, 0x03, 0x01, 0xF0, 0x00, 0xC0, 0x7C, 0x00, 0x30, 0x1F, 0x00, 0x0C, 0x07, 0xC0, 0x03, 0x01, 0xF0, 0x00, 0xC0,
    0x7C, 0x00, 0x30, 0x1F, 0x00, 0x0C, 0x07, 0xC0, 0x03, 0x01, 0xF0, 0x00, 0xC0, 0x7C, 0x00, 0x30, 0x1F, 0x00, 0x1C,
    0x03, 0xC0, 0x07, 0x00, 0xF0, 0x01, 0x80, 0x1E, 0x00, 0xE0, 0x07, 0xC0, 0x70, 0x00, 0xFC, 0x7C, 0x00, 0x1F, 0xFC,
    0x00, 0x01, 0xFE, 0x00, 0xFF, 0xC0, 0xFF, 0xBF, 0xE0, 0x3F, 0x87, 0xC0, 0x07, 0x03, 0xE0, 0x03, 0x81, 0xF0, 0x01,
    0x80, 0x78, 0x00, 0xC0, 0x3C, 0x00, 0xE0, 0x1F, 0x00, 0x70, 0x0F, 0x80, 0x30, 0x03, 0xC0, 0x18, 0x01, 0xE0, 0x1C,
    0x00, 0xF8, 0x0E, 0x00, 0x7C, 0x06, 0x00, 0x1E, 0x03, 0x00, 0x0F, 0x03, 0x80, 0x07, 0xC1, 0xC0, 0x03, 0xE0, 0xC0,
    0x00, 0xF0, 0x60, 0x00, 0x78, 0x70, 0x00, 0x3E, 0x38, 0x00, 0x1F, 0x18, 0x00, 0x07, 0x8C, 0x00, 0x03, 0xCE, 0x00,
    0x01, 0xE7, 0x00, 0x00, 0xFB, 0x00, 0x00, 0x3D, 0x80, 0x00, 0x1F, 0xC0, 0x00, 0x0F, 0xE0, 0x00, 0x07, 0xE0, 0x00,
    0x01, 0xF0, 0x00, 0x00, 0xF8, 0x00, 0x00, 0x7C, 0x00, 0x00, 0x3C, 0x00, 0x00, 0x0E, 0x00, 0x00, 0x07, 0x00, 0x00,
    0x03, 0x80, 0x00, 0x00, 0x80, 0x00, 0xFF, 0xDF, 0xFF, 0xFF, 0xEF, 0xF1, 0xF8, 0xF1, 0xF8, 0x7C, 0x1F, 0x0C, 0x1C,
    0x0F, 0x81, 0xE3, 0x83, 0x81, 0xF0, 0x3C, 0x60, 0x60, 0x1E, 0x07, 0x8C, 0x0C, 0x03, 0xC0, 0xFB, 0x81, 0x80, 0x7C,
    0x0F, 0x60, 0x70, 0x0F, 0x81, 0xEC, 0x0C, 0x00, 0xF0, 0x3F, 0x81, 0x80, 0x1E, 0x07, 0xE0, 0x30, 0x03, 0xE0, 0x7C,
    0x0E, 0x00, 0x7C, 0x0F, 0x81, 0x80, 0x07, 0x81, 0xF0, 0x30, 0x00, 0xF0, 0x3E, 0x06, 0x00, 0x1F, 0x07, 0xC1, 0xC0,
    0x03, 0xE0, 0xF8, 0x30, 0x00, 0x3C, 0x1F, 0x06, 0x00, 0x07, 0x83, 0xE1, 0xC0, 0x00, 0xF8, 0x7E, 0x38, 0x00, 0x1F,
    0x1F, 0xC6, 0x00, 0x01, 0xE3, 0x78, 0xC0, 0x00, 0x3C, 0x6F, 0x38, 0x00, 0x07, 0xDD, 0xF7, 0x00, 0x00, 0xFB, 0x9E,
    0xC0, 0x00, 0x0F, 0x63, 0xD8, 0x00, 0x01, 0xEC, 0x7F, 0x00, 0x00, 0x3F, 0x8F, 0xE0, 0x00, 0x07, 0xE0, 0xF8, 0x00,
    0x00, 0x7C, 0x1F, 0x00, 0x00, 0x0F, 0x83, 0xE0, 0x00, 0x01, 0xF0, 0x7C, 0x00, 0x00, 0x3C, 0x07, 0x00, 0x00, 0x03,
    0x80, 0xE0, 0x00, 0x00, 0x70, 0x1C, 0x00, 0x00, 0x0E, 0x03, 0x80, 0x00, 0x00, 0x80, 0x20, 0x00, 0xFF, 0xE1, 0xFF,
    0x9F, 0xF0, 0x3F, 0xC0, 0xF0, 0x03, 0x80, 0x3E, 0x00, 0xC0, 0x07, 0x80, 0x70, 0x01, 0xF0, 0x18, 0x00, 0x3C, 0x06,
    0x00, 0x0F, 0x03, 0x80, 0x03, 0xE0, 0xC0, 0x00, 0x78, 0x70, 0x00, 0x1F, 0x18, 0x00, 0x03, 0xC6, 0x00, 0x00, 0xFB,
    0x00, 0x00, 0x1E, 0xC0, 0x00, 0x07, 0xF0, 0x00, 0x00, 0xF8, 0x00, 0x00, 0x3E, 0x00, 0x00, 0x0F, 0x80, 0x00, 0x01,
    0xE0, 0x00, 0x00, 0xFC, 0x00, 0x00, 0x3F, 0x00, 0x00, 0x1F, 0xE0, 0x00, 0x06, 0x78, 0x00, 0x01, 0x9F, 0x00, 0x00,
    0xE3, 0xC0, 0x00, 0x30, 0xF0, 0x00, 0x1C, 0x3E, 0x00, 0x06, 0x07, 0x80, 0x01, 0x81, 0xF0, 0x00, 0xE0, 0x3C, 0x00,
    0x30, 0x0F, 0x80, 0x1C, 0x01, 0xE0, 0x06, 0x00, 0x7C, 0x03, 0x80, 0x1F, 0x0F, 0xF8, 0x1F, 0xFB, 0xFF, 0x0F, 0xFF,
    0xFF, 0xC0, 0x7F, 0xDF, 0xF0, 0x0F, 0xE1, 0xE0, 0x00, 0xE0, 0x7C, 0x00, 0x38, 0x0F, 0x00, 0x0C, 0x03, 0xE0, 0x07,
    0x00, 0x78, 0x01, 0x80, 0x1F, 0x00, 0xE0, 0x07, 0xC0, 0x30, 0x00, 0xF8, 0x1C, 0x00, 0x3E, 0x06, 0x00, 0x07, 0x83,
    0x80, 0x01, 0xF0, 0xC0, 0x00, 0x3C, 0x70, 0x00, 0x0F, 0x98, 0x00, 0x01, 0xE6, 0x00, 0x00, 0x7F, 0x00, 0x00, 0x0F,
    0xC0, 0x00, 0x03, 0xE0, 0x00, 0x00, 0x78, 0x00, 0x00, 0x1E, 0x00, 0x00, 0x07, 0x80, 0x00, 0x01, 0xE0, 0x00, 0x00,
    0x78, 0x00, 0x00, 0x1E, 0x00, 0x00, 0x07, 0x80, 0x00, 0x01, 0xE0, 0x00, 0x00, 0x78, 0x00, 0x00, 0x1E, 0x00, 0x00,
    0x07, 0x80, 0x00, 0x01, 0xE0, 0x00, 0x00, 0x78, 0x00, 0x00, 0x1E, 0x00, 0x00, 0x07, 0x80, 0x00, 0x1F, 0xFE, 0x00,
    0x0F, 0xFF, 0xC0, 0x1C, 0x00, 0x01, 0xFF, 0xFF, 0x8F, 0xFF, 0xFC, 0x7C, 0x03, 0xE3, 0xC0, 0x1E, 0x1C, 0x01, 0xF0,
    0xE0, 0x0F, 0x07, 0x00, 0xF8, 0x30, 0x07, 0x81, 0x80, 0x7C, 0x0C, 0x03, 0xC0, 0x00, 0x3E, 0x00, 0x01, 0xF0, 0x00,
    0x0F, 0x00, 0x00, 0xF8, 0x00, 0x07, 0x80, 0x00, 0x7C, 0x00, 0x03, 0xC0, 0x00, 0x3E, 0x00, 0x01, 0xE0, 0x00, 0x1F,
    0x00, 0x00, 0xF8, 0x00, 0x07, 0x80, 0x00, 0x7C, 0x00, 0x03, 0xC0, 0x00, 0x3E, 0x00, 0x81, 0xE0, 0x0C, 0x1F, 0x00,
    0x60, 0xF0, 0x03, 0x0F, 0x80, 0x18, 0x7C, 0x01, 0xC7, 0xC0, 0x0E, 0x3E, 0x00, 0x71, 0xE0, 0x07, 0x9F, 0x00, 0x7C,
    0xFF, 0xFF, 0xE7, 0xFF, 0xFF, 0x00, 0xFF, 0xFF, 0xEF, 0x03, 0xC0, 0xF0, 0x3C, 0x0F, 0x03, 0xC0, 0xF0, 0x3C, 0x0F,
    0x03, 0xC0, 0xF0, 0x3C, 0x0F, 0x03, 0xC0, 0xF0, 0x3C, 0x0F, 0x03, 0xC0, 0xF0, 0x3C, 0x0F, 0x03, 0xC0, 0xF0, 0x3C,
    0x0F, 0x03, 0xC0, 0xF0, 0x3C, 0x0F, 0x03, 0xC0, 0xF0, 0x3C, 0x0F, 0x03, 0xC0, 0xF0, 0x3C, 0x0F, 0x03, 0xC0, 0xF0,
    0x3F, 0xF7, 0xF8, 0xC0, 0x07, 0x00, 0x38, 0x00, 0xC0, 0x06, 0x00, 0x30, 0x01, 0xC0, 0x06, 0x00, 0x30, 0x01, 0x80,
    0x0E, 0x00, 0x70, 0x01, 0x80, 0x0C, 0x00, 0x70, 0x03, 0x80, 0x0C, 0x00, 0x60, 0x03, 0x00, 0x1C, 0x00, 0x60, 0x03,
    0x00, 0x18, 0x00, 0xE0, 0x07, 0x00, 0x18, 0x00, 0xC0, 0x06, 0x00, 0x38, 0x00, 0xC0, 0x06, 0x00, 0x30, 0x01, 0xC0,
    0x0E, 0x00, 0x30, 0x01, 0x80, 0x0E, 0x00, 0x70, 0x01, 0x80, 0x0C, 0x00, 0x60, 0x03, 0x80, 0x0C, 0x00, 0x60, 0x03,
    0x00, 0x1C, 0x00, 0xE0, 0xFF, 0xFF, 0xC0, 0xE0, 0x70, 0x38, 0x1C, 0x0E, 0x07, 0x03, 0x81, 0xC0, 0xE0, 0x70, 0x38,
    0x1C, 0x0E, 0x07, 0x03, 0x81, 0xC0, 0xE0, 0x70, 0x38, 0x1C, 0x0E, 0x07, 0x03, 0x81, 0xC0, 0xE0, 0x70, 0x38, 0x1C,
    0x0E, 0x07, 0x03, 0x81, 0xC0, 0xE0, 0x70, 0x38, 0x1C, 0x0E, 0x07, 0x03, 0xFF, 0xFF, 0xC0, 0x01, 0xE0, 0x01, 0xF0,
    0x00, 0xFC, 0x00, 0xFE, 0x00, 0x7F, 0x80, 0x79, 0xE0, 0x38, 0xF0, 0x3C, 0x3C, 0x1C, 0x0E, 0x1C, 0x03, 0x8C, 0x01,
    0xCE, 0x00, 0x76, 0x00, 0x18, 0x00, 0x00, 0x1F, 0xFF, 0xF9, 0xFF, 0xFF, 0x00, 0xF0, 0x0F, 0x80, 0xFE, 0x07, 0xF0,
    0x1F, 0x80, 0x7E, 0x01, 0xF0, 0x07, 0x00, 0x00, 0x03, 0xF8, 0x01, 0xFF, 0x80, 0x78, 0xF0, 0x1E, 0x0F, 0x07, 0x81,
    0xE0, 0xF0, 0x3C, 0x3E, 0x07, 0x87, 0xC0, 0xF0, 0xF0, 0x1E, 0x08, 0x03, 0xC0, 0x00, 0x78, 0x00, 0x3F, 0x00, 0x1F,
    0xE0, 0x0F, 0x3C, 0x03, 0x87, 0x81, 0xE0, 0xF0, 0x38, 0x1E, 0x0F, 0x03, 0xC3, 0xC0, 0x79, 0xF8, 0x1F, 0x3F, 0x03,
    0xE7, 0xE0, 0x7C, 0xFE, 0x1F, 0xBF, 0xFE, 0x7E, 0x7F, 0x8F, 0xC7, 0xE0, 0xF0, 0x0E, 0x00, 0x03, 0xF0, 0x00, 0x3F,
    0x80, 0x00, 0xFC, 0x00, 0x01, 0xE0, 0x00, 0x0F, 0x00, 0x00, 0x78, 0x00, 0x03, 0xC0, 0x00, 0x1E, 0x00, 0x00, 0xF0,
    0x00, 0x07, 0x80, 0x00, 0x3C, 0xFC, 0x01, 0xEF, 0xF8, 0x0F, 0xFF, 0xE0, 0x7C, 0x1F, 0x03, 0xE0, 0x7C, 0x1E, 0x01,
    0xE0, 0xF0, 0x0F, 0x87, 0x80, 0x3C, 0x3C, 0x01, 0xE1, 0xE0, 0x0F, 0x0F, 0x00, 0x78, 0x78, 0x03, 0xE3, 0xC0, 0x1F,
    0x1E, 0x00, 0xF0, 0xF0, 0x07, 0x87, 0x80, 0x3C, 0x3C, 0x01, 0xE1, 0xE0, 0x0F, 0x0F, 0x00, 0xF0, 0x78, 0x07, 0x83,
    0xC0, 0x3C, 0x1E, 0x03, 0xC0, 0xF0, 0x1C, 0x07, 0xC1, 0xE0, 0x7F, 0xFE, 0x03, 0x1F, 0xC0, 0x00, 0x03, 0xF8, 0x0F,
    0xF8, 0x38, 0xF0, 0xE0, 0xE3, 0x81, 0xC7, 0x01, 0x9E, 0x03, 0x3C, 0x06, 0xF0, 0x05, 0xE0, 0x03, 0xC0, 0x07, 0x80,
    0x0F, 0x00, 0x1E, 0x00, 0x3C, 0x00, 0x78, 0x00, 0xF0, 0x07, 0xF0, 0x0F, 0xE0, 0x1B, 0xC0, 0x37, 0xC0, 0xCF, 0x83,
    0x8F, 0xCF, 0x0F, 0xFC, 0x1F, 0xF0, 0x0F, 0xC0, 0x00, 0x01, 0xC0, 0x00, 0x3F, 0x00, 0x01, 0xFC, 0x00, 0x03, 0xF0,
    0x00, 0x03, 0xC0, 0x00, 0x0F, 0x00, 0x00, 0x3C, 0x00, 0x00, 0xF0, 0x00, 0x03, 0xC0, 0x00, 0x0F, 0x00, 0x00, 0x3C,
    0x00, 0x7F, 0xF0, 0x07, 0xFF, 0xC0, 0x3C, 0x1F, 0x01, 0xE0, 0x7C, 0x07, 0x00, 0xF0, 0x3C, 0x03, 0xC0, 0xE0, 0x0F,
    0x07, 0x80, 0x3C, 0x1E, 0x00, 0xF0, 0x78, 0x03, 0xC3, 0xE0, 0x0F, 0x0F, 0x80, 0x3C, 0x3E, 0x00, 0xF0, 0xF8, 0x03,
    0xC3, 0xE0, 0x0F, 0x0F, 0x80, 0x3C, 0x3E, 0x00, 0xF0, 0xF8, 0x03, 0xC1, 0xE0, 0x0F, 0x37, 0x80, 0x7C, 0xDF, 0x01,
    0xF3, 0x3C, 0x0F, 0xCC, 0xF8, 0x3F, 0x71, 0xFF, 0xBF, 0x83, 0xFC, 0x7E, 0x07, 0xE1, 0xF0, 0x03, 0xF0, 0x0F, 0xF8,
    0x1E, 0x1C, 0x3C, 0x1E, 0x38, 0x1E, 0x78, 0x0E, 0x78, 0x0F, 0x70, 0x0F, 0xF0, 0x0F, 0xF0, 0x3F, 0xFF, 0xFF, 0xFF,
    0xFE, 0xF0, 0x00, 0xF0, 0x00, 0xF0, 0x00, 0xF0, 0x00, 0xF0, 0x02, 0xF8, 0x03, 0xF8, 0x03, 0x78, 0x06, 0x7C, 0x06,
    0x3C, 0x0E, 0x3F, 0x1C, 0x1F, 0xFC, 0x0F, 0xF8, 0x07, 0xF0, 0x00, 0xFC, 0x01, 0xFE, 0x03, 0x9F, 0x07, 0x1F, 0x07,
    0x0F, 0x0F, 0x06, 0x0F, 0x00, 0x0F, 0x00, 0x0F, 0x00, 0x0F, 0x00, 0x1F, 0x00, 0x7F, 0xFC, 0x3F, 0xF8, 0x0F, 0x00,
    0x0F, 0x00, 0x0F, 0x00, 0x0F, 0x00, 0x0F, 0x00, 0x0F, 0x00, 0x0F, 0x00, 0x0F, 0x00, 0x0F, 0x00, 0x0F, 0x00, 0x0F,
    0x00, 0x0F, 0x00, 0x0F, 0x00, 0x0F, 0x00, 0x0F, 0x00, 0x0F, 0x00, 0x0F, 0x00, 0x0F, 0x00, 0x0F, 0x00, 0x0F, 0x00,
    0x0F, 0x00, 0x0F, 0x00, 0x7F, 0xF0, 0xFF, 0xF8, 0x00, 0x01, 0xE0, 0x00, 0x3F, 0x00, 0x07, 0xF0, 0x00, 0x6F, 0x03,
    0xFE, 0x00, 0x7F, 0xE0, 0x0F, 0x0F, 0x01, 0xE0, 0xF0, 0x1E, 0x07, 0x83, 0xE0, 0x78, 0x3C, 0x07, 0x83, 0xC0, 0x7C,
    0x3C, 0x07, 0xC3, 0xC0, 0x78, 0x3C, 0x07, 0x81, 0xE0, 0x78, 0x1E, 0x07, 0x00, 0xF0, 0xF0, 0x0F, 0xBE, 0x00, 0x3F,
    0xC0, 0x03, 0xE0, 0x00, 0x70, 0x00, 0x0E, 0x00, 0x01, 0xC0, 0x00, 0x3E, 0x00, 0x03, 0xFF, 0xF0, 0x3F, 0xFF, 0x81,
    0xFF, 0xFC, 0x07, 0x0F, 0xE0, 0xC0, 0x3E, 0x1C, 0x01, 0xE3, 0x80, 0x0F, 0x70, 0x00, 0xF7, 0x00, 0x0E, 0xF0, 0x01,
    0xEF, 0x00, 0x1E, 0x78, 0x03, 0xC7, 0x80, 0x78, 0x3E, 0x0F, 0x01, 0xFF, 0xE0, 0x03, 0xF0, 0x00, 0x06, 0x00, 0x00,
    0x7C, 0x00, 0x01, 0xF8, 0x00, 0x03, 0xF0, 0x00, 0x01, 0xE0, 0x00, 0x03, 0xC0, 0x00, 0x07, 0x80, 0x00, 0x0F, 0x00,
    0x00, 0x1E, 0x00, 0x00, 0x3C, 0x00, 0x00, 0x78, 0x00, 0x00, 0xF0, 0xFE, 0x01, 0xE7, 0xFE, 0x03, 0xDF, 0xFC, 0x07,
    0xF0, 0x7C, 0x0F, 0xC0, 0x78, 0x1F, 0x00, 0xF0, 0x3E, 0x01, 0xE0, 0x7C, 0x03, 0xC0, 0xF8, 0x07, 0x81, 0xE0, 0x0F,
    0x03, 0xC0, 0x1E, 0x07, 0x80, 0x3C, 0x0F, 0x00, 0x78, 0x1E, 0x00, 0xF0, 0x3C, 0x01, 0xE0, 0x78, 0x03, 0xC0, 0xF0,
    0x07, 0x81, 0xE0, 0x0F, 0x03, 0xC0, 0x1E, 0x07, 0x80, 0x3C, 0x0F, 0x00, 0x78, 0x1E, 0x00, 0xF0, 0x3C, 0x01, 0xE0,
    0x7C, 0x03, 0xC3, 0xFE, 0x1F, 0xEF, 0xFE, 0x7F, 0xE0, 0x0F, 0x03, 0xE0, 0x7C, 0x0F, 0x80, 0xF0, 0x00, 0x00, 0x00,
    0x00, 0x00, 0x00, 0x00, 0x0C, 0x07, 0x87, 0xF0, 0xFE, 0x07, 0xC0, 0x78, 0x0F, 0x01, 0xE0, 0x3C, 0x07, 0x80, 0xF0,
    0x1E, 0x03, 0xC0, 0x78, 0x0F, 0x01, 0xE0, 0x3C, 0x07, 0x80, 0xF0, 0x1E, 0x03, 0xC0, 0x78, 0x0F, 0x03, 0xE1, 0xFF,
    0x7F, 0xF0, 0x00, 0xF0, 0x0F, 0x80, 0x7C, 0x03, 0xE0, 0x0F, 0x00, 0x00, 0x00, 0x00, 0x00, 0x00, 0x00, 0x00, 0x00,
    0x0C, 0x01, 0xE0, 0x3F, 0x03, 0xF8, 0x0F, 0xC0, 0x1E, 0x00, 0xF0, 0x07, 0x80, 0x3C, 0x01, 0xE0, 0x0F, 0x00, 0x78,
    0x03, 0xC0, 0x1E, 0x00, 0xF0, 0x07, 0x80, 0x3C, 0x01, 0xE0, 0x0F, 0x00, 0x78, 0x03, 0xC0, 0x1E, 0x00, 0xF0, 0x07,
    0x80, 0x3C, 0x01, 0xE0, 0x0F, 0x00, 0x70, 0x03, 0x80, 0x1C, 0x00, 0xE1, 0x8E, 0x1E, 0x70, 0xF3, 0x07, 0xF8, 0x3F,
    0x80, 0xF0, 0x00, 0x06, 0x00, 0x00, 0x7C, 0x00, 0x01, 0xF8, 0x00, 0x03, 0xF0, 0x00, 0x01, 0xE0, 0x00, 0x03, 0xC0,
    0x00, 0x07, 0x80, 0x00, 0x0F, 0x00, 0x00, 0x1E, 0x00, 0x00, 0x3C, 0x00, 0x00, 0x78, 0x00, 0x00, 0xF0, 0x7F, 0xE1,
    0xE0, 0x7F, 0xC3, 0xC0, 0x3C, 0x07, 0x80, 0xF0, 0x0F, 0x03, 0xC0, 0x1E, 0x07, 0x00, 0x3C, 0x1C, 0x00, 0x78, 0x70,
    0x00, 0xF1, 0xC0, 0x01, 0xE7, 0x80, 0x03, 0xFF, 0x00, 0x07, 0xFE, 0x00, 0x0F, 0xFE, 0x00, 0x1F, 0x3C, 0x00, 0x3E,
    0x7C, 0x00, 0x78, 0x78, 0x00, 0xF0, 0xF8, 0x01, 0xE0, 0xF0, 0x03, 0xC1, 0xF0, 0x07, 0x81, 0xE0, 0x0F, 0x03, 0xE0,
    0x1E, 0x03, 0xE0, 0x3C, 0x07, 0xC0, 0x7C, 0x07, 0xC3, 0xFE, 0x3F, 0xEF, 0xFE, 0xFF, 0xE0, 0x06, 0x07, 0xC3, 0xF8,
    0x3F, 0x01, 0xE0, 0x3C, 0x07, 0x80, 0xF0, 0x1E, 0x03, 0xC0, 0x78, 0x0F, 0x01, 0xE0, 0x3C, 0x07, 0x80, 0xF0, 0x1E,
    0x03, 0xC0, 0x78, 0x0F, 0x01, 0xE0, 0x3C, 0x07, 0x80, 0xF0, 0x1E, 0x03, 0xC0, 0x78, 0x0F, 0x01, 0xE0, 0x3C, 0x07,
    0x80, 0xF0, 0x1E, 0x03, 0xC0, 0x7C, 0x3F, 0xEF, 0xFE, 0x06, 0x1F, 0x81, 0xF8, 0x01, 0xCF, 0xF8, 0x7F, 0x81, 0xFB,
    0xFF, 0xBF, 0xF8, 0x3F, 0xE0, 0xFE, 0x0F, 0x01, 0xF8, 0x1F, 0x81, 0xF0, 0x3E, 0x03, 0xE0, 0x3E, 0x07, 0xC0, 0x7C,
    0x03, 0xC0, 0xF8, 0x0F, 0x80, 0x78, 0x1F, 0x01, 0xF0, 0x0F, 0x03, 0xC0, 0x3E, 0x01, 0xE0, 0x78, 0x07, 0xC0, 0x3C,
    0x0F, 0x00, 0xF8, 0x07, 0x81, 0xE0, 0x1F, 0x00, 0xF0, 0x3C, 0x03, 0xE0, 0x1E, 0x07, 0x80, 0x7C, 0x03, 0xC0, 0xF0,
    0x0F, 0x80, 0x78, 0x1E, 0x01, 0xF0, 0x0F, 0x03, 0xC0, 0x3E, 0x01, 0xE0, 0x78, 0x07, 0xC0, 0x3C, 0x0F, 0x00, 0xF8,
    0x07, 0x81, 0xE0, 0x1F, 0x00, 0xF0, 0x3C, 0x03, 0xE0, 0x1E, 0x07, 0x80, 0x7C, 0x03, 0xC0, 0xF8, 0x0F, 0x80, 0xF8,
    0x7F, 0xC7, 0xFC, 0x7F, 0xDF, 0xFC, 0xFF, 0xCF, 0xFC, 0x06, 0x1F, 0xC0, 0x1C, 0xFF, 0xC1, 0xFB, 0xFF, 0x83, 0xFE,
    0x0F, 0x81, 0xF8, 0x0F, 0x03, 0xE0, 0x1E, 0x07, 0xC0, 0x3C, 0x0F, 0x80, 0x78, 0x1F, 0x00, 0xF0, 0x3C, 0x01, 0xE0,
    0x78, 0x03, 0xC0, 0xF0, 0x07, 0x81, 0xE0, 0x0F, 0x03, 0xC0, 0x1E, 0x07, 0x80, 0x3C, 0x0F, 0x00, 0x78, 0x1E, 0x00,
    0xF0, 0x3C, 0x01, 0xE0, 0x78, 0x03, 0xC0, 0xF0, 0x07, 0x81, 0xE0, 0x0F, 0x03, 0xC0, 0x1E, 0x07, 0x80, 0x3C, 0x0F,
    0x80, 0x78, 0x7F, 0xC3, 0xFD, 0xFF, 0xCF, 0xFC, 0x03, 0xF8, 0x01, 0xFF, 0x80, 0x78, 0x78, 0x0E, 0x07, 0x83, 0xC0,
    0x70, 0xF0, 0x0F, 0x1E, 0x01, 0xE3, 0xC0, 0x1E, 0xF8, 0x03, 0xDE, 0x00, 0x7B, 0xC0, 0x0F, 0x78, 0x01, 0xEF, 0x00,
    0x3F, 0xE0, 0x07, 0xFC, 0x00, 0xF7, 0x80, 0x1E, 0xF0, 0x03, 0xDF, 0x00, 0x79, 0xE0, 0x0F, 0x3C, 0x03, 0xC7, 0x80,
    0x78, 0x78, 0x0E, 0x0F, 0x03, 0xC0, 0xF0, 0xF0, 0x0F, 0xFC, 0x00, 0x7F, 0x00, 0x06, 0x3F, 0x00, 0x77, 0xFC, 0x1F,
    0xFF, 0xF1, 0xFF, 0x07, 0xC1, 0xF0, 0x1F, 0x0F, 0x80, 0xF8, 0x78, 0x03, 0xC3, 0xC0, 0x1F, 0x1E, 0x00, 0xF8, 0xF0,
    0x07, 0xC7, 0x80, 0x1E, 0x3C, 0x00, 0xF1, 0xE0, 0x07, 0x8F, 0x00, 0x3C, 0x78, 0x01, 0xE3, 0xC0, 0x1F, 0x1E, 0x00,
    0xF8, 0xF0, 0x07, 0x87, 0x80, 0x3C, 0x3C, 0x01, 0xE1, 0xE0, 0x1E, 0x0F, 0x80, 0xF0, 0x7C, 0x0F, 0x03, 0xF0, 0xF0,
    0x1F, 0xFF, 0x00, 0xFF, 0xE0, 0x07, 0x80, 0x00, 0x3C, 0x00, 0x01, 0xE0, 0x00, 0x0F, 0x00, 0x00, 0x78, 0x00, 0x03,
    0xC0, 0x00, 0x1E, 0x00, 0x00, 0xF8, 0x00, 0x1F, 0xF8, 0x01, 0xFF, 0xC0, 0x00, 0x01, 0xFC, 0xC0, 0x3F, 0xFE, 0x03,
    0xC1, 0xF0, 0x3C, 0x0F, 0x81, 0xC0, 0x3C, 0x1E, 0x01, 0xE0, 0xE0, 0x0F, 0x0F, 0x00, 0x78, 0x78, 0x03, 0xC3, 0xC0,
    0x1E, 0x3E, 0x00, 0xF1, 0xF0, 0x07, 0x8F, 0x80, 0x3C, 0x7C, 0x01, 0xE3, 0xE0, 0x0F, 0x1F, 0x00, 0x78, 0xF8, 0x03,
    0xC7, 0xC0, 0x1E, 0x1E, 0x00, 0xF0, 0xF0, 0x0F, 0x87, 0xC0, 0x7C, 0x1E, 0x07, 0xE0, 0xF8, 0x3F, 0x03, 0xFF, 0x78,
    0x0F, 0xF3, 0xC0, 0x3F, 0x1E, 0x00, 0x00, 0xF0, 0x00, 0x07, 0x80, 0x00, 0x3C, 0x00, 0x01, 0xE0, 0x00, 0x0F, 0x00,
    0x00, 0x78, 0x00, 0x03, 0xC0, 0x00, 0x1E, 0x00, 0x07, 0xFC, 0x00, 0x7F, 0xF0, 0x06, 0x3E, 0x0E, 0x7F, 0x7E, 0xFF,
    0x7F, 0xDF, 0x1F, 0x8F, 0x1F, 0x06, 0x1F, 0x00, 0x1F, 0x00, 0x1F, 0x00, 0x1F, 0x00, 0x1E, 0x00, 0x1E, 0x00, 0x1E,
    0x00, 0x1E, 0x00, 0x1E, 0x00, 0x1E, 0x00, 0x1E, 0x00, 0x1E, 0x00, 0x1E, 0x00, 0x1E, 0x00, 0x1E, 0x00, 0x1E, 0x00,
    0x1E, 0x00, 0x1F, 0x00, 0x7F, 0xC0, 0xFF, 0xE0, 0x0F, 0xE1, 0xFF, 0x9C, 0x3C, 0xE0, 0xEE, 0x07, 0x78, 0x1B, 0xC0,
    0xDF, 0x06, 0xFC, 0x03, 0xF0, 0x1F, 0xC0, 0x7F, 0x81, 0xFE, 0x03, 0xF0, 0x0F, 0xC0, 0x3F, 0x00, 0xF8, 0x03, 0xF0,
    0x1F, 0x80, 0x7E, 0x03, 0xF0, 0x1F, 0xC1, 0xFE, 0x0E, 0xFF, 0xE3, 0xFC, 0x00, 0x06, 0x00, 0x30, 0x03, 0x80, 0x1C,
    0x01, 0xE0, 0x1F, 0x01, 0xF8, 0x1F, 0xFE, 0x7F, 0xE0, 0xF0, 0x07, 0x80, 0x3C, 0x01, 0xE0, 0x0F, 0x00, 0x78, 0x03,
    0xC0, 0x1E, 0x00, 0xF0, 0x07, 0x80, 0x3C, 0x01, 0xE0, 0x0F, 0x00, 0x78, 0x03, 0xC0, 0x1E, 0x00, 0xF0, 0xC7, 0x86,
    0x3C, 0x61, 0xE3, 0x0F, 0xB8, 0x7F, 0xC1, 0xFC, 0x07, 0xC0, 0xFE, 0x0F, 0xE1, 0xF8, 0x1F, 0x81, 0xE0, 0x1E, 0x07,
    0x80, 0x78, 0x1E, 0x01, 0xE0, 0x78, 0x07, 0x81, 0xE0, 0x1E, 0x07, 0x80, 0x78, 0x1E, 0x01, 0xE0, 0x78, 0x07, 0x81,
    0xE0, 0x1E, 0x07, 0x80, 0x78, 0x1E, 0x01, 0xE0, 0x78, 0x07, 0x81, 0xE0, 0x1E, 0x07, 0x80, 0x78, 0x1E, 0x01, 0xE0,
    0x78, 0x07, 0x81, 0xE0, 0x1E, 0x07, 0x80, 0x78, 0x1E, 0x03, 0xE0, 0x7C, 0x0F, 0xC1, 0xF0, 0x7F, 0xC3, 0xFF, 0xFF,
    0x0F, 0xFD, 0xE0, 0x0F, 0xC3, 0x00, 0xFF, 0xC7, 0xF9, 0xFE, 0x0F, 0xE1, 0xE0, 0x0E, 0x07, 0x80, 0x30, 0x1F, 0x00,
    0xC0, 0x3C, 0x07, 0x00, 0xF0, 0x18, 0x03, 0xE0, 0x60, 0x07, 0x81, 0x80, 0x1E, 0x0E, 0x00, 0x78, 0x30, 0x01, 0xF0,
    0xC0, 0x03, 0xC7, 0x00, 0x0F, 0x18, 0x00, 0x3E, 0x60, 0x00, 0x7B, 0x80, 0x01, 0xEC, 0x00, 0x07, 0xB0, 0x00, 0x0F,
    0xC0, 0x00, 0x3F, 0x00, 0x00, 0xF8, 0x00, 0x03, 0xE0, 0x00, 0x07, 0x80, 0x00, 0x1C, 0x00, 0x00, 0x70, 0x00, 0x00,
    0xC0, 0x00, 0xFF, 0xCF, 0xFD, 0xFF, 0x7F, 0x87, 0xF8, 0xFE, 0x1E, 0x03, 0xE0, 0x38, 0x1E, 0x01, 0xE0, 0x38, 0x1F,
    0x01, 0xE0, 0x30, 0x0F, 0x01, 0xE0, 0x30, 0x0F, 0x03, 0xF0, 0x30, 0x0F, 0x03, 0xF0, 0x60, 0x0F, 0x83, 0xF0, 0x60,
    0x07, 0x83, 0xF0, 0x60, 0x07, 0x87, 0xF8, 0xE0, 0x07, 0x86, 0x78, 0xC0, 0x03, 0xC6, 0x78, 0xC0, 0x03, 0xC6, 0x78,
    0xC0, 0x03, 0xCC, 0x79, 0xC0, 0x03, 0xEC, 0x3D, 0x80, 0x01, 0xEC, 0x3D, 0x80, 0x01, 0xFC, 0x3F, 0x80, 0x01, 0xF8,
    0x3F, 0x00, 0x00, 0xF8, 0x1F, 0x00, 0x00, 0xF8, 0x1F, 0x00, 0x00, 0xF8, 0x1F, 0x00, 0x00, 0xF0, 0x1E, 0x00, 0x00,
    0x70, 0x0E, 0x00, 0x00, 0x70, 0x0E, 0x00, 0x00, 0x60, 0x0C, 0x00, 0x7F, 0xCF, 0xFB, 0xFC, 0x3F, 0x87, 0xC0, 0x70,
    0x1E, 0x03, 0x00, 0xF8, 0x30, 0x03, 0xC1, 0x80, 0x1F, 0x18, 0x00, 0x78, 0xC0, 0x03, 0xEC, 0x00, 0x0F, 0x60, 0x00,
    0x7E, 0x00, 0x01, 0xF0, 0x00, 0x0F, 0x80, 0x00, 0x3C, 0x00, 0x03, 0xF0, 0x00, 0x1F, 0x80, 0x01, 0xFE, 0x00, 0x0C,
    0xF0, 0x00, 0xC7, 0xC0, 0x06, 0x1E, 0x00, 0x60, 0xF8, 0x03, 0x03, 0xC0, 0x30, 0x1F, 0x03, 0x80, 0x78, 0x7F, 0x0F,
    0xF7, 0xFC, 0xFF, 0xC0, 0xFF, 0xC7, 0xFD, 0xFE, 0x0F, 0xE1, 0xE0, 0x0E, 0x07, 0x80, 0x38, 0x1F, 0x00, 0xE0, 0x3C,
    0x03, 0x00, 0xF0, 0x0C, 0x03, 0xE0, 0x70, 0x07, 0x81, 0x80, 0x1E, 0x06, 0x00, 0x78, 0x38, 0x00, 0xF0, 0xC0, 0x03,
    0xC3, 0x00, 0x0F, 0x1C, 0x00, 0x3E, 0x60, 0x00, 0x79, 0x80, 0x01, 0xE6, 0x00, 0x07, 0xF0, 0x00, 0x0F, 0xC0, 0x00,
    0x3F, 0x00, 0x00, 0xF8, 0x00, 0x01, 0xE0, 0x00, 0x07, 0x80, 0x00, 0x1C, 0x00, 0x00, 0x70, 0x00, 0x01, 0xC0, 0x00,
    0x07, 0x00, 0x00, 0x18, 0x00, 0x00, 0x60, 0x00, 0x01, 0x80, 0x00, 0x0C, 0x00, 0x0F, 0x30, 0x00, 0x3D, 0x80, 0x00,
    0xFE, 0x00, 0x03, 0xF0, 0x00, 0x07, 0xC0, 0x00, 0x18, 0x00, 0x07, 0xFF, 0xE3, 0xFF, 0xF8, 0xF0, 0x3C, 0x38, 0x1F,
    0x0E, 0x07, 0x83, 0x03, 0xE0, 0xC0, 0xF0, 0x20, 0x7C, 0x00, 0x1E, 0x00, 0x0F, 0x80, 0x03, 0xC0, 0x01, 0xF0, 0x00,
    0x78, 0x00, 0x3E, 0x00, 0x0F, 0x00, 0x07, 0xC0, 0x01, 0xE0, 0x00, 0xF8, 0x18, 0x3C, 0x06, 0x1F, 0x03, 0x87, 0x80,
    0xE3, 0xE0, 0x38, 0xF0, 0x1C, 0x7C, 0x0F, 0x1F, 0xFF, 0xCF, 0xFF, 0xF0, 0x01, 0xE0, 0xFC, 0x1C, 0x07, 0x80, 0xE0,
    0x1C, 0x03, 0x80, 0x70, 0x0E, 0x01, 0xC0, 0x38, 0x07, 0x00, 0xE0, 0x1C, 0x03, 0x80, 0x70, 0x0E, 0x03, 0xC0, 0x78,
    0x0E, 0x07, 0x81, 0xE0, 0x3E, 0x00, 0xE0, 0x1E, 0x03, 0xC0, 0x38, 0x07, 0x00, 0xE0, 0x1C, 0x03, 0x80, 0x70, 0x0E,
    0x01, 0xC0, 0x38, 0x07, 0x00, 0xE0, 0x1C, 0x03, 0xC0, 0x78, 0x07, 0xC0, 0x7C, 0x01, 0x80, 0xDB, 0x6D, 0xB6, 0xDB,
    0x6D, 0xB6, 0xDB, 0x6D, 0xB6, 0xDB, 0x6D, 0xB6, 0xDB, 0x6D, 0xB6, 0xDB, 0x6D, 0xB0, 0xF0, 0x1F, 0x80, 0x70, 0x0F,
    0x01, 0xE0, 0x1C, 0x03, 0x80, 0x70, 0x0E, 0x01, 0xC0, 0x38, 0x07, 0x00, 0xE0, 0x1C, 0x03, 0x80, 0x70, 0x0E, 0x01,
    0xE0, 0x3C, 0x03, 0x80, 0x7C, 0x03, 0xC0, 0xF8, 0x38, 0x0F, 0x01, 0xE0, 0x38, 0x07, 0x00, 0xE0, 0x1C, 0x03, 0x80,
    0x70, 0x0E, 0x01, 0xC0, 0x38, 0x07, 0x00, 0xE0, 0x3C, 0x07, 0x80, 0xE0, 0x7C, 0x1F, 0x03, 0x00, 0x00, 0x0F, 0xC0,
    0x0C, 0x7F, 0xC0, 0x73, 0xFF, 0xE3, 0x9E, 0x7F, 0xFE, 0x60, 0x3F, 0xF1, 0x80, 0x3F, 0x80, 0x7B, 0xFF, 0xFF, 0x78,
    0x00, 0x00, 0x00, 0xC3, 0x0C, 0x30, 0xC3, 0x0C, 0x30, 0xC3, 0x0E, 0x39, 0xE7, 0x9E, 0x79, 0xE7, 0x9E, 0x79, 0xE7,
    0xFF, 0xFF, 0xFF, 0xDE, 0x30, 0x00, 0x80, 0x01, 0x80, 0x03, 0x00, 0x06, 0x00, 0x0C, 0x00, 0x18, 0x00, 0xFE, 0x03,
    0xFE, 0x0E, 0xFC, 0x39, 0xB8, 0xF3, 0x71, 0xC6, 0x67, 0x8C, 0xCF, 0x19, 0xBC, 0x31, 0x78, 0x60, 0xF0, 0xC1, 0xE1,
    0x83, 0xC3, 0x07, 0x86, 0x0F, 0x0C, 0x1E, 0x18, 0x3C, 0x30, 0xFC, 0x63, 0xF8, 0xC6, 0xF1, 0x8D, 0xE3, 0x33, 0xE6,
    0x63, 0xED, 0xC3, 0xFF, 0x07, 0xFC, 0x03, 0xF0, 0x00, 0xC0, 0x01, 0x80, 0x03, 0x00, 0x06, 0x00, 0x08, 0x00, 0x00,
    0x1F, 0xC0, 0x00, 0xFF, 0xE0, 0x07, 0x87, 0xE0, 0x1E, 0x07, 0xC0, 0x38, 0x07, 0x80, 0xF0, 0x0F, 0x01, 0xC0, 0x0E,
    0x03, 0x80, 0x1C, 0x0F, 0x80, 0x18, 0x0F, 0x00, 0x30, 0x1E, 0x00, 0x60, 0x3C, 0x00, 0x00, 0x7C, 0x00, 0x00, 0x7C,
    0x00, 0x00, 0xF8, 0x00, 0x00, 0xF8, 0x00, 0x01, 0xF0, 0x00, 0x01, 0xF0, 0x01, 0xFF, 0xFF, 0xC1, 0xFF, 0xFF, 0x00,
    0x03, 0xC0, 0x00, 0x07, 0x80, 0x00, 0x07, 0x00, 0x00, 0x0F, 0x00, 0x00, 0x1E, 0x00, 0x00, 0x38, 0x70, 0x00, 0x70,
    0xF0, 0x00, 0xE3, 0xF3, 0xF9, 0xC3, 0xEF, 0xFF, 0x03, 0xFC, 0x3E, 0x03, 0xF0, 0x3E, 0x03, 0xE0, 0x7E, 0x07, 0xC0,
    0xFE, 0x1F, 0x83, 0x3F, 0xF3, 0xFC, 0x3F, 0xE3, 0xF0, 0x3F, 0x00, 0xFF, 0xC0, 0x7F, 0xDF, 0xF0, 0x0F, 0xE3, 0xE0,
    0x00, 0xE0, 0x7C, 0x00, 0x38, 0x1F, 0x00, 0x0C, 0x03, 0xE0, 0x07, 0x00, 0xF8, 0x01, 0x80, 0x1F, 0x00, 0xE0, 0x07,
    0xC0, 0x30, 0x00, 0xF8, 0x1C, 0x00, 0x3E, 0x06, 0x00, 0x07, 0xC3, 0x80, 0x01, 0xF0, 0xC0, 0x00, 0x3C, 0x70, 0x03,
    0xFF, 0x9F, 0xE0, 0x7F, 0xEF, 0xF8, 0x00, 0x7F, 0x00, 0x00, 0x0F, 0xC0, 0x00, 0x03, 0xE0, 0x00, 0x00, 0x78, 0x00,
    0x3F, 0xFF, 0xFE, 0x07, 0xFF, 0xFF, 0x80, 0x01, 0xE0, 0x00, 0x00, 0x78, 0x00, 0x00, 0x1E, 0x00, 0x00, 0x07, 0x80,
    0x00, 0x01, 0xE0, 0x00, 0x00, 0x78, 0x00, 0x00, 0x1E, 0x00, 0x00, 0x07, 0x80, 0x00, 0x01, 0xE0, 0x00, 0x00, 0x78,
    0x00, 0x00, 0x1E, 0x00, 0x00, 0x07, 0x80, 0x00, 0x1F, 0xFE, 0x00, 0x0F, 0xFF, 0xC0, 0x01, 0xF0, 0x0F, 0xFC, 0x1C,
    0x7C, 0x38, 0x3C, 0x38, 0x1C, 0x38, 0x0C, 0x78, 0x0E, 0x3C, 0x0E, 0x3C, 0x04, 0x3E, 0x00, 0x1F, 0x00, 0x1F, 0x80,
    0x0F, 0xC0, 0x07, 0xE0, 0x0F, 0xF0, 0x3F, 0xF8, 0x78, 0xF8, 0x70, 0x7C, 0xE0, 0x3E, 0xE0, 0x3E, 0xE0, 0x1E, 0xE0,
    0x0F, 0xF0, 0x0F, 0xF0, 0x0F, 0xF8, 0x0E, 0x7C, 0x0E, 0x7E, 0x1E, 0x3F, 0x3C, 0x1F, 0xF8, 0x0F, 0xE0, 0x07, 0xE0,
    0x03, 0xF0, 0x01, 0xF0, 0x00, 0xF8, 0x00, 0x78, 0x60, 0x7C, 0x60, 0x3C, 0x70, 0x3C, 0x70, 0x3C, 0x70, 0x38, 0x78,
    0x38, 0x7E, 0xF0, 0x3F, 0xE0, 0x06, 0x00, 0xF0, 0x3D, 0xF0, 0xFF, 0xE1, 0xFF, 0xC3, 0xFF, 0x03, 0xC0, 0x00, 0x07,
    0xFF, 0x00, 0x00, 0x00, 0x7F, 0xFF, 0x80, 0x00, 0x07, 0xF8, 0x7F, 0x80, 0x00, 0x7E, 0x00, 0x1F, 0x00, 0x03, 0xE0,
    0x00, 0x1E, 0x00, 0x1E, 0x00, 0x00, 0x3C, 0x00, 0xF0, 0x00, 0x00, 0x78, 0x07, 0x80, 0x00, 0x00, 0x70, 0x1C, 0x01,
    0xFF, 0x01, 0xE0, 0xE0, 0x0F, 0xFE, 0x03, 0x83, 0x80, 0xF0, 0x78, 0x07, 0x1C, 0x07, 0x80, 0xE0, 0x1C, 0x70, 0x1C,
    0x03, 0x80, 0x3B, 0x80, 0xF0, 0x06, 0x00, 0xEE, 0x03, 0xC0, 0x18, 0x01, 0xB8, 0x1E, 0x00, 0x60, 0x07, 0xE0, 0x78,
    0x00, 0x00, 0x1F, 0x01, 0xE0, 0x00, 0x00, 0x7C, 0x07, 0x80, 0x00, 0x01, 0xF0, 0x1E, 0x00, 0x00, 0x07, 0xC0, 0x78,
    0x00, 0x00, 0x1F, 0x81, 0xE0, 0x00, 0x00, 0x7E, 0x07, 0x80, 0x08, 0x01, 0xF8, 0x0F, 0x00, 0x70, 0x06, 0xE0, 0x3C,
    0x01, 0xC0, 0x39, 0xC0, 0xF8, 0x07, 0x00, 0xE7, 0x01, 0xE0, 0x3C, 0x07, 0x0E, 0x03, 0xC0, 0xF0, 0x1C, 0x38, 0x07,
    0xCF, 0x80, 0xE0, 0x70, 0x07, 0xFE, 0x03, 0x81, 0xE0, 0x03, 0x80, 0x1C, 0x03, 0xC0, 0x00, 0x00, 0xE0, 0x07, 0x80,
    0x00, 0x0F, 0x00, 0x0F, 0x80, 0x00, 0x78, 0x00, 0x1F, 0x80, 0x07, 0xC0, 0x00, 0x1F, 0xC1, 0xFE, 0x00, 0x00, 0x1F,
    0xFF, 0xE0, 0x00, 0x00, 0x1F, 0xFC, 0x00, 0x00, 0x07, 0xE0, 0x1F, 0xF0, 0x3C, 0x70, 0x78, 0x78, 0x78, 0x78, 0x70,
    0x78, 0x60, 0x78, 0x00, 0xF8, 0x07, 0xF8, 0x0F, 0x78, 0x3C, 0x78, 0x78, 0x78, 0x70, 0x7B, 0x70, 0x7B, 0xF0, 0xFB,
    0xF9, 0xFF, 0x7F, 0xBE, 0x3E, 0x3C, 0x03, 0x02, 0x07, 0x06, 0x06, 0x0E, 0x0E, 0x0C, 0x1C, 0x1C, 0x1C, 0x38, 0x38,
    0x78, 0x78, 0x70, 0x78, 0xF0, 0xF0, 0xF0, 0x78, 0xF0, 0x38, 0x78, 0x3C, 0x38, 0x1C, 0x3C, 0x0E, 0x1C, 0x0E, 0x0E,
    0x07, 0x06, 0x03, 0x06, 0x00, 0x07, 0xFF, 0x00, 0x00, 0x00, 0x7F, 0xFF, 0x80, 0x00, 0x07, 0xF8, 0x7F, 0x80, 0x00,
    0x7E, 0x00, 0x1F, 0x00, 0x03, 0xE0, 0x00, 0x1E, 0x00, 0x1E, 0x00, 0x00, 0x3C, 0x00, 0xF0, 0x00, 0x00, 0x78, 0x07,
    0x80, 0x00, 0x00, 0x70, 0x1C, 0x1F, 0xFE, 0x01, 0xE0, 0xE0, 0x3F, 0xFC, 0x03, 0x83, 0x80, 0x78, 0x78, 0x07, 0x1C,
    0x01, 0xE0, 0xF0, 0x1C, 0x70, 0x07, 0x83, 0xC0, 0x3B, 0x80, 0x1E, 0x0F, 0x00, 0xEE, 0x00, 0x78, 0x3C, 0x01, 0xB8,
    0x01, 0xE0, 0xF0, 0x07, 0xE0, 0x07, 0x87, 0x80, 0x1F, 0x00, 0x1F, 0x7C, 0x00, 0x7C, 0x00, 0x7F, 0xE0, 0x01, 0xF0,
    0x01, 0xFE, 0x00, 0x07, 0xC0, 0x07, 0x9E, 0x00, 0x1F, 0x80, 0x1E, 0x38, 0x00, 0x7E, 0x00, 0x78, 0xF0, 0x01, 0xF8,
    0x01, 0xE3, 0xC0, 0x06, 0xE0, 0x07, 0x8F, 0x00, 0x39, 0xC0, 0x1E, 0x1C, 0x00, 0xE7, 0x00, 0x78, 0x78, 0x07, 0x0E,
    0x01, 0xE1, 0xE0, 0x1C, 0x38, 0x0F, 0xC3, 0xD0, 0xE0, 0x70, 0x7F, 0x87, 0xC3, 0x81, 0xE0, 0x00, 0x06, 0x1C, 0x03,
    0xC0, 0x00, 0x00, 0xE0, 0x07, 0x80, 0x00, 0x0F, 0x00, 0x0F, 0x80, 0x00, 0x78, 0x00, 0x1F, 0x80, 0x07, 0xC0, 0x00,
    0x1F, 0xC1, 0xFE, 0x00, 0x00, 0x1F, 0xFF, 0xE0, 0x00, 0x00, 0x1F, 0xFC, 0x00, 0x00, 0xFF, 0xFF, 0xFF, 0xFC, 0x00,
    0x00, 0x1F, 0xC0, 0x7F, 0xE1, 0xC0, 0xE7, 0x00, 0xCC, 0x01, 0xF8, 0x01, 0xF0, 0x03, 0xE0, 0x07, 0xC0, 0x0D, 0x80,
    0x3B, 0x80, 0x63, 0x81, 0xC3, 0xCF, 0x03, 0xFC, 0x00, 0x80, 0x00, 0x78, 0x0F, 0xC0, 0xFE, 0x0F, 0xE1, 0xFC, 0x1F,
    0x81, 0xF0, 0x0E, 0x00, 0x00, 0x00, 0x03, 0xFF, 0xFF, 0x0F, 0xFF, 0xFE, 0x1F, 0xFC, 0x78, 0x3F, 0xFC, 0x78, 0x7F,
    0xFC, 0x78, 0x7F, 0xFC, 0x78, 0xFF, 0xFC, 0x78, 0xFF, 0xFC, 0x78, 0xFF, 0xFC, 0x78, 0xFF, 0xFC, 0x78, 0xFF, 0xFC,
    0x78, 0xFF, 0xFC, 0x78, 0xFF, 0xFC, 0x78, 0xFF, 0xFC, 0x78, 0x7F, 0xFC, 0x78, 0x7F, 0xFC, 0x78, 0x3F, 0xFC, 0x78,
    0x1F, 0xFC, 0x78, 0x0F, 0xFC, 0x78, 0x03, 0xFC, 0x78, 0x00, 0x1C, 0x78, 0x00, 0x1C, 0x78, 0x00, 0x1C, 0x78, 0x00,
    0x1C, 0x78, 0x00, 0x1C, 0x78, 0x00, 0x1C, 0x78, 0x00, 0x1C, 0x78, 0x00, 0x1C, 0x78, 0x00, 0x1C, 0x78, 0x00, 0x1C,
    0x78, 0x00, 0x1C, 0x78, 0x00, 0x1C, 0x78, 0x00, 0x1C, 0x78, 0x00, 0x1C, 0x78, 0x00, 0x1C, 0x78, 0x00, 0x1C, 0x78,
    0x00, 0x1C, 0x78, 0x00, 0x1C, 0x78, 0x00, 0x1C, 0x78, 0x00, 0x1C, 0x78, 0x00, 0x1C, 0x78, 0x00, 0x1C, 0x78, 0x00,
    0x1C, 0x78, 0xFB, 0xEF, 0xFE, 0xF8, 0x0C, 0x03, 0x00, 0xC0, 0x60, 0x1F, 0x03, 0xE0, 0x38, 0x0E, 0xC3, 0xB8, 0xEF,
    0x79, 0xFC, 0x00, 0x00, 0x0F, 0xC0, 0x39, 0xE0, 0xE0, 0xE3, 0x81, 0xC7, 0x01, 0xDE, 0x03, 0xBC, 0x07, 0xF0, 0x0F,
    0xE0, 0x1F, 0xC0, 0x3F, 0x80, 0x7F, 0x80, 0xEF, 0x01, 0xCE, 0x03, 0x9C, 0x0E, 0x1C, 0x1C, 0x1C, 0xF0, 0x1F, 0x80,
    0x40, 0x80, 0xE0, 0xC0, 0x60, 0xE0, 0x70, 0x70, 0x38, 0x70, 0x38, 0x38, 0x1C, 0x3C, 0x1E, 0x1C, 0x0F, 0x1E, 0x0F,
    0x1E, 0x1E, 0x1E, 0x1E, 0x3C, 0x3C, 0x38, 0x38, 0x78, 0x30, 0x70, 0x70, 0x60, 0x60, 0xC0, 0xC0, 0xC0, 0x01, 0xE0,
    0x0F, 0x80, 0x3F, 0x00, 0xF8, 0x01, 0xE0, 0x00, 0x00, 0x00, 0x00, 0x00, 0x00, 0x00, 0x02, 0x00, 0x0C, 0x00, 0x30,
    0x00, 0xC0, 0x03, 0x00, 0x1C, 0x00, 0x70, 0x01, 0xC0, 0x07, 0x00, 0x1C, 0x00, 0xF0, 0x07, 0xC0, 0x3E, 0x01, 0xF0,
    0x0F, 0x80, 0x7E, 0x01, 0xF0, 0x07, 0x80, 0x3C, 0x03, 0xF0, 0x0F, 0xC0, 0x7F, 0x01, 0xFC, 0x07, 0x70, 0x3D, 0xC1,
    0xF3, 0x8F, 0xC7, 0xFE, 0x07, 0xE0, 0x01, 0xE0, 0x00, 0x01, 0xF8, 0x00, 0x00, 0xFE, 0x00, 0x00, 0x3F, 0xC0, 0x00,
    0x07, 0xF0, 0x00, 0x00, 0xFC, 0x00, 0x00, 0x1F, 0x00, 0x00, 0x01, 0x80, 0x00, 0x00, 0x00, 0x00, 0x00, 0x00, 0x00,
    0x00, 0x00, 0x00, 0x01, 0x00, 0x00, 0x01, 0xC0, 0x00, 0x00, 0xE0, 0x00, 0x00, 0x70, 0x00, 0x00, 0x78, 0x00, 0x00,
    0x3E, 0x00, 0x00, 0x1F, 0x00, 0x00, 0x0F, 0x80, 0x00, 0x0F, 0xC0, 0x00, 0x07, 0xF0, 0x00, 0x03, 0x78, 0x00, 0x01,
    0xBC, 0x00, 0x00, 0xDE, 0x00, 0x00, 0xEF, 0x80, 0x00, 0x63, 0xC0, 0x00, 0x31, 0xE0, 0x00, 0x18, 0xF0, 0x00, 0x1C,
    0x7C, 0x00, 0x0C, 0x1E, 0x00, 0x06, 0x0F, 0x00, 0x03, 0x07, 0x80, 0x03, 0x83, 0xE0, 0x01, 0xC1, 0xF0, 0x00, 0xFF,
    0xF8, 0x00, 0x7F, 0xFC, 0x00, 0x70, 0x1F, 0x00, 0x30, 0x07, 0x80, 0x18, 0x03, 0xC0, 0x0C, 0x01, 0xE0, 0x0E, 0x00,
    0xF8, 0x06, 0x00, 0x3C, 0x03, 0x00, 0x1E, 0x01, 0x80, 0x0F, 0x01, 0xC0, 0x07, 0xC0, 0xE0, 0x03, 0xE1, 0xFC, 0x07,
    0xFD, 0xFF, 0x07, 0xFF, 0x00, 0x03, 0xC0, 0x00, 0x03, 0xF0, 0x00, 0x03, 0xF0, 0x00, 0x07, 0xF8, 0x00, 0x07, 0xF0,
    0x00, 0x07, 0xE0, 0x00, 0x07, 0x80, 0x00, 0x07, 0x00, 0x00, 0x00, 0x00, 0x00, 0x00, 0x00, 0x00, 0x00, 0x00, 0x00,
    0x00, 0x01, 0x00, 0x00, 0x01, 0xC0, 0x00, 0x00, 0xE0, 0x00, 0x00, 0x70, 0x00, 0x00, 0x78, 0x00, 0x00, 0x3E, 0x00,
    0x00, 0x1F, 0x00, 0x00, 0x0F, 0x80, 0x00, 0x0F, 0xC0, 0x00, 0x07, 0xF0, 0x00, 0x03, 0x78, 0x00, 0x01, 0xBC, 0x00,
    0x00, 0xDE, 0x00, 0x00, 0xEF, 0x80, 0x00, 0x63, 0xC0, 0x00, 0x31, 0xE0, 0x00, 0x18, 0xF0, 0x00, 0x1C, 0x7C, 0x00,
    0x0C, 0x1E, 0x00, 0x06, 0x0F, 0x00, 0x03, 0x07, 0x80, 0x03, 0x83, 0xE0, 0x01, 0xC1, 0xF0, 0x00, 0xFF, 0xF8, 0x00,
    0x7F, 0xFC, 0x00, 0x70, 0x1F, 0x00, 0x30, 0x07, 0x80, 0x18, 0x03, 0xC0, 0x0C, 0x01, 0xE0, 0x0E, 0x00, 0xF8, 0x06,
    0x00, 0x3C, 0x03, 0x00, 0x1E, 0x01, 0x80, 0x0F, 0x01, 0xC0, 0x07, 0xC0, 0xE0, 0x03, 0xE1, 0xFC, 0x07, 0xFD, 0xFF,
    0x07, 0xFF, 0x00, 0x3E, 0x00, 0x00, 0x3F, 0x80, 0x00, 0x3F, 0xC0, 0x00, 0x3F, 0xF0, 0x00, 0x3E, 0x3C, 0x00, 0x1E,
    0x0F, 0x00, 0x1C, 0x01, 0xC0, 0x1C, 0x00, 0x60, 0x00, 0x00, 0x00, 0x00, 0x00, 0x00, 0x00, 0x00, 0x00, 0x00, 0x01,
    0x00, 0x00, 0x01, 0xC0, 0x00, 0x00, 0xE0, 0x00, 0x00, 0x70, 0x00, 0x00, 0x78, 0x00, 0x00, 0x3E, 0x00, 0x00, 0x1F,
    0x00, 0x00, 0x0F, 0x80, 0x00, 0x0F, 0xC0, 0x00, 0x07, 0xF0, 0x00, 0x03, 0x78, 0x00, 0x01, 0xBC, 0x00, 0x00, 0xDE,
    0x00, 0x00, 0xEF, 0x80, 0x00, 0x63, 0xC0, 0x00, 0x31, 0xE0, 0x00, 0x18, 0xF0, 0x00, 0x1C, 0x7C, 0x00, 0x0C, 0x1E,
    0x00, 0x06, 0x0F, 0x00, 0x03, 0x07, 0x80, 0x03, 0x83, 0xE0, 0x01, 0xC1, 0xF0, 0x00, 0xFF, 0xF8, 0x00, 0x7F, 0xFC,
    0x00, 0x70, 0x1F, 0x00, 0x30, 0x07, 0x80, 0x18, 0x03, 0xC0, 0x0C, 0x01, 0xE0, 0x0E, 0x00, 0xF8, 0x06, 0x00, 0x3C,
    0x03, 0x00, 0x1E, 0x01, 0x80, 0x0F, 0x01, 0xC0, 0x07, 0xC0, 0xE0, 0x03, 0xE1, 0xFC, 0x07, 0xFD, 0xFF, 0x07, 0xFF,
    0x01, 0xF0, 0x18, 0x01, 0xFE, 0x0C, 0x01, 0xFF, 0x8C, 0x01, 0xC7, 0xFE, 0x00, 0xC1, 0xFE, 0x00, 0x60, 0x3E, 0x00,
    0x00, 0x00, 0x00, 0x00, 0x00, 0x00, 0x00, 0x00, 0x00, 0x00, 0x00, 0x00, 0x00, 0x02, 0x00, 0x00, 0x03, 0x80, 0x00,
    0x01, 0xC0, 0x00, 0x00, 0xE0, 0x00, 0x00, 0xF0, 0x00, 0x00, 0x7C, 0x00, 0x00, 0x3E, 0x00, 0x00, 0x1F, 0x00, 0x00,
    0x1F, 0x80, 0x00, 0x0F, 0xE0, 0x00, 0x06, 0xF0, 0x00, 0x03, 0x78, 0x00, 0x01, 0xBC, 0x00, 0x01, 0xDF, 0x00, 0x00,
    0xC7, 0x80, 0x00, 0x63, 0xC0, 0x00, 0x31, 0xE0, 0x00, 0x38, 0xF8, 0x00, 0x18, 0x3C, 0x00, 0x0C, 0x1E, 0x00, 0x06,
    0x0F, 0x00, 0x07, 0x07, 0xC0, 0x03, 0x83, 0xE0, 0x01, 0xFF, 0xF0, 0x00, 0xFF, 0xF8, 0x00, 0xE0, 0x3E, 0x00, 0x60,
    0x0F, 0x00, 0x30, 0x07, 0x80, 0x18, 0x03, 0xC0, 0x1C, 0x01, 0xF0, 0x0C, 0x00, 0x78, 0x06, 0x00, 0x3C, 0x03, 0x00,
    0x1E, 0x03, 0x80, 0x0F, 0x81, 0xC0, 0x07, 0xC3, 0xF8, 0x0F, 0xFB, 0xFE, 0x0F, 0xFE, 0x03, 0xC1, 0xE0, 0x03, 0xE0,
    0xF8, 0x01, 0xF0, 0xFC, 0x00, 0xF8, 0x3E, 0x00, 0x3C, 0x1E, 0x00, 0x00, 0x00, 0x00, 0x00, 0x00, 0x00, 0x00, 0x00,
    0x00, 0x00, 0x00, 0x00, 0x00, 0x04, 0x00, 0x00, 0x07, 0x00, 0x00, 0x03, 0x80, 0x00, 0x01, 0xC0, 0x00, 0x01, 0xE0,
    0x00, 0x00, 0xF8, 0x00, 0x00, 0x7C, 0x00, 0x00, 0x3E, 0x00, 0x00, 0x3F, 0x00, 0x00, 0x1F, 0xC0, 0x00, 0x0D, 0xE0,
    0x00, 0x06, 0xF0, 0x00, 0x03, 0x78, 0x00, 0x03, 0xBE, 0x00, 0x01, 0x8F, 0x00, 0x00, 0xC7, 0x80, 0x00, 0x63, 0xC0,
    0x00, 0x71, 0xF0, 0x00, 0x30, 0x78, 0x00, 0x18, 0x3C, 0x00, 0x0C, 0x1E, 0x00, 0x0E, 0x0F, 0x80, 0x07, 0x07, 0xC0,
    0x03, 0xFF, 0xE0, 0x01, 0xFF, 0xF0, 0x01, 0xC0, 0x7C, 0x00, 0xC0, 0x1E, 0x00, 0x60, 0x0F, 0x00, 0x30, 0x07, 0x80,
    0x38, 0x03, 0xE0, 0x18, 0x00, 0xF0, 0x0C, 0x00, 0x78, 0x06, 0x00, 0x3C, 0x07, 0x00, 0x1F, 0x03, 0x80, 0x0F, 0x87,
    0xF0, 0x1F, 0xF7, 0xFC, 0x1F, 0xFC, 0x00, 0x00, 0x00, 0x00, 0x3F, 0x00, 0x00, 0x3F, 0xE0, 0x00, 0x18, 0x30, 0x00,
    0x18, 0x1C, 0x00, 0x0C, 0x06, 0x00, 0x06, 0x03, 0x00, 0x03, 0x01, 0x80, 0x01, 0x80, 0xC0, 0x00, 0xE0, 0xC0, 0x00,
    0x3D, 0xE0, 0x00, 0x0F, 0xE0, 0x00, 0x00, 0x80, 0x00, 0x00, 0x00, 0x00, 0x00, 0x00, 0x00, 0x00, 0x10, 0x00, 0x00,
    0x1C, 0x00, 0x00, 0x0E, 0x00, 0x00, 0x07, 0x00, 0x00, 0x07, 0x80, 0x00, 0x03, 0xE0, 0x00, 0x01, 0xF0, 0x00, 0x00,
    0xF8, 0x00, 0x00, 0xFC, 0x00, 0x00, 0x7F, 0x00, 0x00, 0x37, 0x80, 0x00, 0x1B, 0xC0, 0x00, 0x0D, 0xE0, 0x00, 0x0E,
    0xF8, 0x00, 0x06, 0x3C, 0x00, 0x03, 0x1E, 0x00, 0x01, 0x8F, 0x00, 0x01, 0xC7, 0xC0, 0x00, 0xC1, 0xE0, 0x00, 0x60,
    0xF0, 0x00, 0x30, 0x78, 0x00, 0x38, 0x3E, 0x00, 0x1C, 0x1F, 0x00, 0x0F, 0xFF, 0x80, 0x07, 0xFF, 0xC0, 0x07, 0x01,
    0xF0, 0x03, 0x00, 0x78, 0x01, 0x80, 0x3C, 0x00, 0xC0, 0x1E, 0x00, 0xE0, 0x0F, 0x80, 0x60, 0x03, 0xC0, 0x30, 0x01,
    0xE0, 0x18, 0x00, 0xF0, 0x1C, 0x00, 0x7C, 0x0E, 0x00, 0x3E, 0x1F, 0xC0, 0x7F, 0xDF, 0xF0, 0x7F, 0xF0, 0x00, 0x00,
    0xFF, 0xFF, 0xF8, 0x00, 0x00, 0xFF, 0xFF, 0xF0, 0x00, 0x00, 0x7F, 0x03, 0xE0, 0x00, 0x00, 0xFE, 0x01, 0xC0, 0x00,
    0x03, 0xFC, 0x03, 0xC0, 0x00, 0x06, 0xF8, 0x03, 0x80, 0x00, 0x1D, 0xF0, 0x07, 0x00, 0x00, 0x33, 0xE0, 0x0E, 0x00,
    0x00, 0xE7, 0xC0, 0x1C, 0x00, 0x01, 0x8F, 0x80, 0x18, 0x00, 0x07, 0x1F, 0x00, 0x20, 0x00, 0x0C, 0x3E, 0x04, 0x00,
    0x00, 0x38, 0x7C, 0x18, 0x00, 0x00, 0x60, 0xF8, 0x30, 0x00, 0x01, 0xC1, 0xF0, 0x60, 0x00, 0x03, 0x03, 0xE1, 0xC0,
    0x00, 0x0E, 0x07, 0xC7, 0x80, 0x00, 0x1F, 0xFF, 0xFF, 0x00, 0x00, 0x7F, 0xFF, 0xFE, 0x00, 0x00, 0xC0, 0x3E, 0x1C,
    0x00, 0x03, 0x80, 0x7C, 0x18, 0x00, 0x06, 0x00, 0xF8, 0x30, 0x00, 0x1C, 0x01, 0xF0, 0x60, 0x00, 0x30, 0x03, 0xE0,
    0xC0, 0x00, 0xE0, 0x07, 0xC0, 0x00, 0x01, 0x80, 0x0F, 0x80, 0x0C, 0x07, 0x00, 0x1F, 0x00, 0x38, 0x0C, 0x00, 0x3E,
    0x00, 0x70, 0x38, 0x00, 0x7C, 0x00, 0xC0, 0x60, 0x00, 0xF8, 0x01, 0x81, 0xC0, 0x01, 0xF0, 0x07, 0x03, 0x00, 0x03,
    0xE0, 0x0E, 0x0E, 0x00, 0x07, 0xC0, 0x3C, 0x3C, 0x00, 0x0F, 0x80, 0xF9, 0xFC, 0x00, 0x7F, 0xFF, 0xF7, 0xFC, 0x01,
    0xFF, 0xFF, 0xE0, 0x00, 0x3F, 0x00, 0x1F, 0xFE, 0x03, 0xC3, 0xF0, 0x78, 0x1F, 0x0F, 0x00, 0xF1, 0xE0, 0x0F, 0x1C,
    0x00, 0x73, 0xC0, 0x07, 0x3C, 0x00, 0x77, 0x80, 0x03, 0x78, 0x00, 0x3F, 0x80, 0x00, 0xF8, 0x00, 0x0F, 0x80, 0x00,
    0xF0, 0x00, 0x0F, 0x00, 0x00, 0xF0, 0x00, 0x0F, 0x00, 0x00, 0xF0, 0x00, 0x0F, 0x00, 0x00, 0xF0, 0x00, 0x0F, 0x00,
    0x00, 0xF0, 0x00, 0x0F, 0x80, 0x00, 0xF8, 0x00, 0x0F, 0x80, 0x00, 0x78, 0x00, 0x37, 0x80, 0x03, 0x7C, 0x00, 0x33,
    0xC0, 0x03, 0x3C, 0x00, 0x71, 0xE0, 0x07, 0x1F, 0x00, 0xF0, 0xF0, 0x0F, 0x07, 0x81, 0xF0, 0x3F, 0xFF, 0x00, 0xFF,
    0xC0, 0x01, 0x80, 0x00, 0x18, 0x00, 0x01, 0x80, 0x00, 0x3E, 0x00, 0x01, 0xF0, 0x00, 0x07, 0x00, 0x00, 0x70, 0x01,
    0xC7, 0x00, 0x1C, 0x70, 0x01, 0xEF, 0x00, 0x0F, 0xE0, 0x00, 0x00, 0x00, 0x03, 0xC0, 0x00, 0x1F, 0x80, 0x00, 0x7F,
    0x00, 0x00, 0xFE, 0x00, 0x00, 0xFE, 0x00, 0x00, 0xFC, 0x00, 0x00, 0xF8, 0x00, 0x00, 0x60, 0x00, 0x00, 0x00, 0x00,
    0x00, 0x00, 0x00, 0x00, 0x00, 0x00, 0x00, 0x7F, 0xFF, 0xF0, 0xFF, 0xFF, 0xC0, 0xF8, 0x1F, 0x03, 0xC0, 0x3C, 0x0F,
    0x00, 0x70, 0x3C, 0x01, 0xC0, 0xF0, 0x03, 0x03, 0xC0, 0x0C, 0x0F, 0x00, 0x30, 0x3C, 0x00, 0xE0, 0xF0, 0x01, 0x03,
    0xC0, 0xC0, 0x0F, 0x03, 0x00, 0x3C, 0x0C, 0x00, 0xF0, 0x30, 0x03, 0xC1, 0xC0, 0x0F, 0x8F, 0x00, 0x3F, 0xFC, 0x00,
    0xFF, 0xF0, 0x03, 0xC1, 0xC0, 0x0F, 0x07, 0x00, 0x3C, 0x0C, 0x00, 0xF0, 0x30, 0x03, 0xC0, 0xC0, 0x0F, 0x00, 0x00,
    0x3C, 0x00, 0x60, 0xF0, 0x01, 0x83, 0xC0, 0x06, 0x0F, 0x00, 0x18, 0x3C, 0x00, 0xE0, 0xF0, 0x03, 0x83, 0xC0, 0x0E,
    0x0F, 0x80, 0x78, 0x3E, 0x03, 0xE3, 0xFF, 0xFF, 0x9F, 0xFF, 0xFE, 0x00, 0x07, 0x80, 0x00, 0x3F, 0x00, 0x03, 0xF8,
    0x00, 0x1F, 0xE0, 0x00, 0xFE, 0x00, 0x07, 0xC0, 0x00, 0x7C, 0x00, 0x01, 0xC0, 0x00, 0x00, 0x00, 0x00, 0x00, 0x00,
    0x00, 0x00, 0x00, 0x00, 0x00, 0x00, 0x7F, 0xFF, 0xF0, 0xFF, 0xFF, 0xC0, 0xF8, 0x1F, 0x03, 0xC0, 0x3C, 0x0F, 0x00,
    0x70, 0x3C, 0x01, 0xC0, 0xF0, 0x03, 0x03, 0xC0, 0x0C, 0x0F, 0x00, 0x30, 0x3C, 0x00, 0xE0, 0xF0, 0x01, 0x03, 0xC0,
    0xC0, 0x0F, 0x03, 0x00, 0x3C, 0x0C, 0x00, 0xF0, 0x30, 0x03, 0xC1, 0xC0, 0x0F, 0x8F, 0x00, 0x3F, 0xFC, 0x00, 0xFF,
    0xF0, 0x03, 0xC1, 0xC0, 0x0F, 0x07, 0x00, 0x3C, 0x0C, 0x00, 0xF0, 0x30, 0x03, 0xC0, 0xC0, 0x0F, 0x00, 0x00, 0x3C,
    0x00, 0x60, 0xF0, 0x01, 0x83, 0xC0, 0x06, 0x0F, 0x00, 0x18, 0x3C, 0x00, 0xE0, 0xF0, 0x03, 0x83, 0xC0, 0x0E, 0x0F,
    0x80, 0x78, 0x3E, 0x03, 0xE3, 0xFF, 0xFF, 0x9F, 0xFF, 0xFE, 0x00, 0x78, 0x00, 0x03, 0xF0, 0x00, 0x1F, 0xE0, 0x00,
    0xFF, 0xC0, 0x07, 0xC7, 0x80, 0x3E, 0x0F, 0x00, 0xE0, 0x0E, 0x07, 0x00, 0x18, 0x00, 0x00, 0x00, 0x00, 0x00, 0x00,
    0x00, 0x00, 0x00, 0x00, 0x00, 0x7F, 0xFF, 0xF0, 0xFF, 0xFF, 0xC0, 0xF8, 0x1F, 0x03, 0xC0, 0x3C, 0x0F, 0x00, 0x70,
    0x3C, 0x01, 0xC0, 0xF0, 0x03, 0x03, 0xC0, 0x0C, 0x0F, 0x00, 0x30, 0x3C, 0x00, 0xE0, 0xF0, 0x01, 0x03, 0xC0, 0xC0,
    0x0F, 0x03, 0x00, 0x3C, 0x0C, 0x00, 0xF0, 0x30, 0x03, 0xC1, 0xC0, 0x0F, 0x8F, 0x00, 0x3F, 0xFC, 0x00, 0xFF, 0xF0,
    0x03, 0xC1, 0xC0, 0x0F, 0x07, 0x00, 0x3C, 0x0C, 0x00, 0xF0, 0x30, 0x03, 0xC0, 0xC0, 0x0F, 0x00, 0x00, 0x3C, 0x00,
    0x60, 0xF0, 0x01, 0x83, 0xC0, 0x06, 0x0F, 0x00, 0x18, 0x3C, 0x00, 0xE0, 0xF0, 0x03, 0x83, 0xC0, 0x0E, 0x0F, 0x80,
    0x78, 0x3E, 0x03, 0xE3, 0xFF, 0xFF, 0x9F, 0xFF, 0xFE, 0x07, 0x83, 0xC0, 0x3E, 0x1F, 0x80, 0xF8, 0x7E, 0x03, 0xE1,
    0xF8, 0x07, 0x83, 0xC0, 0x00, 0x00, 0x00, 0x00, 0x00, 0x00, 0x00, 0x00, 0x00, 0x00, 0x00, 0x00, 0x00, 0x07, 0xFF,
    0xFF, 0x0F, 0xFF, 0xFC, 0x0F, 0x81, 0xF0, 0x3C, 0x03, 0xC0, 0xF0, 0x07, 0x03, 0xC0, 0x1C, 0x0F, 0x00, 0x30, 0x3C,
    0x00, 0xC0, 0xF0, 0x03, 0x03, 0xC0, 0x0E, 0x0F, 0x00, 0x10, 0x3C, 0x0C, 0x00, 0xF0, 0x30, 0x03, 0xC0, 0xC0, 0x0F,
    0x03, 0x00, 0x3C, 0x1C, 0x00, 0xF8, 0xF0, 0x03, 0xFF, 0xC0, 0x0F, 0xFF, 0x00, 0x3C, 0x1C, 0x00, 0xF0, 0x70, 0x03,
    0xC0, 0xC0, 0x0F, 0x03, 0x00, 0x3C, 0x0C, 0x00, 0xF0, 0x00, 0x03, 0xC0, 0x06, 0x0F, 0x00, 0x18, 0x3C, 0x00, 0x60,
    0xF0, 0x01, 0x83, 0xC0, 0x0E, 0x0F, 0x00, 0x38, 0x3C, 0x00, 0xE0, 0xF8, 0x07, 0x83, 0xE0, 0x3E, 0x3F, 0xFF, 0xF9,
    0xFF, 0xFF, 0xE0, 0xF0, 0x07, 0xE0, 0x3F, 0x80, 0xFE, 0x01, 0xFC, 0x03, 0xF0, 0x07, 0xC0, 0x0E, 0x00, 0x00, 0x00,
    0x00, 0x00, 0x00, 0x07, 0xFF, 0x1F, 0xF0, 0x3C, 0x01, 0xE0, 0x0F, 0x00, 0x78, 0x03, 0xC0, 0x1E, 0x00, 0xF0, 0x07,
    0x80, 0x3C, 0x01, 0xE0, 0x0F, 0x00, 0x78, 0x03, 0xC0, 0x1E, 0x00, 0xF0, 0x07, 0x80, 0x3C, 0x01, 0xE0, 0x0F, 0x00,
    0x78, 0x03, 0xC0, 0x1E, 0x00, 0xF0, 0x07, 0x80, 0x3C, 0x01, 0xE0, 0x0F, 0x00, 0x78, 0x03, 0xC0, 0x1E, 0x00, 0xF0,
    0x07, 0x80, 0xFF, 0x8F, 0xFE, 0x00, 0xF0, 0x0F, 0x81, 0xFC, 0x1F, 0xE1, 0xFC, 0x1F, 0x03, 0xE0, 0x1C, 0x00, 0x00,
    0x00, 0x00, 0x00, 0x00, 0x00, 0x07, 0xFF, 0x1F, 0xF0, 0x3C, 0x01, 0xE0, 0x0F, 0x00, 0x78, 0x03, 0xC0, 0x1E, 0x00,
    0xF0, 0x07, 0x80, 0x3C, 0x01, 0xE0, 0x0F, 0x00, 0x78, 0x03, 0xC0, 0x1E, 0x00, 0xF0, 0x07, 0x80, 0x3C, 0x01, 0xE0,
    0x0F, 0x00, 0x78, 0x03, 0xC0, 0x1E, 0x00, 0xF0, 0x07, 0x80, 0x3C, 0x01, 0xE0, 0x0F, 0x00, 0x78, 0x03, 0xC0, 0x1E,
    0x00, 0xF0, 0x07, 0x80, 0xFF, 0x8F, 0xFE, 0x03, 0xC0, 0x03, 0xF0, 0x03, 0xFC, 0x03, 0xFF, 0x03, 0xE3, 0xC3, 0xC0,
    0xF3, 0xC0, 0x1D, 0xC0, 0x06, 0x00, 0x00, 0x00, 0x00, 0x00, 0x00, 0x00, 0x00, 0x01, 0xFF, 0xC0, 0x7F, 0xC0, 0x0F,
    0x00, 0x07, 0x80, 0x03, 0xC0, 0x01, 0xE0, 0x00, 0xF0, 0x00, 0x78, 0x00, 0x3C, 0x00, 0x1E, 0x00, 0x0F, 0x00, 0x07,
    0x80, 0x03, 0xC0, 0x01, 0xE0, 0x00, 0xF0, 0x00, 0x78, 0x00, 0x3C, 0x00, 0x1E, 0x00, 0x0F, 0x00, 0x07, 0x80, 0x03,
    0xC0, 0x01, 0xE0, 0x00, 0xF0, 0x00, 0x78, 0x00, 0x3C, 0x00, 0x1E, 0x00, 0x0F, 0x00, 0x07, 0x80, 0x03, 0xC0, 0x01,
    0xE0, 0x00, 0xF0, 0x00, 0x78, 0x00, 0x3C, 0x00, 0x1E, 0x00, 0x3F, 0xE0, 0x3F, 0xF8, 0xF0, 0x3D, 0xF0, 0xFF, 0xE1,
    0xFF, 0xC3, 0xFF, 0x03, 0xC0, 0x00, 0x00, 0x00, 0x00, 0x00, 0x00, 0x00, 0x00, 0x00, 0xFF, 0xE0, 0xFF, 0x80, 0x78,
    0x00, 0xF0, 0x01, 0xE0, 0x03, 0xC0, 0x07, 0x80, 0x0F, 0x00, 0x1E, 0x00, 0x3C, 0x00, 0x78, 0x00, 0xF0, 0x01, 0xE0,
    0x03, 0xC0, 0x07, 0x80, 0x0F, 0x00, 0x1E, 0x00, 0x3C, 0x00, 0x78, 0x00, 0xF0, 0x01, 0xE0, 0x03, 0xC0, 0x07, 0x80,
    0x0F, 0x00, 0x1E, 0x00, 0x3C, 0x00, 0x78, 0x00, 0xF0, 0x01, 0xE0, 0x03, 0xC0, 0x07, 0x80, 0x0F, 0x00, 0x1E, 0x00,
    0x3C, 0x01, 0xFF, 0x07, 0xFF, 0x00, 0x7F, 0xFF, 0x00, 0x1F, 0xFF, 0xE0, 0x03, 0xE0, 0x78, 0x01, 0xF0, 0x1E, 0x00,
    0xF0, 0x07, 0x80, 0x78, 0x01, 0xE0, 0x3C, 0x00, 0xF0, 0x1E, 0x00, 0x3C, 0x0F, 0x00, 0x1E, 0x07, 0x80, 0x0F, 0x83,
    0xC0, 0x03, 0xC1, 0xE0, 0x01, 0xE0, 0xF0, 0x00, 0xF0, 0x78, 0x00, 0x7C, 0x3C, 0x00, 0x3E, 0x1E, 0x00, 0x1F, 0x0F,
    0x00, 0x0F, 0xBF, 0xFF, 0x07, 0xDF, 0xFF, 0x03, 0xE1, 0xE0, 0x01, 0xF0, 0xF0, 0x00, 0xF8, 0x78, 0x00, 0x7C, 0x3C,
    0x00, 0x3E, 0x1E, 0x00, 0x1E, 0x0F, 0x00, 0x0F, 0x07, 0x80, 0x07, 0x83, 0xC0, 0x07, 0xC1, 0xE0, 0x03, 0xC0, 0xF0,
    0x01, 0xE0, 0x78, 0x01, 0xE0, 0x3C, 0x00, 0xF0, 0x1E, 0x00, 0xF0, 0x0F, 0x80, 0xF0, 0x07, 0xC0, 0xF0, 0x0F, 0xFF,
    0xF0, 0x0F, 0xFF, 0xE0, 0x00, 0x00, 0xF8, 0x0C, 0x00, 0x3F, 0xC1, 0x80, 0x0F, 0xFC, 0x70, 0x03, 0x8F, 0xFC, 0x00,
    0x60, 0xFF, 0x00, 0x0C, 0x07, 0xC0, 0x00, 0x00, 0x00, 0x00, 0x00, 0x00, 0x00, 0x00, 0x00, 0x00, 0x00, 0x00, 0x00,
    0x00, 0x00, 0x00, 0x00, 0x3F, 0xC0, 0x3F, 0xE7, 0xF8, 0x03, 0xFC, 0x1F, 0x80, 0x1C, 0x03, 0xF0, 0x01, 0x80, 0x7F,
    0x00, 0x30, 0x0F, 0xE0, 0x06, 0x01, 0xFE, 0x00, 0xC0, 0x37, 0xC0, 0x18, 0x06, 0xF8, 0x03, 0x00, 0xCF, 0x80, 0x60,
    0x19, 0xF0, 0x0C, 0x03, 0x1F, 0x01, 0x80, 0x63, 0xE0, 0x30, 0x0C, 0x3E, 0x06, 0x01, 0x87, 0xC0, 0xC0, 0x30, 0x7C,
    0x18, 0x06, 0x0F, 0x83, 0x00, 0xC0, 0xF8, 0x60, 0x18, 0x1F, 0x0C, 0x03, 0x03, 0xE1, 0x80, 0x60, 0x3E, 0x30, 0x0C,
    0x07, 0xC6, 0x01, 0x80, 0x7C, 0xC0, 0x30, 0x0F, 0x98, 0x06, 0x00, 0xFB, 0x00, 0xC0, 0x1F, 0x60, 0x18, 0x01, 0xFC,
    0x03, 0x00, 0x3F, 0x80, 0x60, 0x03, 0xF0, 0x0C, 0x00, 0x7E, 0x01, 0x80, 0x07, 0xC0, 0x30, 0x00, 0xF8, 0x06, 0x00,
    0x1F, 0x00, 0xE0, 0x01, 0xE0, 0xFF, 0x00, 0x3C, 0x1F, 0xF0, 0x03, 0x80, 0x03, 0xC0, 0x00, 0x0F, 0xC0, 0x00, 0x1F,
    0xC0, 0x00, 0x1F, 0xE0, 0x00, 0x0F, 0xE0, 0x00, 0x07, 0xE0, 0x00, 0x01, 0xE0, 0x00, 0x00, 0xE0, 0x00, 0x00, 0x00,
    0x00, 0x00, 0x00, 0x00, 0x00, 0x00, 0x03, 0xE0, 0x00, 0x1F, 0xF0, 0x00, 0x78, 0xF0, 0x01, 0xC0, 0x70, 0x07, 0x00,
    0x70, 0x1E, 0x00, 0xF0, 0x38, 0x00, 0xE0, 0xF0, 0x01, 0xE1, 0xC0, 0x01, 0xC7, 0x80, 0x03, 0xCF, 0x00, 0x07, 0x9E,
    0x00, 0x0F, 0x7C, 0x00, 0x1F, 0xF8, 0x00, 0x3F, 0xE0, 0x00, 0x3F, 0xC0, 0x00, 0x7F, 0x80, 0x00, 0xFF, 0x00, 0x01,
    0xFE, 0x00, 0x03, 0xFC, 0x00, 0x07, 0xF8, 0x00, 0x0F, 0xF0, 0x00, 0x1F, 0xE0, 0x00, 0x3F, 0xE0, 0x00, 0xFF, 0xC0,
    0x01, 0xFF, 0x80, 0x03, 0xEF, 0x00, 0x07, 0x9E, 0x00, 0x0F, 0x3C, 0x00, 0x1E, 0x3C, 0x00, 0x78, 0x78, 0x00, 0xF0,
    0x70, 0x01, 0xC0, 0xF0, 0x07, 0x80, 0xF0, 0x1E, 0x00, 0xF0, 0x78, 0x00, 0xFF, 0xE0, 0x00, 0x7F, 0x00, 0x00, 0x07,
    0x80, 0x00, 0x1F, 0x80, 0x00, 0x7F, 0x00, 0x03, 0xFC, 0x00, 0x0F, 0xE0, 0x00, 0x3F, 0x00, 0x00, 0xF0, 0x00, 0x03,
    0x80, 0x00, 0x00, 0x00, 0x00, 0x00, 0x00, 0x00, 0x00, 0x00, 0x00, 0x03, 0xE0, 0x00, 0x1F, 0xF0, 0x00, 0x78, 0xF0,
    0x01, 0xC0, 0x70, 0x07, 0x00, 0x70, 0x1E, 0x00, 0xF0, 0x38, 0x00, 0xE0, 0xF0, 0x01, 0xE1, 0xC0, 0x01, 0xC7, 0x80,
    0x03, 0xCF, 0x00, 0x07, 0x9E, 0x00, 0x0F, 0x7C, 0x00, 0x1F, 0xF8, 0x00, 0x3F, 0xE0, 0x00, 0x3F, 0xC0, 0x00, 0x7F,
    0x80, 0x00, 0xFF, 0x00, 0x01, 0xFE, 0x00, 0x03, 0xFC, 0x00, 0x07, 0xF8, 0x00, 0x0F, 0xF0, 0x00, 0x1F, 0xE0, 0x00,
    0x3F, 0xE0, 0x00, 0xFF, 0xC0, 0x01, 0xFF, 0x80, 0x03, 0xEF, 0x00, 0x07, 0x9E, 0x00, 0x0F, 0x3C, 0x00, 0x1E, 0x3C,
    0x00, 0x78, 0x78, 0x00, 0xF0, 0x70, 0x01, 0xC0, 0xF0, 0x07, 0x80, 0xF0, 0x1E, 0x00, 0xF0, 0x78, 0x00, 0xFF, 0xE0,
    0x00, 0x7F, 0x00, 0x00, 0x7C, 0x00, 0x01, 0xFC, 0x00, 0x07, 0xFC, 0x00, 0x1F, 0xF8, 0x00, 0x3C, 0x78, 0x00, 0xF0,
    0x78, 0x03, 0x80, 0x38, 0x0E, 0x00, 0x38, 0x00, 0x00, 0x00, 0x00, 0x00, 0x00, 0x00, 0x00, 0x00, 0x03, 0xE0, 0x00,
    0x1F, 0xF0, 0x00, 0x78, 0xF0, 0x01, 0xC0, 0x70, 0x07, 0x00, 0x70, 0x1E, 0x00, 0xF0, 0x38, 0x00, 0xE0, 0xF0, 0x01,
    0xE1, 0xC0, 0x01, 0xC7, 0x80, 0x03, 0xCF, 0x00, 0x07, 0x9E, 0x00, 0x0F, 0x7C, 0x00, 0x1F, 0xF8, 0x00, 0x3F, 0xE0,
    0x00, 0x3F, 0xC0, 0x00, 0x7F, 0x80, 0x00, 0xFF, 0x00, 0x01, 0xFE, 0x00, 0x03, 0xFC, 0x00, 0x07, 0xF8, 0x00, 0x0F,
    0xF0, 0x00, 0x1F, 0xE0, 0x00, 0x3F, 0xE0, 0x00, 0xFF, 0xC0, 0x01, 0xFF, 0x80, 0x03, 0xEF, 0x00, 0x07, 0x9E, 0x00,
    0x0F, 0x3C, 0x00, 0x1E, 0x3C, 0x00, 0x78, 0x78, 0x00, 0xF0, 0x70, 0x01, 0xC0, 0xF0, 0x07, 0x80, 0xF0, 0x1E, 0x00,
    0xF0, 0x78, 0x00, 0xFF, 0xE0, 0x00, 0x7F, 0x00, 0x03, 0xE0, 0x30, 0x0F, 0xF0, 0x60, 0x3F, 0xF1, 0xC0, 0xE3, 0xFF,
    0x01, 0x83, 0xFC, 0x03, 0x01, 0xF0, 0x00, 0x00, 0x00, 0x00, 0x00, 0x00, 0x00, 0x00, 0x00, 0x00, 0x00, 0x00, 0x01,
    0xF0, 0x00, 0x0F, 0xF8, 0x00, 0x3C, 0x78, 0x00, 0xE0, 0x38, 0x03, 0x80, 0x38, 0x0F, 0x00, 0x78, 0x1C, 0x00, 0x70,
    0x78, 0x00, 0xF0, 0xE0, 0x00, 0xE3, 0xC0, 0x01, 0xE7, 0x80, 0x03, 0xCF, 0x00, 0x07, 0xBE, 0x00, 0x0F, 0xFC, 0x00,
    0x1F, 0xF0, 0x00, 0x1F, 0xE0, 0x00, 0x3F, 0xC0, 0x00, 0x7F, 0x80, 0x00, 0xFF, 0x00, 0x01, 0xFE, 0x00, 0x03, 0xFC,
    0x00, 0x07, 0xF8, 0x00, 0x0F, 0xF0, 0x00, 0x1F, 0xF0, 0x00, 0x7F, 0xE0, 0x00, 0xFF, 0xC0, 0x01, 0xF7, 0x80, 0x03,
    0xCF, 0x00, 0x07, 0x9E, 0x00, 0x0F, 0x1E, 0x00, 0x3C, 0x3C, 0x00, 0x78, 0x38, 0x00, 0xE0, 0x78, 0x03, 0xC0, 0x78,
    0x0F, 0x00, 0x78, 0x3C, 0x00, 0x7F, 0xF0, 0x00, 0x3F, 0x80, 0x00, 0x07, 0x83, 0xC0, 0x1F, 0x07, 0xC0, 0x3F, 0x1F,
    0x80, 0x7C, 0x1F, 0x00, 0x78, 0x3C, 0x00, 0x00, 0x00, 0x00, 0x00, 0x00, 0x00, 0x00, 0x00, 0x00, 0x00, 0x00, 0x00,
    0xF8, 0x00, 0x07, 0xFC, 0x00, 0x1E, 0x3C, 0x00, 0x70, 0x1C, 0x01, 0xC0, 0x1C, 0x07, 0x80, 0x3C, 0x0E, 0x00, 0x38,
    0x3C, 0x00, 0x78, 0x70, 0x00, 0x71, 0xE0, 0x00, 0xF3, 0xC0, 0x01, 0xE7, 0x80, 0x03, 0xDF, 0x00, 0x07, 0xFE, 0x00,
    0x0F, 0xF8, 0x00, 0x0F, 0xF0, 0x00, 0x1F, 0xE0, 0x00, 0x3F, 0xC0, 0x00, 0x7F, 0x80, 0x00, 0xFF, 0x00, 0x01, 0xFE,
    0x00, 0x03, 0xFC, 0x00, 0x07, 0xF8, 0x00, 0x0F, 0xF8, 0x00, 0x3F, 0xF0, 0x00, 0x7F, 0xE0, 0x00, 0xFB, 0xC0, 0x01,
    0xE7, 0x80, 0x03, 0xCF, 0x00, 0x07, 0x8F, 0x00, 0x1E, 0x1E, 0x00, 0x3C, 0x1C, 0x00, 0x70, 0x3C, 0x01, 0xE0, 0x3C,
    0x07, 0x80, 0x3C, 0x1E, 0x00, 0x3F, 0xF8, 0x00, 0x1F, 0xC0, 0x00, 0x40, 0x00, 0x5C, 0x00, 0x1D, 0xC0, 0x07, 0x1C,
    0x01, 0xC1, 0xC0, 0x70, 0x1C, 0x1C, 0x01, 0xC7, 0x00, 0x1D, 0xC0, 0x01, 0xF0, 0x00, 0x3C, 0x00, 0x07, 0xC0, 0x01,
    0xDC, 0x00, 0x71, 0xC0, 0x1C, 0x1C, 0x07, 0x01, 0xC1, 0xC0, 0x1C, 0x70, 0x01, 0xDC, 0x00, 0x1D, 0x00, 0x01, 0x00,
    0x00, 0x00, 0x18, 0x00, 0x00, 0x30, 0x00, 0x00, 0xE0, 0x03, 0xE1, 0x80, 0x1F, 0xF3, 0x00, 0x78, 0xFE, 0x01, 0xC0,
    0x78, 0x07, 0x00, 0x70, 0x1E, 0x00, 0xF0, 0x38, 0x01, 0xE0, 0xF0, 0x07, 0xE1, 0xC0, 0x0D, 0xC7, 0x80, 0x3B, 0xCF,
    0x00, 0x67, 0x9E, 0x01, 0xCF, 0x7C, 0x03, 0x1F, 0xF8, 0x06, 0x3F, 0xE0, 0x18, 0x3F, 0xC0, 0x30, 0x7F, 0x80, 0xE0,
    0xFF, 0x01, 0x81, 0xFE, 0x07, 0x03, 0xFC, 0x0C, 0x07, 0xF8, 0x38, 0x0F, 0xF0, 0x60, 0x1F, 0xE0, 0xC0, 0x3F, 0xE3,
    0x80, 0xFF, 0xC6, 0x01, 0xFF, 0x9C, 0x03, 0xEF, 0x30, 0x07, 0x9E, 0xE0, 0x0F, 0x3D, 0x80, 0x1E, 0x3F, 0x00, 0x78,
    0x7E, 0x00, 0xF0, 0x78, 0x01, 0xC0, 0xF0, 0x07, 0x80, 0xF0, 0x1E, 0x03, 0xF0, 0x78, 0x06, 0xFF, 0xE0, 0x0C, 0x7F,
    0x00, 0x30, 0x00, 0x00, 0x60, 0x00, 0x00, 0xC0, 0x00, 0x00, 0x00, 0xF0, 0x00, 0x00, 0x7E, 0x00, 0x00, 0x1F, 0xC0,
    0x00, 0x03, 0xF8, 0x00, 0x00, 0x3F, 0x80, 0x00, 0x03, 0xF0, 0x00, 0x00, 0x3E, 0x00, 0x00, 0x01, 0x80, 0x00, 0x00,
    0x00, 0x00, 0x00, 0x00, 0x00, 0x00, 0x00, 0x00, 0x00, 0x00, 0x00, 0xFF, 0xE0, 0xFF, 0x9F, 0xF0, 0x1F, 0xC1, 0xF0,
    0x01, 0xC0, 0x7C, 0x00, 0x30, 0x1F, 0x00, 0x0C, 0x07, 0xC0, 0x03, 0x01, 0xF0, 0x00, 0xC0, 0x7C, 0x00, 0x30, 0x1F,
    0x00, 0x0C, 0x07, 0xC0, 0x03, 0x01, 0xF0, 0x00, 0xC0, 0x7C, 0x00, 0x30, 0x1F, 0x00, 0x0C, 0x07, 0xC0, 0x03, 0x01,
    0xF0, 0x00, 0xC0, 0x7C, 0x00, 0x30, 0x1F, 0x00, 0x0C, 0x07, 0xC0, 0x03, 0x01, 0xF0, 0x00, 0xC0, 0x7C, 0x00, 0x30,
    0x1F, 0x00, 0x0C, 0x07, 0xC0, 0x03, 0x01, 0xF0, 0x00, 0xC0, 0x7C, 0x00, 0x30, 0x1F, 0x00, 0x0C, 0x07, 0xC0, 0x03,
    0x01, 0xF0, 0x00, 0xC0, 0x7C, 0x00, 0x30, 0x1F, 0x00, 0x1C, 0x03, 0xC0, 0x07, 0x00, 0xF0, 0x01, 0x80, 0x1E, 0x00,
    0xE0, 0x07, 0xC0, 0x70, 0x00, 0xFC, 0x7C, 0x00, 0x1F, 0xFC, 0x00, 0x01, 0xFE, 0x00, 0x00, 0x01, 0xE0, 0x00, 0x00,
    0xFC, 0x00, 0x00, 0x7E, 0x00, 0x00, 0x7F, 0x80, 0x00, 0x3F, 0x80, 0x00, 0x1F, 0x80, 0x00, 0x1F, 0x00, 0x00, 0x07,
    0x00, 0x00, 0x00, 0x00, 0x00, 0x00, 0x00, 0x00, 0x00, 0x00, 0x00, 0x00, 0x00, 0x00, 0x00, 0xFF, 0xE0, 0xFF, 0x9F,
    0xF0, 0x1F, 0xC1, 0xF0, 0x01, 0xC0, 0x7C, 0x00, 0x30, 0x1F, 0x00, 0x0C, 0x07, 0xC0, 0x03, 0x01, 0xF0, 0x00, 0xC0,
    0x7C, 0x00, 0x30, 0x1F, 0x00, 0x0C, 0x07, 0xC0, 0x03, 0x01, 0xF0, 0x00, 0xC0, 0x7C, 0x00, 0x30, 0x1F, 0x00, 0x0C,
    0x07, 0xC0, 0x03, 0x01, 0xF0, 0x00, 0xC0, 0x7C, 0x00, 0x30, 0x1F, 0x00, 0x0C, 0x07, 0xC0, 0x03, 0x01, 0xF0, 0x00,
    0xC0, 0x7C, 0x00, 0x30, 0x1F, 0x00, 0x0C, 0x07, 0xC0, 0x03, 0x01, 0xF0, 0x00, 0xC0, 0x7C, 0x00, 0x30, 0x1F, 0x00,
    0x0C, 0x07, 0xC0, 0x03, 0x01, 0xF0, 0x00, 0xC0, 0x7C, 0x00, 0x30, 0x1F, 0x00, 0x1C, 0x03, 0xC0, 0x07, 0x00, 0xF0,
    0x01, 0x80, 0x1E, 0x00, 0xE0, 0x07, 0xC0, 0x70, 0x00, 0xFC, 0x7C, 0x00, 0x1F, 0xFC, 0x00, 0x01, 0xFE, 0x00, 0x00,
    0x1F, 0x00, 0x00, 0x0F, 0xC0, 0x00, 0x07, 0xF8, 0x00, 0x03, 0xFF, 0x00, 0x01, 0xF1, 0xE0, 0x00, 0xF8, 0x3C, 0x00,
    0x38, 0x03, 0x80, 0x1C, 0x00, 0x60, 0x00, 0x00, 0x00, 0x00, 0x00, 0x00, 0x00, 0x00, 0x00, 0x00, 0x00, 0x00, 0x00,
    0xFF, 0xE0, 0xFF, 0x9F, 0xF0, 0x1F, 0xC1, 0xF0, 0x01, 0xC0, 0x7C, 0x00, 0x30, 0x1F, 0x00, 0x0C, 0x07, 0xC0, 0x03,
    0x01, 0xF0, 0x00, 0xC0, 0x7C, 0x00, 0x30, 0x1F, 0x00, 0x0C, 0x07, 0xC0, 0x03, 0x01, 0xF0, 0x00, 0xC0, 0x7C, 0x00,
    0x30, 0x1F, 0x00, 0x0C, 0x07, 0xC0, 0x03, 0x01, 0xF0, 0x00, 0xC0, 0x7C, 0x00, 0x30, 0x1F, 0x00, 0x0C, 0x07, 0xC0,
    0x03, 0x01, 0xF0, 0x00, 0xC0, 0x7C, 0x00, 0x30, 0x1F, 0x00, 0x0C, 0x07, 0xC0, 0x03, 0x01, 0xF0, 0x00, 0xC0, 0x7C,
    0x00, 0x30, 0x1F, 0x00, 0x0C, 0x07, 0xC0, 0x03, 0x01, 0xF0, 0x00, 0xC0, 0x7C, 0x00, 0x30, 0x1F, 0x00, 0x1C, 0x03,
    0xC0, 0x07, 0x00, 0xF0, 0x01, 0x80, 0x1E, 0x00, 0xE0, 0x07, 0xC0, 0x70, 0x00, 0xFC, 0x7C, 0x00, 0x1F, 0xFC, 0x00,
    0x01, 0xFE, 0x00, 0x01, 0xE0, 0xF0, 0x00, 0xF8, 0x7E, 0x00, 0x3E, 0x1F, 0x80, 0x0F, 0x83, 0xE0, 0x01, 0xE0, 0xF0,
    0x00, 0x00, 0x00, 0x00, 0x00, 0x00, 0x00, 0x00, 0x00, 0x00, 0x00, 0x00, 0x00, 0x00, 0x00, 0x00, 0x0F, 0xFE, 0x0F,
    0xF9, 0xFF, 0x01, 0xFC, 0x1F, 0x00, 0x1C, 0x07, 0xC0, 0x03, 0x01, 0xF0, 0x00, 0xC0, 0x7C, 0x00, 0x30, 0x1F, 0x00,
    0x0C, 0x07, 0xC0, 0x03, 0x01, 0xF0, 0x00, 0xC0, 0x7C, 0x00, 0x30, 0x1F, 0x00, 0x0C, 0x07, 0xC0, 0x03, 0x01, 0xF0,
    0x00, 0xC0, 0x7C, 0x00, 0x30, 0x1F, 0x00, 0x0C, 0x07, 0xC0, 0x03, 0x01, 0xF0, 0x00, 0xC0, 0x7C, 0x00, 0x30, 0x1F,
    0x00, 0x0C, 0x07, 0xC0, 0x03, 0x01, 0xF0, 0x00, 0xC0, 0x7C, 0x00, 0x30, 0x1F, 0x00, 0x0C, 0x07, 0xC0, 0x03, 0x01,
    0xF0, 0x00, 0xC0, 0x7C, 0x00, 0x30, 0x1F, 0x00, 0x0C, 0x07, 0xC0, 0x03, 0x01, 0xF0, 0x01, 0xC0, 0x3C, 0x00, 0x70,
    0x0F, 0x00, 0x18, 0x01, 0xE0, 0x0E, 0x00, 0x7C, 0x07, 0x00, 0x0F, 0xC7, 0xC0, 0x01, 0xFF, 0xC0, 0x00, 0x1F, 0xE0,
    0x00, 0x00, 0x00, 0xF0, 0x00, 0x00, 0xFC, 0x00, 0x00, 0x7F, 0x00, 0x00, 0x3F, 0x80, 0x00, 0x1F, 0x80, 0x00, 0x1F,
    0x80, 0x00, 0x0F, 0x80, 0x00, 0x03, 0x80, 0x00, 0x00, 0x00, 0x00, 0x00, 0x00, 0x00, 0x00, 0x00, 0x00, 0x00, 0x00,
    0x00, 0x00, 0xFF, 0xC0, 0x7F, 0xDF, 0xF0, 0x0F, 0xE1, 0xE0, 0x00, 0xE0, 0x7C, 0x00, 0x38, 0x0F, 0x00, 0x0C, 0x03,
    0xE0, 0x07, 0x00, 0x78, 0x01, 0x80, 0x1F, 0x00, 0xE0, 0x07, 0xC0, 0x30, 0x00, 0xF8, 0x1C, 0x00, 0x3E, 0x06, 0x00,
    0x07, 0x83, 0x80, 0x01, 0xF0, 0xC0, 0x00, 0x3C, 0x70, 0x00, 0x0F, 0x98, 0x00, 0x01, 0xE6, 0x00, 0x00, 0x7F, 0x00,
    0x00, 0x0F, 0xC0, 0x00, 0x03, 0xE0, 0x00, 0x00, 0x78, 0x00, 0x00, 0x1E, 0x00, 0x00, 0x07, 0x80, 0x00, 0x01, 0xE0,
    0x00, 0x00, 0x78, 0x00, 0x00, 0x1E, 0x00, 0x00, 0x07, 0x80, 0x00, 0x01, 0xE0, 0x00, 0x00, 0x78, 0x00, 0x00, 0x1E,
    0x00, 0x00, 0x07, 0x80, 0x00, 0x01, 0xE0, 0x00, 0x00, 0x78, 0x00, 0x00, 0x1E, 0x00, 0x00, 0x07, 0x80, 0x00, 0x1F,
    0xFE, 0x00, 0x0F, 0xFF, 0xC0, 0x7F, 0xF8, 0x00, 0x7F, 0xE0, 0x00, 0x3E, 0x00, 0x00, 0x78, 0x00, 0x00, 0xF0, 0x00,
    0x01, 0xE0, 0x00, 0x03, 0xE0, 0x00, 0x07, 0xFF, 0xC0, 0x0F, 0xFF, 0xC0, 0x1F, 0x03, 0xE0, 0x3C, 0x03, 0xC0, 0x78,
    0x03, 0xC0, 0xF0, 0x07, 0xC1, 0xE0, 0x07, 0x83, 0xC0, 0x0F, 0x07, 0x80, 0x1E, 0x0F, 0x00, 0x3C, 0x1E, 0x00, 0x78,
    0x3C, 0x00, 0xF0, 0x78, 0x01, 0xE0, 0xF0, 0x07, 0xC1, 0xE0, 0x0F, 0x03, 0xC0, 0x3E, 0x07, 0xC0, 0xF8, 0x0F, 0xCF,
    0xE0, 0x1F, 0xFF, 0x00, 0x3F, 0xF0, 0x00, 0x78, 0x00, 0x00, 0xF0, 0x00, 0x01, 0xE0, 0x00, 0x03, 0xC0, 0x00, 0x07,
    0x80, 0x00, 0x0F, 0x00, 0x00, 0x1F, 0x00, 0x00, 0xFF, 0xC0, 0x03, 0xFF, 0xC0, 0x00, 0x00, 0x7F, 0x80, 0x03, 0xFF,
    0x00, 0x1C, 0x1E, 0x00, 0xE0, 0x3C, 0x07, 0x80, 0xF0, 0x1C, 0x03, 0xC0, 0xF0, 0x0F, 0x03, 0xC0, 0x3C, 0x0F, 0x01,
    0xE0, 0x3C, 0x07, 0x80, 0xF0, 0x3C, 0x0F, 0xC1, 0xE0, 0x7F, 0x0F, 0x00, 0x3C, 0x70, 0x00, 0xF3, 0x80, 0x03, 0xCE,
    0x00, 0x0F, 0x30, 0x00, 0x3C, 0xE0, 0x00, 0xF3, 0x80, 0x03, 0xCF, 0x00, 0x0F, 0x3E, 0x00, 0x3C, 0xFC, 0x00, 0xF1,
    0xFC, 0x03, 0xC3, 0xF8, 0x0F, 0x07, 0xF0, 0x3C, 0x07, 0xE0, 0xF0, 0x0F, 0x83, 0xC0, 0x1E, 0x0F, 0x00, 0x3C, 0x3C,
    0xC0, 0xF0, 0xF7, 0x03, 0xC3, 0xCC, 0x07, 0x0F, 0x30, 0x3C, 0x3C, 0xE0, 0xE0, 0xF3, 0x83, 0x9F, 0xCF, 0xFC, 0xFF,
    0x1F, 0xC0, 0x1E, 0x00, 0x03, 0xF0, 0x00, 0x7F, 0x00, 0x07, 0xF0, 0x00, 0x3F, 0x00, 0x01, 0xF8, 0x00, 0x0F, 0x80,
    0x00, 0x70, 0x00, 0x00, 0x00, 0x00, 0x00, 0x00, 0x00, 0x01, 0xFC, 0x00, 0xFF, 0xC0, 0x3C, 0x78, 0x0F, 0x07, 0x83,
    0xC0, 0xF0, 0x78, 0x1E, 0x1F, 0x03, 0xC3, 0xE0, 0x78, 0x78, 0x0F, 0x04, 0x01, 0xE0, 0x00, 0x3C, 0x00, 0x1F, 0x80,
    0x0F, 0xF0, 0x07, 0x9E, 0x01, 0xC3, 0xC0, 0xF0, 0x78, 0x1C, 0x0F, 0x07, 0x81, 0xE1, 0xE0, 0x3C, 0xFC, 0x0F, 0x9F,
    0x81, 0xF3, 0xF0, 0x3E, 0x7F, 0x0F, 0xDF, 0xFF, 0x3F, 0x3F, 0xC7, 0xE3, 0xF0, 0x78, 0x00, 0x1E, 0x00, 0x0F, 0xC0,
    0x03, 0xF8, 0x00, 0xFE, 0x00, 0x3F, 0x00, 0x1F, 0x80, 0x07, 0xC0, 0x00, 0xE0, 0x00, 0x00, 0x00, 0x00, 0x00, 0x00,
    0x00, 0x00, 0x01, 0xFC, 0x00, 0xFF, 0xC0, 0x3C, 0x78, 0x0F, 0x07, 0x83, 0xC0, 0xF0, 0x78, 0x1E, 0x1F, 0x03, 0xC3,
    0xE0, 0x78, 0x78, 0x0F, 0x04, 0x01, 0xE0, 0x00, 0x3C, 0x00, 0x1F, 0x80, 0x0F, 0xF0, 0x07, 0x9E, 0x01, 0xC3, 0xC0,
    0xF0, 0x78, 0x1C, 0x0F, 0x07, 0x81, 0xE1, 0xE0, 0x3C, 0xFC, 0x0F, 0x9F, 0x81, 0xF3, 0xF0, 0x3E, 0x7F, 0x0F, 0xDF,
    0xFF, 0x3F, 0x3F, 0xC7, 0xE3, 0xF0, 0x78, 0x01, 0xE0, 0x00, 0x7E, 0x00, 0x1F, 0xE0, 0x07, 0xFE, 0x01, 0xF3, 0xE0,
    0x78, 0x1E, 0x1E, 0x01, 0xE3, 0x00, 0x0C, 0x00, 0x00, 0x00, 0x00, 0x00, 0x00, 0x00, 0x01, 0xFC, 0x00, 0xFF, 0xC0,
    0x3C, 0x78, 0x0F, 0x07, 0x83, 0xC0, 0xF0, 0x78, 0x1E, 0x1F, 0x03, 0xC3, 0xE0, 0x78, 0x78, 0x0F, 0x04, 0x01, 0xE0,
    0x00, 0x3C, 0x00, 0x1F, 0x80, 0x0F, 0xF0, 0x07, 0x9E, 0x01, 0xC3, 0xC0, 0xF0, 0x78, 0x1C, 0x0F, 0x07, 0x81, 0xE1,
    0xE0, 0x3C, 0xFC, 0x0F, 0x9F, 0x81, 0xF3, 0xF0, 0x3E, 0x7F, 0x0F, 0xDF, 0xFF, 0x3F, 0x3F, 0xC7, 0xE3, 0xF0, 0x78,
    0x1F, 0x80, 0x87, 0xF8, 0x31, 0xFF, 0xCE, 0x39, 0xFF, 0xC6, 0x0F, 0xF0, 0x80, 0xFC, 0x00, 0x00, 0x00, 0x00, 0x00,
    0x00, 0x00, 0x00, 0x00, 0x00, 0x0F, 0xE0, 0x07, 0xFE, 0x01, 0xE3, 0xC0, 0x78, 0x3C, 0x1E, 0x07, 0x83, 0xC0, 0xF0,
    0xF8, 0x1E, 0x1F, 0x03, 0xC3, 0xC0, 0x78, 0x20, 0x0F, 0x00, 0x01, 0xE0, 0x00, 0xFC, 0x00, 0x7F, 0x80, 0x3C, 0xF0,
    0x0E, 0x1E, 0x07, 0x83, 0xC0, 0xE0, 0x78, 0x3C, 0x0F, 0x0F, 0x01, 0xE7, 0xE0, 0x7C, 0xFC, 0x0F, 0x9F, 0x81, 0xF3,
    0xF8, 0x7E, 0xFF, 0xF9, 0xF9, 0xFE, 0x3F, 0x1F, 0x83, 0xC0, 0x3C, 0x0F, 0x07, 0xC3, 0xE1, 0xF8, 0x7E, 0x1F, 0x0F,
    0x83, 0xC0, 0xF0, 0x00, 0x00, 0x00, 0x00, 0x00, 0x00, 0x00, 0x00, 0x00, 0x00, 0x7F, 0x00, 0x3F, 0xF0, 0x0F, 0x1E,
    0x03, 0xC1, 0xE0, 0xF0, 0x3C, 0x1E, 0x07, 0x87, 0xC0, 0xF0, 0xF8, 0x1E, 0x1E, 0x03, 0xC1, 0x00, 0x78, 0x00, 0x0F,
    0x00, 0x07, 0xE0, 0x03, 0xFC, 0x01, 0xE7, 0x80, 0x70, 0xF0, 0x3C, 0x1E, 0x07, 0x03, 0xC1, 0xE0, 0x78, 0x78, 0x0F,
    0x3F, 0x03, 0xE7, 0xE0, 0x7C, 0xFC, 0x0F, 0x9F, 0xC3, 0xF7, 0xFF, 0xCF, 0xCF, 0xF1, 0xF8, 0xFC, 0x1E, 0x00, 0x00,
    0x00, 0x00, 0x7E, 0x00, 0x1F, 0xE0, 0x07, 0x0E, 0x00, 0xC0, 0xC0, 0x38, 0x1C, 0x06, 0x03, 0x80, 0xE0, 0x70, 0x0C,
    0x0C, 0x01, 0xC3, 0x80, 0x1C, 0xE0, 0x01, 0xF8, 0x00, 0x0C, 0x00, 0x00, 0x00, 0x00, 0x00, 0x00, 0x1F, 0xC0, 0x0F,
    0xFC, 0x03, 0xC7, 0x80, 0xF0, 0x78, 0x3C, 0x0F, 0x07, 0x81, 0xE1, 0xF0, 0x3C, 0x3E, 0x07, 0x87, 0x80, 0xF0, 0x40,
    0x1E, 0x00, 0x03, 0xC0, 0x01, 0xF8, 0x00, 0xFF, 0x00, 0x79, 0xE0, 0x1C, 0x3C, 0x0F, 0x07, 0x81, 0xC0, 0xF0, 0x78,
    0x1E, 0x1E, 0x03, 0xCF, 0xC0, 0xF9, 0xF8, 0x1F, 0x3F, 0x03, 0xE7, 0xF0, 0xFD, 0xFF, 0xF3, 0xF3, 0xFC, 0x7E, 0x3F,
    0x07, 0x80, 0x03, 0xF8, 0xFE, 0x01, 0xFF, 0xBF, 0xE0, 0x78, 0xFF, 0x1E, 0x1E, 0x0F, 0xC1, 0xE7, 0x81, 0xF0, 0x3C,
    0xF0, 0x3E, 0x07, 0xBE, 0x07, 0xC0, 0x7F, 0x80, 0xF0, 0x0F, 0x70, 0x1E, 0x03, 0xE0, 0x03, 0xC0, 0xFC, 0x00, 0x7F,
    0xFF, 0x80, 0x3F, 0xFF, 0xE0, 0x1F, 0xE0, 0x00, 0x0F, 0x3C, 0x00, 0x03, 0x87, 0x80, 0x01, 0xE0, 0xF0, 0x00, 0x38,
    0x1E, 0x00, 0x4F, 0x03, 0xE0, 0x0F, 0xC0, 0x7C, 0x03, 0x78, 0x1F, 0x80, 0x6F, 0x03, 0xF8, 0x0D, 0xE0, 0x6F, 0x03,
    0xBE, 0x19, 0xF8, 0xE7, 0xFE, 0x1F, 0xFC, 0x7F, 0x81, 0xFF, 0x07, 0xE0, 0x1F, 0xC0, 0x03, 0xF8, 0x0F, 0xF8, 0x38,
    0xF0, 0xE0, 0xE3, 0x81, 0xC7, 0x01, 0x9E, 0x03, 0x3C, 0x06, 0xF0, 0x05, 0xE0, 0x03, 0xC0, 0x07, 0x80, 0x0F, 0x00,
    0x1E, 0x00, 0x3C, 0x00, 0x78, 0x00, 0xF0, 0x07, 0xF0, 0x0F, 0xE0, 0x1B, 0xC0, 0x37, 0xC0, 0xCF, 0x83, 0x8F, 0xCF,
    0x0F, 0xFC, 0x1F, 0xF0, 0x0F, 0xC0, 0x06, 0x00, 0x0C, 0x00, 0x18, 0x00, 0x3C, 0x00, 0x7C, 0x00, 0x3C, 0x00, 0x38,
    0x38, 0x70, 0x70, 0xE0, 0xF3, 0x80, 0xFE, 0x00, 0x00, 0x00, 0x1E, 0x00, 0x3F, 0x00, 0x1F, 0x80, 0x1F, 0xE0, 0x07,
    0xF0, 0x01, 0xF8, 0x00, 0x3E, 0x00, 0x0E, 0x00, 0x00, 0x00, 0x00, 0x00, 0x00, 0x03, 0xF0, 0x0F, 0xF8, 0x1E, 0x1C,
    0x3C, 0x1E, 0x38, 0x1E, 0x78, 0x0E, 0x78, 0x0F, 0x70, 0x0F, 0xF0, 0x0F, 0xF0, 0x3F, 0xFF, 0xFF, 0xFF, 0xFE, 0xF0,
    0x00, 0xF0, 0x00, 0xF0, 0x00, 0xF0, 0x00, 0xF0, 0x02, 0xF8, 0x03, 0xF8, 0x03, 0x78, 0x06, 0x7C, 0x06, 0x3C, 0x0E,
    0x3F, 0x1C, 0x1F, 0xFC, 0x0F, 0xF8, 0x07, 0xF0, 0x00, 0x3C, 0x00, 0x7E, 0x00, 0xFE, 0x01, 0xFC, 0x07, 0xF0, 0x0F,
    0xC0, 0x1F, 0x00, 0x18, 0x00, 0x00, 0x00, 0x00, 0x00, 0x00, 0x00, 0x03, 0xF0, 0x0F, 0xF8, 0x1E, 0x1C, 0x3C, 0x1E,
    0x38, 0x1E, 0x78, 0x0E, 0x78, 0x0F, 0x70, 0x0F, 0xF0, 0x0F, 0xF0, 0x3F, 0xFF, 0xFF, 0xFF, 0xFE, 0xF0, 0x00, 0xF0,
    0x00, 0xF0, 0x00, 0xF0, 0x00, 0xF0, 0x02, 0xF8, 0x03, 0xF8, 0x03, 0x78, 0x06, 0x7C, 0x06, 0x3C, 0x0E, 0x3F, 0x1C,
    0x1F, 0xFC, 0x0F, 0xF8, 0x07, 0xF0, 0x03, 0xE0, 0x01, 0xF8, 0x01, 0xFE, 0x01, 0xFF, 0x81, 0xE3, 0xE1, 0xE0, 0xF9,
    0xC0, 0x1C, 0xC0, 0x07, 0x00, 0x00, 0x00, 0x00, 0x00, 0x00, 0x00, 0x7E, 0x00, 0xFF, 0x80, 0xF0, 0xE0, 0xF0, 0x78,
    0x70, 0x3C, 0x78, 0x0E, 0x3C, 0x07, 0x9C, 0x03, 0xDE, 0x01, 0xEF, 0x03, 0xF7, 0xFF, 0xFB, 0xFF, 0xF9, 0xE0, 0x00,
    0xF0, 0x00, 0x78, 0x00, 0x3C, 0x00, 0x1E, 0x00, 0x4F, 0x80, 0x37, 0xC0, 0x19, 0xE0, 0x18, 0xF8, 0x0C, 0x3C, 0x0E,
    0x1F, 0x8E, 0x07, 0xFF, 0x01, 0xFF, 0x00, 0x7F, 0x00, 0x3C, 0x1E, 0x7E, 0x1F, 0x7E, 0x1F, 0x7E, 0x1F, 0x3C, 0x1E,
    0x00, 0x00, 0x00, 0x00, 0x00, 0x00, 0x00, 0x00, 0x03, 0xF0, 0x0F, 0xF8, 0x1E, 0x1C, 0x3C, 0x1E, 0x38, 0x1E, 0x78,
    0x0E, 0x78, 0x0F, 0x70, 0x0F, 0xF0, 0x0F, 0xF0, 0x3F, 0xFF, 0xFF, 0xFF, 0xFE, 0xF0, 0x00, 0xF0, 0x00, 0xF0, 0x00,
    0xF0, 0x00, 0xF0, 0x02, 0xF8, 0x03, 0xF8, 0x03, 0x78, 0x06, 0x7C, 0x06, 0x3C, 0x0E, 0x3F, 0x1C, 0x1F, 0xFC, 0x0F,
    0xF8, 0x07, 0xF0, 0x78, 0x07, 0xE0, 0x1F, 0x80, 0xFF, 0x01, 0xFC, 0x03, 0xF0, 0x03, 0xC0, 0x07, 0x00, 0x00, 0x00,
    0x00, 0x00, 0x03, 0x00, 0x78, 0x1F, 0xC0, 0xFE, 0x01, 0xF0, 0x07, 0x80, 0x3C, 0x01, 0xE0, 0x0F, 0x00, 0x78, 0x03,
    0xC0, 0x1E, 0x00, 0xF0, 0x07, 0x80, 0x3C, 0x01, 0xE0, 0x0F, 0x00, 0x78, 0x03, 0xC0, 0x1E, 0x00, 0xF0, 0x07, 0x80,
    0x3C, 0x03, 0xE0, 0x7F, 0xC7, 0xFF, 0x00, 0x00, 0xF0, 0x0F, 0xC0, 0xFE, 0x1F, 0xE1, 0xFC, 0x1F, 0x81, 0xF0, 0x0C,
    0x00, 0x00, 0x00, 0x00, 0x00, 0x00, 0x03, 0x00, 0x78, 0x1F, 0xC0, 0xFE, 0x01, 0xF0, 0x07, 0x80, 0x3C, 0x01, 0xE0,
    0x0F, 0x00, 0x78, 0x03, 0xC0, 0x1E, 0x00, 0xF0, 0x07, 0x80, 0x3C, 0x01, 0xE0, 0x0F, 0x00, 0x78, 0x03, 0xC0, 0x1E,
    0x00, 0xF0, 0x07, 0x80, 0x3C, 0x03, 0xE0, 0x7F, 0xC7, 0xFF, 0x00, 0x03, 0xE0, 0x03, 0xF8, 0x01, 0xFE, 0x01, 0xFF,
    0x81, 0xE3, 0xE1, 0xE0, 0xF1, 0xC0, 0x1C, 0xC0, 0x07, 0x00, 0x00, 0x00, 0x00, 0x00, 0x00, 0x00, 0x0C, 0x00, 0x1E,
    0x00, 0x7F, 0x00, 0x3F, 0x80, 0x07, 0xC0, 0x01, 0xE0, 0x00, 0xF0, 0x00, 0x78, 0x00, 0x3C, 0x00, 0x1E, 0x00, 0x0F,
    0x00, 0x07, 0x80, 0x03, 0xC0, 0x01, 0xE0, 0x00, 0xF0, 0x00, 0x78, 0x00, 0x3C, 0x00, 0x1E, 0x00, 0x0F, 0x00, 0x07,
    0x80, 0x03, 0xC0, 0x01, 0xE0, 0x00, 0xF0, 0x00, 0xF8, 0x01, 0xFF, 0x01, 0xFF, 0xC0, 0x78, 0x3D, 0xF0, 0x7F, 0xF0,
    0xFF, 0xC1, 0xF7, 0x83, 0xC0, 0x00, 0x00, 0x00, 0x00, 0x00, 0x00, 0x00, 0x01, 0x80, 0x0F, 0x00, 0xFE, 0x01, 0xFC,
    0x00, 0xF8, 0x00, 0xF0, 0x01, 0xE0, 0x03, 0xC0, 0x07, 0x80, 0x0F, 0x00, 0x1E, 0x00, 0x3C, 0x00, 0x78, 0x00, 0xF0,
    0x01, 0xE0, 0x03, 0xC0, 0x07, 0x80, 0x0F, 0x00, 0x1E, 0x00, 0x3C, 0x00, 0x78, 0x00, 0xF0, 0x01, 0xE0, 0x07, 0xC0,
    0x3F, 0xE0, 0xFF, 0xE0, 0x70, 0x00, 0x1F, 0x00, 0x01, 0xF0, 0x00, 0x1E, 0x00, 0x03, 0xC0, 0x00, 0x78, 0x00, 0x0F,
    0x00, 0x01, 0xC0, 0x00, 0x38, 0x00, 0x0F, 0x00, 0x01, 0xC0, 0x00, 0x78, 0x00, 0x1E, 0x00, 0x03, 0xC0, 0x00, 0xF0,
    0x1F, 0xFC, 0x0F, 0xFF, 0x87, 0x07, 0xE3, 0xC0, 0xF8, 0xE0, 0x1E, 0x78, 0x07, 0x9E, 0x01, 0xFF, 0x80, 0x7F, 0xC0,
    0x0F, 0xF0, 0x03, 0xFC, 0x00, 0xFF, 0x00, 0x3F, 0xC0, 0x0F, 0xF0, 0x03, 0xBE, 0x00, 0xE7, 0x80, 0x79, 0xE0, 0x1E,
    0x78, 0x07, 0x0E, 0x01, 0xC3, 0xC0, 0xE0, 0x78, 0x78, 0x0F, 0xFC, 0x00, 0xFC, 0x00, 0x03, 0xE0, 0x30, 0x0F, 0xF0,
    0x60, 0x3F, 0xF1, 0xC0, 0x73, 0xFF, 0x01, 0xC1, 0xFE, 0x03, 0x01, 0xF8, 0x00, 0x00, 0x00, 0x00, 0x00, 0x00, 0x00,
    0x00, 0x00, 0x00, 0x00, 0x00, 0x18, 0x7F, 0x00, 0x73, 0xFF, 0x07, 0xEF, 0xFE, 0x0F, 0xF8, 0x3E, 0x07, 0xE0, 0x3C,
    0x0F, 0x80, 0x78, 0x1F, 0x00, 0xF0, 0x3E, 0x01, 0xE0, 0x7C, 0x03, 0xC0, 0xF0, 0x07, 0x81, 0xE0, 0x0F, 0x03, 0xC0,
    0x1E, 0x07, 0x80, 0x3C, 0x0F, 0x00, 0x78, 0x1E, 0x00, 0xF0, 0x3C, 0x01, 0xE0, 0x78, 0x03, 0xC0, 0xF0, 0x07, 0x81,
    0xE0, 0x0F, 0x03, 0xC0, 0x1E, 0x07, 0x80, 0x3C, 0x0F, 0x00, 0x78, 0x1E, 0x00, 0xF0, 0x3E, 0x01, 0xE1, 0xFF, 0x0F,
    0xF7, 0xFF, 0x3F, 0xF0, 0x1E, 0x00, 0x03, 0xF0, 0x00, 0x7F, 0x00, 0x07, 0xF0, 0x00, 0x3F, 0x80, 0x01, 0xF8, 0x00,
    0x0F, 0x80, 0x00, 0x70, 0x00, 0x00, 0x00, 0x00, 0x00, 0x00, 0x00, 0x01, 0xFC, 0x00, 0xFF, 0xC0, 0x3C, 0x3C, 0x07,
    0x03, 0xC1, 0xE0, 0x38, 0x78, 0x07, 0x8F, 0x00, 0xF1, 0xE0, 0x0F, 0x7C, 0x01, 0xEF, 0x00, 0x3D, 0xE0, 0x07, 0xBC,
    0x00, 0xF7, 0x80, 0x1F, 0xF0, 0x03, 0xFE, 0x00, 0x7B, 0xC0, 0x0F, 0x78, 0x01, 0xEF, 0x80, 0x3C, 0xF0, 0x07, 0x9E,
    0x01, 0xE3, 0xC0, 0x3C, 0x3C, 0x07, 0x07, 0x81, 0xE0, 0x78, 0x78, 0x07, 0xFE, 0x00, 0x3F, 0x80, 0x00, 0x1E, 0x00,
    0x07, 0xC0, 0x03, 0xF8, 0x00, 0xFE, 0x00, 0x3F, 0x80, 0x1F, 0x80, 0x07, 0xC0, 0x00, 0xE0, 0x00, 0x00, 0x00, 0x00,
    0x00, 0x00, 0x00, 0x00, 0x01, 0xFC, 0x00, 0xFF, 0xC0, 0x3C, 0x3C, 0x07, 0x03, 0xC1, 0xE0, 0x38, 0x78, 0x07, 0x8F,
    0x00, 0xF1, 0xE0, 0x0F, 0x7C, 0x01, 0xEF, 0x00, 0x3D, 0xE0, 0x07, 0xBC, 0x00, 0xF7, 0x80, 0x1F, 0xF0, 0x03, 0xFE,
    0x00, 0x7B, 0xC0, 0x0F, 0x78, 0x01, 0xEF, 0x80, 0x3C, 0xF0, 0x07, 0x9E, 0x01, 0xE3, 0xC0, 0x3C, 0x3C, 0x07, 0x07,
    0x81, 0xE0, 0x78, 0x78, 0x07, 0xFE, 0x00, 0x3F, 0x80, 0x01, 0xE0, 0x00, 0x7E, 0x00, 0x1F, 0xE0, 0x07, 0xFE, 0x01,
    0xF3, 0xE0, 0x78, 0x1E, 0x1E, 0x01, 0xE3, 0x00, 0x0C, 0x00, 0x00, 0x00, 0x00, 0x00, 0x00, 0x00, 0x01, 0xFC, 0x00,
    0xFF, 0xC0, 0x3C, 0x3C, 0x07, 0x03, 0xC1, 0xE0, 0x38, 0x78, 0x07, 0x8F, 0x00, 0xF1, 0xE0, 0x0F, 0x7C, 0x01, 0xEF,
    0x00, 0x3D, 0xE0, 0x07, 0xBC, 0x00, 0xF7, 0x80, 0x1F, 0xF0, 0x03, 0xFE, 0x00, 0x7B, 0xC0, 0x0F, 0x78, 0x01, 0xEF,
    0x80, 0x3C, 0xF0, 0x07, 0x9E, 0x01, 0xE3, 0xC0, 0x3C, 0x3C, 0x07, 0x07, 0x81, 0xE0, 0x78, 0x78, 0x07, 0xFE, 0x00,
    0x3F, 0x80, 0x1F, 0x80, 0xC7, 0xF8, 0x38, 0xFF, 0xCE, 0x38, 0xFF, 0xC6, 0x0F, 0xF0, 0xC0, 0x7C, 0x00, 0x00, 0x00,
    0x00, 0x00, 0x00, 0x00, 0x00, 0x00, 0x00, 0x0F, 0xE0, 0x07, 0xFE, 0x01, 0xE1, 0xE0, 0x38, 0x1E, 0x0F, 0x01, 0xC3,
    0xC0, 0x3C, 0x78, 0x07, 0x8F, 0x00, 0x7B, 0xE0, 0x0F, 0x78, 0x01, 0xEF, 0x00, 0x3D, 0xE0, 0x07, 0xBC, 0x00, 0xFF,
    0x80, 0x1F, 0xF0, 0x03, 0xDE, 0x00, 0x7B, 0xC0, 0x0F, 0x7C, 0x01, 0xE7, 0x80, 0x3C, 0xF0, 0x0F, 0x1E, 0x01, 0xE1,
    0xE0, 0x38, 0x3C, 0x0F, 0x03, 0xC3, 0xC0, 0x3F, 0xF0, 0x01, 0xFC, 0x00, 0x3C, 0x0F, 0x07, 0xC3, 0xF0, 0xF8, 0x7E,
    0x1F, 0x0F, 0xC3, 0xC0, 0xF0, 0x00, 0x00, 0x00, 0x00, 0x00, 0x00, 0x00, 0x00, 0x00, 0x00, 0x7F, 0x00, 0x3F, 0xF0,
    0x0F, 0x0F, 0x01, 0xC0, 0xF0, 0x78, 0x0E, 0x1E, 0x01, 0xE3, 0xC0, 0x3C, 0x78, 0x03, 0xDF, 0x00, 0x7B, 0xC0, 0x0F,
    0x78, 0x01, 0xEF, 0x00, 0x3D, 0xE0, 0x07, 0xFC, 0x00, 0xFF, 0x80, 0x1E, 0xF0, 0x03, 0xDE, 0x00, 0x7B, 0xE0, 0x0F,
    0x3C, 0x01, 0xE7, 0x80, 0x78, 0xF0, 0x0F, 0x0F, 0x01, 0xC1, 0xE0, 0x78, 0x1E, 0x1E, 0x01, 0xFF, 0x80, 0x0F, 0xE0,
    0x00, 0x00, 0xF0, 0x00, 0x07, 0xC0, 0x00, 0x7E, 0x00, 0x01, 0xF0, 0x00, 0x0F, 0x00, 0x00, 0x00, 0x00, 0x00, 0x00,
    0x00, 0x00, 0x00, 0x00, 0x00, 0x00, 0x00, 0x00, 0x3F, 0xFF, 0xFF, 0xFF, 0xFF, 0xE0, 0x00, 0x00, 0x00, 0x00, 0x00,
    0x00, 0x00, 0x00, 0x00, 0x00, 0x00, 0x00, 0x00, 0x07, 0x80, 0x00, 0x3E, 0x00, 0x03, 0xF0, 0x00, 0x0F, 0x80, 0x00,
    0x78, 0x00, 0x00, 0x01, 0x00, 0x00, 0x60, 0x00, 0x0C, 0x01, 0xFB, 0x80, 0xFF, 0xE0, 0x3C, 0x3C, 0x07, 0x03, 0xC1,
    0xE0, 0x78, 0x78, 0x1F, 0x8F, 0x03, 0xF1, 0xE0, 0x6F, 0x7C, 0x19, 0xEF, 0x03, 0x3D, 0xE0, 0xC7, 0xBC, 0x18, 0xF7,
    0x86, 0x1F, 0xF0, 0xC3, 0xFE, 0x38, 0x7B, 0xC6, 0x0F, 0x78, 0xC1, 0xEF, 0xB0, 0x3C, 0xF6, 0x07, 0x9F, 0x81, 0xE3,
    0xF0, 0x3C, 0x3E, 0x07, 0x07, 0x81, 0xE0, 0x78, 0x78, 0x0F, 0xFE, 0x01, 0xBF, 0x80, 0x60, 0x00, 0x0C, 0x00, 0x00,
    0x07, 0x80, 0x00, 0x1F, 0x00, 0x00, 0x7F, 0x00, 0x00, 0xFE, 0x00, 0x01, 0xFC, 0x00, 0x00, 0xF8, 0x00, 0x00, 0xF8,
    0x00, 0x00, 0xE0, 0x00, 0x00, 0x00, 0x00, 0x00, 0x00, 0x00, 0x00, 0x3F, 0x83, 0xF8, 0x7E, 0x07, 0xE0, 0x78, 0x07,
    0x81, 0xE0, 0x1E, 0x07, 0x80, 0x78, 0x1E, 0x01, 0xE0, 0x78, 0x07, 0x81, 0xE0, 0x1E, 0x07, 0x80, 0x78, 0x1E, 0x01,
    0xE0, 0x78, 0x07, 0x81, 0xE0, 0x1E, 0x07, 0x80, 0x78, 0x1E, 0x01, 0xE0, 0x78, 0x07, 0x81, 0xE0, 0x1E, 0x07, 0x80,
    0x78, 0x1E, 0x01, 0xE0, 0x78, 0x07, 0x81, 0xE0, 0x1E, 0x07, 0x80, 0xF8, 0x1F, 0x03, 0xF0, 0x7C, 0x1F, 0xF0, 0xFF,
    0xFF, 0xC3, 0xFF, 0x78, 0x03, 0xF0, 0xC0, 0x00, 0x07, 0x80, 0x00, 0x7E, 0x00, 0x03, 0xF8, 0x00, 0x1F, 0xC0, 0x01,
    0xFC, 0x00, 0x0F, 0xC0, 0x00, 0x7C, 0x00, 0x01, 0xC0, 0x00, 0x00, 0x00, 0x00, 0x00, 0x00, 0x00, 0x00, 0x00, 0x3F,
    0x83, 0xF8, 0x7E, 0x07, 0xE0, 0x78, 0x07, 0x81, 0xE0, 0x1E, 0x07, 0x80, 0x78, 0x1E, 0x01, 0xE0, 0x78, 0x07, 0x81,
    0xE0, 0x1E, 0x07, 0x80, 0x78, 0x1E, 0x01, 0xE0, 0x78, 0x07, 0x81, 0xE0, 0x1E, 0x07, 0x80, 0x78, 0x1E, 0x01, 0xE0,
    0x78, 0x07, 0x81, 0xE0, 0x1E, 0x07, 0x80, 0x78, 0x1E, 0x01, 0xE0, 0x78, 0x07, 0x81, 0xE0, 0x1E, 0x07, 0x80, 0xF8,
    0x1F, 0x03, 0xF0, 0x7C, 0x1F, 0xF0, 0xFF, 0xFF, 0xC3, 0xFF, 0x78, 0x03, 0xF0, 0xC0, 0x00, 0x78, 0x00, 0x03, 0xF0,
    0x00, 0x1F, 0xE0, 0x00, 0xFF, 0xC0, 0x07, 0x8F, 0x80, 0x3C, 0x0F, 0x01, 0xE0, 0x1E, 0x06, 0x00, 0x18, 0x00, 0x00,
    0x00, 0x00, 0x00, 0x00, 0x00, 0x00, 0x3F, 0x83, 0xF8, 0x7E, 0x07, 0xE0, 0x78, 0x07, 0x81, 0xE0, 0x1E, 0x07, 0x80,
    0x78, 0x1E, 0x01, 0xE0, 0x78, 0x07, 0x81, 0xE0, 0x1E, 0x07, 0x80, 0x78, 0x1E, 0x01, 0xE0, 0x78, 0x07, 0x81, 0xE0,
    0x1E, 0x07, 0x80, 0x78, 0x1E, 0x01, 0xE0, 0x78, 0x07, 0x81, 0xE0, 0x1E, 0x07, 0x80, 0x78, 0x1E, 0x01, 0xE0, 0x78,
    0x07, 0x81, 0xE0, 0x1E, 0x07, 0x80, 0xF8, 0x1F, 0x03, 0xF0, 0x7C, 0x1F, 0xF0, 0xFF, 0xFF, 0xC3, 0xFF, 0x78, 0x03,
    0xF0, 0xC0, 0x0F, 0x03, 0xC0, 0x7E, 0x1F, 0x01, 0xF8, 0x7C, 0x07, 0xE1, 0xF0, 0x0F, 0x03, 0xC0, 0x00, 0x00, 0x00,
    0x00, 0x00, 0x00, 0x00, 0x00, 0x00, 0x00, 0x03, 0xF8, 0x3F, 0x87, 0xE0, 0x7E, 0x07, 0x80, 0x78, 0x1E, 0x01, 0xE0,
    0x78, 0x07, 0x81, 0xE0, 0x1E, 0x07, 0x80, 0x78, 0x1E, 0x01, 0xE0, 0x78, 0x07, 0x81, 0xE0, 0x1E, 0x07, 0x80, 0x78,
    0x1E, 0x01, 0xE0, 0x78, 0x07, 0x81, 0xE0, 0x1E, 0x07, 0x80, 0x78, 0x1E, 0x01, 0xE0, 0x78, 0x07, 0x81, 0xE0, 0x1E,
    0x07, 0x80, 0x78, 0x1E, 0x01, 0xE0, 0x78, 0x0F, 0x81, 0xF0, 0x3F, 0x07, 0xC1, 0xFF, 0x0F, 0xFF, 0xFC, 0x3F, 0xF7,
    0x80, 0x3F, 0x0C, 0x00, 0x00, 0x07, 0x80, 0x00, 0x7E, 0x00, 0x03, 0xF8, 0x00, 0x1F, 0xC0, 0x00, 0xFC, 0x00, 0x0F,
    0xC0, 0x00, 0x7C, 0x00, 0x01, 0xC0, 0x00, 0x00, 0x00, 0x00, 0x00, 0x00, 0x00, 0x00, 0x00, 0x3F, 0xF1, 0xFF, 0x7F,
    0x83, 0xF8, 0x78, 0x03, 0x81, 0xE0, 0x0E, 0x07, 0xC0, 0x38, 0x0F, 0x00, 0xC0, 0x3C, 0x03, 0x00, 0xF8, 0x1C, 0x01,
    0xE0, 0x60, 0x07, 0x81, 0x80, 0x1E, 0x0E, 0x00, 0x3C, 0x30, 0x00, 0xF0, 0xC0, 0x03, 0xC7, 0x00, 0x0F, 0x98, 0x00,
    0x1E, 0x60, 0x00, 0x79, 0x80, 0x01, 0xFC, 0x00, 0x03, 0xF0, 0x00, 0x0F, 0xC0, 0x00, 0x3E, 0x00, 0x00, 0x78, 0x00,
    0x01, 0xE0, 0x00, 0x07, 0x00, 0x00, 0x1C, 0x00, 0x00, 0x70, 0x00, 0x01, 0xC0, 0x00, 0x06, 0x00, 0x00, 0x18, 0x00,
    0x00, 0x60, 0x00, 0x03, 0x00, 0x03, 0xCC, 0x00, 0x0F, 0x60, 0x00, 0x3F, 0x80, 0x00, 0xFC, 0x00, 0x01, 0xF0, 0x00,
    0x00, 0x0E, 0x00, 0x01, 0xF0, 0x00, 0x3F, 0x80, 0x00, 0xFC, 0x00, 0x01, 0xE0, 0x00, 0x0F, 0x00, 0x00, 0x78, 0x00,
    0x03, 0xC0, 0x00, 0x1E, 0x00, 0x00, 0xF0, 0x00, 0x07, 0x80, 0x00, 0x3C, 0x7E, 0x01, 0xEF, 0xF8, 0x0F, 0xFF, 0xE0,
    0x7E, 0x0F, 0x83, 0xE0, 0x3E, 0x1F, 0x01, 0xF0, 0xF0, 0x07, 0x87, 0x80, 0x3E, 0x3C, 0x01, 0xF1, 0xE0, 0x0F, 0x8F,
    0x00, 0x3C, 0x78, 0x01, 0xE3, 0xC0, 0x0F, 0x1E, 0x00, 0x78, 0xF0, 0x03, 0xC7, 0x80, 0x3E, 0x3C, 0x01, 0xF1, 0xE0,
    0x0F, 0x0F, 0x00, 0x78, 0x78, 0x03, 0xC3, 0xC0, 0x3C, 0x1F, 0x01, 0xE0, 0xF8, 0x1E, 0x07, 0xE1, 0xE0, 0x3F, 0xFE,
    0x01, 0xFF, 0xC0, 0x0F, 0x00, 0x00, 0x78, 0x00, 0x03, 0xC0, 0x00, 0x1E, 0x00, 0x00, 0xF0, 0x00, 0x07, 0x80, 0x00,
    0x3C, 0x00, 0x01, 0xF0, 0x00, 0x3F, 0xF0, 0x03, 0xFF, 0x80, 0x00, 0x0F, 0x03, 0xC0, 0x3E, 0x1F, 0x01, 0xF8, 0x7E,
    0x03, 0xE1, 0xF0, 0x0F, 0x03, 0xC0, 0x00, 0x00, 0x00, 0x00, 0x00, 0x00, 0x00, 0x00, 0x00, 0x00, 0x03, 0xFF, 0x1F,
    0xF7, 0xF8, 0x3F, 0x87, 0x80, 0x38, 0x1E, 0x00, 0xE0, 0x7C, 0x03, 0x80, 0xF0, 0x0C, 0x03, 0xC0, 0x30, 0x0F, 0x81,
    0xC0, 0x1E, 0x06, 0x00, 0x78, 0x18, 0x01, 0xE0, 0xE0, 0x03, 0xC3, 0x00, 0x0F, 0x0C, 0x00, 0x3C, 0x70, 0x00, 0xF9,
    0x80, 0x01, 0xE6, 0x00, 0x07, 0x98, 0x00, 0x1F, 0xC0, 0x00, 0x3F, 0x00, 0x00, 0xFC, 0x00, 0x03, 0xE0, 0x00, 0x07,
    0x80, 0x00, 0x1E, 0x00, 0x00, 0x70, 0x00, 0x01, 0xC0, 0x00, 0x07, 0x00, 0x00, 0x1C, 0x00, 0x00, 0x60, 0x00, 0x01,
    0x80, 0x00, 0x06, 0x00, 0x00, 0x30, 0x00, 0x3C, 0xC0, 0x00, 0xF6, 0x00, 0x03, 0xF8, 0x00, 0x0F, 0xC0, 0x00, 0x1F,
    0x00, 0x00, 0x07, 0xFF, 0xF0, 0x03, 0xFF, 0xF8, 0x00, 0x00, 0x00, 0x00, 0x00, 0x00, 0x00, 0x00, 0x00, 0x00, 0x00,
    0x00, 0x00, 0x00, 0x00, 0x00, 0x00, 0x00, 0x00, 0x00, 0x08, 0x00, 0x00, 0x0E, 0x00, 0x00, 0x07, 0x00, 0x00, 0x03,
    0x80, 0x00, 0x03, 0xC0, 0x00, 0x01, 0xF0, 0x00, 0x00, 0xF8, 0x00, 0x00, 0x7C, 0x00, 0x00, 0x7E, 0x00, 0x00, 0x3F,
    0x80, 0x00, 0x1B, 0xC0, 0x00, 0x0D, 0xE0, 0x00, 0x06, 0xF0, 0x00, 0x07, 0x7C, 0x00, 0x03, 0x1E, 0x00, 0x01, 0x8F,
    0x00, 0x00, 0xC7, 0x80, 0x00, 0xE3, 0xE0, 0x00, 0x60, 0xF0, 0x00, 0x30, 0x78, 0x00, 0x18, 0x3C, 0x00, 0x1C, 0x1F,
    0x00, 0x0E, 0x0F, 0x80, 0x07, 0xFF, 0xC0, 0x03, 0xFF, 0xE0, 0x03, 0x80, 0xF8, 0x01, 0x80, 0x3C, 0x00, 0xC0, 0x1E,
    0x00, 0x60, 0x0F, 0x00, 0x70, 0x07, 0xC0, 0x30, 0x01, 0xE0, 0x18, 0x00, 0xF0, 0x0C, 0x00, 0x78, 0x0E, 0x00, 0x3E,
    0x07, 0x00, 0x1F, 0x0F, 0xE0, 0x3F, 0xEF, 0xF8, 0x3F, 0xF8, 0x7F, 0xFF, 0x8F, 0xFF, 0xF0, 0x00, 0x00, 0x00, 0x00,
    0x00, 0x00, 0x00, 0x00, 0x00, 0x00, 0x00, 0x00, 0x00, 0x00, 0x03, 0xF8, 0x01, 0xFF, 0x80, 0x78, 0xF0, 0x1E, 0x0F,
    0x07, 0x81, 0xE0, 0xF0, 0x3C, 0x3E, 0x07, 0x87, 0xC0, 0xF0, 0xF0, 0x1E, 0x08, 0x03, 0xC0, 0x00, 0x78, 0x00, 0x3F,
    0x00, 0x1F, 0xE0, 0x0F, 0x3C, 0x03, 0x87, 0x81, 0xE0, 0xF0, 0x38, 0x1E, 0x0F, 0x03, 0xC3, 0xC0, 0x79, 0xF8, 0x1F,
    0x3F, 0x03, 0xE7, 0xE0, 0x7C, 0xFE, 0x1F, 0xBF, 0xFE, 0x7E, 0x7F, 0x8F, 0xC7, 0xE0, 0xF0, 0x06, 0x00, 0x30, 0x03,
    0x00, 0x18, 0x01, 0x80, 0x1C, 0x00, 0x60, 0x0C, 0x00, 0x3C, 0x3E, 0x00, 0x0F, 0xFE, 0x00, 0x03, 0xFE, 0x00, 0x00,
    0xFE, 0x00, 0x00, 0x00, 0x00, 0x00, 0x00, 0x00, 0x00, 0x00, 0x00, 0x00, 0x01, 0x00, 0x00, 0x01, 0xC0, 0x00, 0x00,
    0xE0, 0x00, 0x00, 0x70, 0x00, 0x00, 0x78, 0x00, 0x00, 0x3E, 0x00, 0x00, 0x1F, 0x00, 0x00, 0x0F, 0x80, 0x00, 0x0F,
    0xC0, 0x00, 0x07, 0xF0, 0x00, 0x03, 0x78, 0x00, 0x01, 0xBC, 0x00, 0x00, 0xDE, 0x00, 0x00, 0xEF, 0x80, 0x00, 0x63,
    0xC0, 0x00, 0x31, 0xE0, 0x00, 0x18, 0xF0, 0x00, 0x1C, 0x7C, 0x00, 0x0C, 0x1E, 0x00, 0x06, 0x0F, 0x00, 0x03, 0x07,
    0x80, 0x03, 0x83, 0xE0, 0x01, 0xC1, 0xF0, 0x00, 0xFF, 0xF8, 0x00, 0x7F, 0xFC, 0x00, 0x70, 0x1F, 0x00, 0x30, 0x07,
    0x80, 0x18, 0x03, 0xC0, 0x0C, 0x01, 0xE0, 0x0E, 0x00, 0xF8, 0x06, 0x00, 0x3C, 0x03, 0x00, 0x1E, 0x01, 0x80, 0x0F,
    0x01, 0xC0, 0x07, 0xC0, 0xE0, 0x03, 0xE1, 0xFC, 0x07, 0xFD, 0xFF, 0x07, 0xFF, 0x20, 0x01, 0x06, 0x00, 0x60, 0xC0,
    0x0C, 0x1C, 0x03, 0x81, 0xE1, 0xE0, 0x3F, 0xFC, 0x03, 0xFF, 0x00, 0x1F, 0x80, 0x00, 0x00, 0x00, 0x00, 0x00, 0x00,
    0x00, 0x01, 0xFC, 0x00, 0xFF, 0xC0, 0x3C, 0x78, 0x0F, 0x07, 0x83, 0xC0, 0xF0, 0x78, 0x1E, 0x1F, 0x03, 0xC3, 0xE0,
    0x78, 0x78, 0x0F, 0x04, 0x01, 0xE0, 0x00, 0x3C, 0x00, 0x1F, 0x80, 0x0F, 0xF0, 0x07, 0x9E, 0x01, 0xC3, 0xC0, 0xF0,
    0x78, 0x1C, 0x0F, 0x07, 0x81, 0xE1, 0xE0, 0x3C, 0xFC, 0x0F, 0x9F, 0x81, 0xF3, 0xF0, 0x3E, 0x7F, 0x0F, 0xDF, 0xFF,
    0x3F, 0x3F, 0xC7, 0xE3, 0xF0, 0x78, 0x00, 0x08, 0x00, 0x00, 0x0E, 0x00, 0x00, 0x07, 0x00, 0x00, 0x03, 0x80, 0x00,
    0x03, 0xC0, 0x00, 0x01, 0xF0, 0x00, 0x00, 0xF8, 0x00, 0x00, 0x7C, 0x00, 0x00, 0x7E, 0x00, 0x00, 0x3F, 0x80, 0x00,
    0x1B, 0xC0, 0x00, 0x0D, 0xE0, 0x00, 0x06, 0xF0, 0x00, 0x07, 0x7C, 0x00, 0x03, 0x1E, 0x00, 0x01, 0x8F, 0x00, 0x00,
    0xC7, 0x80, 0x00, 0xE3, 0xE0, 0x00, 0x60, 0xF0, 0x00, 0x30, 0x78, 0x00, 0x18, 0x3C, 0x00, 0x1C, 0x1F, 0x00, 0x0E,
    0x0F, 0x80, 0x07, 0xFF, 0xC0, 0x03, 0xFF, 0xE0, 0x03, 0x80, 0xF8, 0x01, 0x80, 0x3C, 0x00, 0xC0, 0x1E, 0x00, 0x60,
    0x0F, 0x00, 0x70, 0x07, 0xC0, 0x30, 0x01, 0xE0, 0x18, 0x00, 0xF0, 0x0C, 0x00, 0x78, 0x0E, 0x00, 0x3E, 0x07, 0x00,
    0x1F, 0x0F, 0xE0, 0x3F, 0xEF, 0xF8, 0x3F, 0xF8, 0x00, 0x00, 0x60, 0x00, 0x00, 0x60, 0x00, 0x00, 0xE0, 0x00, 0x00,
    0x60, 0x00, 0x00, 0x70, 0x00, 0x00, 0x70, 0x00, 0x00, 0x38, 0x00, 0x00, 0x1C, 0x00, 0x00, 0x0E, 0x10, 0x00, 0x07,
    0xB8, 0x00, 0x01, 0xF8, 0x00, 0x00, 0x30, 0x00, 0x03, 0xF8, 0x01, 0xFF, 0x80, 0x78, 0xF0, 0x1E, 0x0F, 0x07, 0x81,
    0xE0, 0xF0, 0x3C, 0x3E, 0x07, 0x87, 0xC0, 0xF0, 0xF0, 0x1E, 0x08, 0x03, 0xC0, 0x00, 0x78, 0x00, 0x3F, 0x00, 0x1F,
    0xE0, 0x0F, 0x3C, 0x03, 0x87, 0x81, 0xE0, 0xF0, 0x38, 0x1E, 0x0F, 0x03, 0xC3, 0xC0, 0x79, 0xF8, 0x1F, 0x3F, 0x03,
    0xE7, 0xE0, 0x7C, 0xFE, 0x1F, 0xBF, 0xFE, 0x7E, 0x7F, 0x8F, 0xC7, 0xE0, 0xF0, 0x00, 0x0C, 0x00, 0x03, 0x00, 0x00,
    0xC0, 0x00, 0x30, 0x00, 0x0E, 0x00, 0x01, 0x80, 0x00, 0x70, 0x00, 0x0E, 0x00, 0x01, 0xC2, 0x00, 0x1D, 0xC0, 0x03,
    0xF0, 0x00, 0x08, 0x00, 0x00, 0x03, 0xC0, 0x00, 0xFC, 0x00, 0x1F, 0xC0, 0x03, 0xF8, 0x00, 0x7E, 0x00, 0x1F, 0x80,
    0x03, 0xE0, 0x00, 0x38, 0x00, 0x00, 0x00, 0x00, 0x00, 0x00, 0x00, 0x00, 0x00, 0x03, 0xF0, 0x01, 0xFF, 0xE0, 0x3C,
    0x3F, 0x07, 0x81, 0xF0, 0xF0, 0x0F, 0x1E, 0x00, 0xF1, 0xC0, 0x07, 0x3C, 0x00, 0x73, 0xC0, 0x07, 0x78, 0x00, 0x37,
    0x80, 0x03, 0xF8, 0x00, 0x0F, 0x80, 0x00, 0xF8, 0x00, 0x0F, 0x00, 0x00, 0xF0, 0x00, 0x0F, 0x00, 0x00, 0xF0, 0x00,
    0x0F, 0x00, 0x00, 0xF0, 0x00, 0x0F, 0x00, 0x00, 0xF0, 0x00, 0x0F, 0x00, 0x00, 0xF8, 0x00, 0x0F, 0x80, 0x00, 0xF8,
    0x00, 0x07, 0x80, 0x03, 0x78, 0x00, 0x37, 0xC0, 0x03, 0x3C, 0x00, 0x33, 0xC0, 0x07, 0x1E, 0x00, 0x71, 0xF0, 0x0F,
    0x0F, 0x00, 0xF0, 0x78, 0x1F, 0x03, 0xFF, 0xF0, 0x0F, 0xFC, 0x00, 0x1E, 0x00, 0x3F, 0x00, 0x7E, 0x01, 0xFE, 0x03,
    0xF8, 0x07, 0xE0, 0x1F, 0x00, 0x1C, 0x00, 0x00, 0x00, 0x00, 0x00, 0x00, 0x00, 0x03, 0xF8, 0x07, 0xFC, 0x0E, 0x3C,
    0x1C, 0x1C, 0x38, 0x1C, 0x38, 0x0C, 0x78, 0x0C, 0x78, 0x0C, 0xF0, 0x04, 0xF0, 0x00, 0xF0, 0x00, 0xF0, 0x00, 0xF0,
    0x00, 0xF0, 0x00, 0xF0, 0x00, 0xF0, 0x00, 0xF0, 0x06, 0xF8, 0x06, 0xF8, 0x06, 0x78, 0x06, 0x7C, 0x0C, 0x7C, 0x1C,
    0x3F, 0x3C, 0x1F, 0xF8, 0x1F, 0xF0, 0x07, 0xE0, 0x00, 0x3C, 0x00, 0x07, 0xE0, 0x00, 0x7E, 0x00, 0x07, 0xE0, 0x00,
    0x3C, 0x00, 0x00, 0x00, 0x00, 0x00, 0x00, 0x00, 0x00, 0x00, 0x00, 0x00, 0x03, 0xF0, 0x01, 0xFF, 0xE0, 0x3C, 0x3F,
    0x07, 0x81, 0xF0, 0xF0, 0x0F, 0x1E, 0x00, 0xF1, 0xC0, 0x07, 0x3C, 0x00, 0x73, 0xC0, 0x07, 0x78, 0x00, 0x37, 0x80,
    0x03, 0xF8, 0x00, 0x0F, 0x80, 0x00, 0xF8, 0x00, 0x0F, 0x00, 0x00, 0xF0, 0x00, 0x0F, 0x00, 0x00, 0xF0, 0x00, 0x0F,
    0x00, 0x00, 0xF0, 0x00, 0x0F, 0x00, 0x00, 0xF0, 0x00, 0x0F, 0x00, 0x00, 0xF8, 0x00, 0x0F, 0x80, 0x00, 0xF8, 0x00,
    0x07, 0x80, 0x03, 0x78, 0x00, 0x37, 0xC0, 0x03, 0x3C, 0x00, 0x33, 0xC0, 0x07, 0x1E, 0x00, 0x71, 0xF0, 0x0F, 0x0F,
    0x00, 0xF0, 0x78, 0x1F, 0x03, 0xFF, 0xF0, 0x0F, 0xFC, 0x01, 0xE0, 0x03, 0xE0, 0x07, 0xC0, 0x0F, 0x80, 0x1E, 0x00,
    0x00, 0x00, 0x00, 0x00, 0x00, 0x00, 0x00, 0x07, 0xF0, 0x1F, 0xF0, 0x71, 0xE1, 0xC1, 0xC7, 0x03, 0x8E, 0x03, 0x3C,
    0x06, 0x78, 0x0D, 0xE0, 0x0B, 0xC0, 0x07, 0x80, 0x0F, 0x00, 0x1E, 0x00, 0x3C, 0x00, 0x78, 0x00, 0xF0, 0x01, 0xE0,
    0x0F, 0xE0, 0x1F, 0xC0, 0x37, 0x80, 0x6F, 0x81, 0x9F, 0x07, 0x1F, 0x9E, 0x1F, 0xF8, 0x3F, 0xE0, 0x1F, 0x80, 0x00,
    0x00, 0x00, 0xC0, 0x03, 0x0F, 0x00, 0xF0, 0x78, 0x1E, 0x03, 0xE7, 0xC0, 0x1F, 0xF8, 0x00, 0xFF, 0x00, 0x07, 0xE0,
    0x00, 0x3C, 0x00, 0x00, 0x00, 0x00, 0x00, 0x00, 0x00, 0x00, 0x00, 0x3F, 0x00, 0x1F, 0xFE, 0x03, 0xC3, 0xF0, 0x78,
    0x1F, 0x0F, 0x00, 0xF1, 0xE0, 0x0F, 0x1C, 0x00, 0x73, 0xC0, 0x07, 0x3C, 0x00, 0x77, 0x80, 0x03, 0x78, 0x00, 0x3F,
    0x80, 0x00, 0xF8, 0x00, 0x0F, 0x80, 0x00, 0xF0, 0x00, 0x0F, 0x00, 0x00, 0xF0, 0x00, 0x0F, 0x00, 0x00, 0xF0, 0x00,
    0x0F, 0x00, 0x00, 0xF0, 0x00, 0x0F, 0x00, 0x00, 0xF0, 0x00, 0x0F, 0x80, 0x00, 0xF8, 0x00, 0x0F, 0x80, 0x00, 0x78,
    0x00, 0x37, 0x80, 0x03, 0x7C, 0x00, 0x33, 0xC0, 0x03, 0x3C, 0x00, 0x71, 0xE0, 0x07, 0x1F, 0x00, 0xF0, 0xF0, 0x0F,
    0x07, 0x81, 0xF0, 0x3F, 0xFF, 0x00, 0xFF, 0xC0, 0x00, 0x00, 0x1C, 0x00, 0x63, 0x80, 0x38, 0xF8, 0x3C, 0x1F, 0x1E,
    0x03, 0xFF, 0x00, 0x7F, 0x80, 0x0F, 0xC0, 0x01, 0xF0, 0x00, 0x00, 0x00, 0x00, 0x00, 0x00, 0x00, 0x03, 0xF8, 0x01,
    0xFF, 0x00, 0xE3, 0xC0, 0x70, 0x70, 0x38, 0x1C, 0x0E, 0x03, 0x07, 0x80, 0xC1, 0xE0, 0x30, 0xF0, 0x04, 0x3C, 0x00,
    0x0F, 0x00, 0x03, 0xC0, 0x00, 0xF0, 0x00, 0x3C, 0x00, 0x0F, 0x00, 0x03, 0xC0, 0x00, 0xF0, 0x06, 0x3E, 0x01, 0x8F,
    0x80, 0x61, 0xE0, 0x18, 0x7C, 0x0C, 0x1F, 0x07, 0x03, 0xF3, 0xC0, 0x7F, 0xE0, 0x1F, 0xF0, 0x01, 0xF8, 0x00, 0x00,
    0x00, 0x00, 0x03, 0x00, 0x0C, 0x01, 0xC0, 0x1E, 0x00, 0x78, 0x1E, 0x00, 0x1E, 0x3E, 0x00, 0x07, 0xFE, 0x00, 0x01,
    0xFE, 0x00, 0x00, 0x7E, 0x00, 0x00, 0x1E, 0x00, 0x00, 0x00, 0x00, 0x00, 0x00, 0x00, 0x00, 0x00, 0x00, 0x00, 0x00,
    0x00, 0x03, 0xFF, 0xF8, 0x00, 0xFF, 0xFF, 0x00, 0x1F, 0x03, 0xC0, 0x0F, 0x80, 0xF0, 0x07, 0x80, 0x3C, 0x03, 0xC0,
    0x0F, 0x01, 0xE0, 0x07, 0x80, 0xF0, 0x01, 0xE0, 0x78, 0x00, 0xF0, 0x3C, 0x00, 0x7C, 0x1E, 0x00, 0x1E, 0x0F, 0x00,
    0x0F, 0x07, 0x80, 0x07, 0x83, 0xC0, 0x03, 0xE1, 0xE0, 0x01, 0xF0, 0xF0, 0x00, 0xF8, 0x78, 0x00, 0x7C, 0x3C, 0x00,
    0x3E, 0x1E, 0x00, 0x1F, 0x0F, 0x00, 0x0F, 0x87, 0x80, 0x07, 0xC3, 0xC0, 0x03, 0xE1, 0xE0, 0x01, 0xF0, 0xF0, 0x00,
    0xF0, 0x78, 0x00, 0x78, 0x3C, 0x00, 0x3C, 0x1E, 0x00, 0x3E, 0x0F, 0x00, 0x1E, 0x07, 0x80, 0x0F, 0x03, 0xC0, 0x0F,
    0x01, 0xE0, 0x07, 0x80, 0xF0, 0x07, 0x80, 0x7C, 0x07, 0x80, 0x3E, 0x07, 0x80, 0x7F, 0xFF, 0x80, 0x7F, 0xFF, 0x00,
    0x00, 0x00, 0x01, 0xC7, 0x00, 0x07, 0xE7, 0x80, 0x07, 0xF3, 0xC0, 0x01, 0xF9, 0xE0, 0x00, 0x3C, 0xF0, 0x00, 0x1E,
    0x70, 0x00, 0x0F, 0x38, 0x00, 0x07, 0x9C, 0x00, 0x03, 0xCE, 0x00, 0x01, 0xE6, 0x00, 0x00, 0xF3, 0x00, 0x3F, 0xF9,
    0x80, 0x7F, 0xFC, 0x00, 0x78, 0x3E, 0x00, 0x78, 0x1F, 0x00, 0x38, 0x07, 0x80, 0x3C, 0x03, 0xC0, 0x1C, 0x01, 0xE0,
    0x1E, 0x00, 0xF0, 0x0F, 0x00, 0x78, 0x07, 0x80, 0x3C, 0x07, 0xC0, 0x1E, 0x03, 0xE0, 0x0F, 0x01, 0xF0, 0x07, 0x80,
    0xF8, 0x03, 0xC0, 0x7C, 0x01, 0xE0, 0x3E, 0x00, 0xF0, 0x1F, 0x00, 0x78, 0x0F, 0x80, 0x3C, 0x03, 0xC0, 0x1E, 0x61,
    0xE0, 0x1F, 0x30, 0xF8, 0x0F, 0x98, 0x3C, 0x0F, 0xCC, 0x1F, 0x07, 0xEE, 0x07, 0xFE, 0xFE, 0x01, 0xFE, 0x3F, 0x00,
    0x7E, 0x1F, 0x00, 0x7F, 0xFF, 0x00, 0x1F, 0xFF, 0xE0, 0x03, 0xE0, 0x78, 0x01, 0xF0, 0x1E, 0x00, 0xF0, 0x07, 0x80,
    0x78, 0x01, 0xE0, 0x3C, 0x00, 0xF0, 0x1E, 0x00, 0x3C, 0x0F, 0x00, 0x1E, 0x07, 0x80, 0x0F, 0x83, 0xC0, 0x03, 0xC1,
    0xE0, 0x01, 0xE0, 0xF0, 0x00, 0xF0, 0x78, 0x00, 0x7C, 0x3C, 0x00, 0x3E, 0x1E, 0x00, 0x1F, 0x0F, 0x00, 0x0F, 0xBF,
    0xFF, 0x07, 0xDF, 0xFF, 0x03, 0xE1, 0xE0, 0x01, 0xF0, 0xF0, 0x00, 0xF8, 0x78, 0x00, 0x7C, 0x3C, 0x00, 0x3E, 0x1E,
    0x00, 0x1E, 0x0F, 0x00, 0x0F, 0x07, 0x80, 0x07, 0x83, 0xC0, 0x07, 0xC1, 0xE0, 0x03, 0xC0, 0xF0, 0x01, 0xE0, 0x78,
    0x01, 0xE0, 0x3C, 0x00, 0xF0, 0x1E, 0x00, 0xF0, 0x0F, 0x80, 0xF0, 0x07, 0xC0, 0xF0, 0x0F, 0xFF, 0xF0, 0x0F, 0xFF,
    0xE0, 0x00, 0x00, 0x01, 0xC0, 0x00, 0x7F, 0x00, 0x01, 0xFC, 0x00, 0x01, 0xF0, 0x00, 0x03, 0xC0, 0x00, 0x0F, 0x00,
    0x3F, 0xFF, 0x80, 0xFF, 0xFE, 0x00, 0x03, 0xC0, 0x00, 0x0F, 0x00, 0x00, 0x3C, 0x00, 0x7F, 0xF0, 0x07, 0xFF, 0xC0,
    0x3C, 0x1F, 0x01, 0xE0, 0x7C, 0x07, 0x00, 0xF0, 0x3C, 0x03, 0xC0, 0xE0, 0x0F, 0x07, 0x80, 0x3C, 0x1E, 0x00, 0xF0,
    0x78, 0x03, 0xC3, 0xE0, 0x0F, 0x0F, 0x80, 0x3C, 0x3E, 0x00, 0xF0, 0xF8, 0x03, 0xC3, 0xE0, 0x0F, 0x0F, 0x80, 0x3C,
    0x3E, 0x00, 0xF0, 0xF8, 0x03, 0xC1, 0xE0, 0x0F, 0x37, 0x80, 0x7C, 0xDF, 0x01, 0xF3, 0x3C, 0x0F, 0xCC, 0xF8, 0x3F,
    0x71, 0xFF, 0xBF, 0x83, 0xFC, 0x7E, 0x07, 0xE1, 0xF0, 0x0F, 0xFF, 0xE0, 0x3F, 0xFF, 0x80, 0x00, 0x00, 0x00, 0x00,
    0x00, 0x00, 0x00, 0x00, 0x00, 0x00, 0x00, 0x00, 0x00, 0x00, 0x00, 0x00, 0x00, 0x00, 0x01, 0xFF, 0xFF, 0xC3, 0xFF,
    0xFF, 0x03, 0xE0, 0x7C, 0x0F, 0x00, 0xF0, 0x3C, 0x01, 0xC0, 0xF0, 0x07, 0x03, 0xC0, 0x0C, 0x0F, 0x00, 0x30, 0x3C,
    0x00, 0xC0, 0xF0, 0x03, 0x83, 0xC0, 0x04, 0x0F, 0x03, 0x00, 0x3C, 0x0C, 0x00, 0xF0, 0x30, 0x03, 0xC0, 0xC0, 0x0F,
    0x07, 0x00, 0x3E, 0x3C, 0x00, 0xFF, 0xF0, 0x03, 0xFF, 0xC0, 0x0F, 0x07, 0x00, 0x3C, 0x1C, 0x00, 0xF0, 0x30, 0x03,
    0xC0, 0xC0, 0x0F, 0x03, 0x00, 0x3C, 0x00, 0x00, 0xF0, 0x01, 0x83, 0xC0, 0x06, 0x0F, 0x00, 0x18, 0x3C, 0x00, 0x60,
    0xF0, 0x03, 0x83, 0xC0, 0x0E, 0x0F, 0x00, 0x38, 0x3E, 0x01, 0xE0, 0xF8, 0x0F, 0x8F, 0xFF, 0xFE, 0x7F, 0xFF, 0xF8,
    0x7F, 0xFF, 0x7F, 0xFF, 0x00, 0x00, 0x00, 0x00, 0x00, 0x00, 0x00, 0x00, 0x00, 0x00, 0x00, 0x00, 0x03, 0xF0, 0x0F,
    0xF8, 0x1E, 0x1C, 0x3C, 0x1E, 0x38, 0x1E, 0x78, 0x0E, 0x78, 0x0F, 0x70, 0x0F, 0xF0, 0x0F, 0xF0, 0x3F, 0xFF, 0xFF,
    0xFF, 0xFE, 0xF0, 0x00, 0xF0, 0x00, 0xF0, 0x00, 0xF0, 0x00, 0xF0, 0x02, 0xF8, 0x03, 0xF8, 0x03, 0x78, 0x06, 0x7C,
    0x06, 0x3C, 0x0E, 0x3F, 0x1C, 0x1F, 0xFC, 0x0F, 0xF8, 0x07, 0xF0, 0x00, 0x78, 0x00, 0x01, 0xF0, 0x00, 0x07, 0xC0,
    0x00, 0x1F, 0x00, 0x00, 0x78, 0x00, 0x00, 0x00, 0x00, 0x00, 0x00, 0x00, 0x00, 0x00, 0x00, 0x00, 0x00, 0x00, 0x00,
    0x07, 0xFF, 0xFF, 0x0F, 0xFF, 0xFC, 0x0F, 0x81, 0xF0, 0x3C, 0x03, 0xC0, 0xF0, 0x07, 0x03, 0xC0, 0x1C, 0x0F, 0x00,
    0x30, 0x3C, 0x00, 0xC0, 0xF0, 0x03, 0x03, 0xC0, 0x0E, 0x0F, 0x00, 0x10, 0x3C, 0x0C, 0x00, 0xF0, 0x30, 0x03, 0xC0,
    0xC0, 0x0F, 0x03, 0x00, 0x3C, 0x1C, 0x00, 0xF8, 0xF0, 0x03, 0xFF, 0xC0, 0x0F, 0xFF, 0x00, 0x3C, 0x1C, 0x00, 0xF0,
    0x70, 0x03, 0xC0, 0xC0, 0x0F, 0x03, 0x00, 0x3C, 0x0C, 0x00, 0xF0, 0x00, 0x03, 0xC0, 0x06, 0x0F, 0x00, 0x18, 0x3C,
    0x00, 0x60, 0xF0, 0x01, 0x83, 0xC0, 0x0E, 0x0F, 0x00, 0x38, 0x3C, 0x00, 0xE0, 0xF8, 0x07, 0x83, 0xE0, 0x3E, 0x3F,
    0xFF, 0xF9, 0xFF, 0xFF, 0xE0, 0x01, 0xE0, 0x03, 0xE0, 0x03, 0xE0, 0x03, 0xE0, 0x01, 0xE0, 0x00, 0x00, 0x00, 0x00,
    0x00, 0x00, 0x00, 0x00, 0x03, 0xF0, 0x0F, 0xF8, 0x1E, 0x1C, 0x3C, 0x1E, 0x38, 0x1E, 0x78, 0x0E, 0x78, 0x0F, 0x70,
    0x0F, 0xF0, 0x0F, 0xF0, 0x3F, 0xFF, 0xFF, 0xFF, 0xFE, 0xF0, 0x00, 0xF0, 0x00, 0xF0, 0x00, 0xF0, 0x00, 0xF0, 0x02,
    0xF8, 0x03, 0xF8, 0x03, 0x78, 0x06, 0x7C, 0x06, 0x3C, 0x0E, 0x3F, 0x1C, 0x1F, 0xFC, 0x0F, 0xF8, 0x07, 0xF0, 0x7F,
    0xFF, 0xF0, 0xFF, 0xFF, 0xC0, 0xF8, 0x1F, 0x03, 0xC0, 0x3C, 0x0F, 0x00, 0x70, 0x3C, 0x01, 0xC0, 0xF0, 0x03, 0x03,
    0xC0, 0x0C, 0x0F, 0x00, 0x30, 0x3C, 0x00, 0xE0, 0xF0, 0x01, 0x03, 0xC0, 0xC0, 0x0F, 0x03, 0x00, 0x3C, 0x0C, 0x00,
    0xF0, 0x30, 0x03, 0xC1, 0xC0, 0x0F, 0x8F, 0x00, 0x3F, 0xFC, 0x00, 0xFF, 0xF0, 0x03, 0xC1, 0xC0, 0x0F, 0x07, 0x00,
    0x3C, 0x0C, 0x00, 0xF0, 0x30, 0x03, 0xC0, 0xC0, 0x0F, 0x00, 0x00, 0x3C, 0x00, 0x60, 0xF0, 0x01, 0x83, 0xC0, 0x06,
    0x0F, 0x00, 0x18, 0x3C, 0x00, 0xE0, 0xF0, 0x03, 0x83, 0xC0, 0x0E, 0x0F, 0x80, 0x78, 0x3E, 0x03, 0xE3, 0xFF, 0xFF,
    0x9F, 0xFF, 0xFE, 0x00, 0x00, 0x60, 0x00, 0x03, 0x80, 0x00, 0x18, 0x00, 0x00, 0xC0, 0x00, 0x07, 0x00, 0x00, 0x18,
    0x00, 0x00, 0xE0, 0x00, 0x03, 0x80, 0x00, 0x0E, 0x10, 0x00, 0x1D, 0xC0, 0x00, 0x7E, 0x00, 0x00, 0x20, 0x03, 0xF0,
    0x0F, 0xF8, 0x1E, 0x1C, 0x3C, 0x1E, 0x38, 0x1E, 0x78, 0x0E, 0x78, 0x0F, 0x70, 0x0F, 0xF0, 0x0F, 0xF0, 0x3F, 0xFF,
    0xFF, 0xFF, 0xFE, 0xF0, 0x00, 0xF0, 0x00, 0xF0, 0x00, 0xF0, 0x00, 0xF0, 0x02, 0xF8, 0x03, 0xF8, 0x03, 0x78, 0x06,
    0x7C, 0x06, 0x3C, 0x0E, 0x3F, 0x1C, 0x1F, 0xFC, 0x0F, 0xF8, 0x07, 0xF0, 0x00, 0x60, 0x01, 0xC0, 0x03, 0x80, 0x03,
    0x00, 0x07, 0x00, 0x0E, 0x00, 0x0E, 0x00, 0x0E, 0x00, 0x0E, 0x10, 0x0F, 0x70, 0x07, 0xE0, 0x01, 0x80, 0x00, 0x00,
    0x00, 0x70, 0x01, 0x80, 0xE0, 0x0E, 0x03, 0xE0, 0xF0, 0x07, 0xC7, 0x80, 0x0F, 0xFC, 0x00, 0x1F, 0xE0, 0x00, 0x3F,
    0x00, 0x00, 0x78, 0x00, 0x00, 0x00, 0x00, 0x00, 0x00, 0x00, 0x00, 0x00, 0x00, 0x00, 0x01, 0xFF, 0xFF, 0xC3, 0xFF,
    0xFF, 0x03, 0xE0, 0x7C, 0x0F, 0x00, 0xF0, 0x3C, 0x01, 0xC0, 0xF0, 0x07, 0x03, 0xC0, 0x0C, 0x0F, 0x00, 0x30, 0x3C,
    0x00, 0xC0, 0xF0, 0x03, 0x83, 0xC0, 0x04, 0x0F, 0x03, 0x00, 0x3C, 0x0C, 0x00, 0xF0, 0x30, 0x03, 0xC0, 0xC0, 0x0F,
    0x07, 0x00, 0x3E, 0x3C, 0x00, 0xFF, 0xF0, 0x03, 0xFF, 0xC0, 0x0F, 0x07, 0x00, 0x3C, 0x1C, 0x00, 0xF0, 0x30, 0x03,
    0xC0, 0xC0, 0x0F, 0x03, 0x00, 0x3C, 0x00, 0x00, 0xF0, 0x01, 0x83, 0xC0, 0x06, 0x0F, 0x00, 0x18, 0x3C, 0x00, 0x60,
    0xF0, 0x03, 0x83, 0xC0, 0x0E, 0x0F, 0x00, 0x38, 0x3E, 0x01, 0xE0, 0xF8, 0x0F, 0x8F, 0xFF, 0xFE, 0x7F, 0xFF, 0xF8,
    0x00, 0x00, 0x30, 0x01, 0xDC, 0x01, 0xC7, 0x83, 0xE1, 0xE3, 0xE0, 0x7F, 0xE0, 0x1F, 0xE0, 0x0F, 0xE0, 0x03, 0xE0,
    0x00, 0x00, 0x00, 0x00, 0x00, 0x00, 0x00, 0x3F, 0x00, 0x7F, 0xC0, 0x78, 0x70, 0x78, 0x3C, 0x38, 0x1E, 0x3C, 0x07,
    0x1E, 0x03, 0xCE, 0x01, 0xEF, 0x00, 0xF7, 0x81, 0xFB, 0xFF, 0xFD, 0xFF, 0xFC, 0xF0, 0x00, 0x78, 0x00, 0x3C, 0x00,
    0x1E, 0x00, 0x0F, 0x00, 0x27, 0xC0, 0x1B, 0xE0, 0x0C, 0xF0, 0x0C, 0x7C, 0x06, 0x1E, 0x07, 0x0F, 0xC7, 0x03, 0xFF,
    0x80, 0xFF, 0x80, 0x3F, 0x80, 0x06, 0x00, 0x30, 0x06, 0x00, 0x30, 0x07, 0x00, 0x30, 0x03, 0x00, 0x60, 0x03, 0xE3,
    0xE0, 0x01, 0xFF, 0xC0, 0x00, 0xFF, 0x80, 0x00, 0x7F, 0x00, 0x00, 0x00, 0x00, 0x00, 0x00, 0x00, 0x00, 0x00, 0x00,
    0x00, 0x3F, 0x80, 0x00, 0xFF, 0xF0, 0x03, 0xC3, 0xF0, 0x07, 0x80, 0xF8, 0x0F, 0x00, 0x78, 0x1E, 0x00, 0x78, 0x1C,
    0x00, 0x78, 0x3C, 0x00, 0x38, 0x3C, 0x00, 0x38, 0x78, 0x00, 0x38, 0x78, 0x00, 0x18, 0x78, 0x00, 0x00, 0xF8, 0x00,
    0x00, 0xF8, 0x00, 0x00, 0xF0, 0x00, 0x00, 0xF0, 0x00, 0x00, 0xF0, 0x00, 0x00, 0xF0, 0x0F, 0xFE, 0xF0, 0x0F, 0xFE,
    0xF0, 0x00, 0xF8, 0xF0, 0x00, 0xF8, 0xF0, 0x00, 0xF8, 0xF0, 0x00, 0xF8, 0xF8, 0x00, 0xF8, 0xF8, 0x00, 0xF8, 0xF8,
    0x00, 0xF8, 0x78, 0x00, 0xF8, 0x78, 0x00, 0xF8, 0x7C, 0x00, 0xF8, 0x3C, 0x00, 0xF8, 0x3C, 0x00, 0xF8, 0x1E, 0x00,
    0xF8, 0x1E, 0x00, 0xF8, 0x0F, 0x00, 0xF8, 0x07, 0xC1, 0xF8, 0x03, 0xFF, 0xF0, 0x00, 0xFF, 0xC0, 0x10, 0x00, 0x83,
    0x00, 0x18, 0x18, 0x01, 0x81, 0xC0, 0x38, 0x1F, 0x0F, 0x00, 0xFF, 0xF0, 0x07, 0xFE, 0x00, 0x3F, 0x9E, 0x00, 0x03,
    0xF0, 0x00, 0x7F, 0x00, 0x06, 0xF0, 0x3F, 0xE0, 0x07, 0xFE, 0x00, 0xF0, 0xF0, 0x1E, 0x0F, 0x01, 0xE0, 0x78, 0x3E,
    0x07, 0x83, 0xC0, 0x78, 0x3C, 0x07, 0xC3, 0xC0, 0x7C, 0x3C, 0x07, 0x83, 0xC0, 0x78, 0x1E, 0x07, 0x81, 0xE0, 0x70,
    0x0F, 0x0F, 0x00, 0xFB, 0xE0, 0x03, 0xFC, 0x00, 0x3E, 0x00, 0x07, 0x00, 0x00, 0xE0, 0x00, 0x1C, 0x00, 0x03, 0xE0,
    0x00, 0x3F, 0xFF, 0x03, 0xFF, 0xF8, 0x1F, 0xFF, 0xC0, 0x70, 0xFE, 0x0C, 0x03, 0xE1, 0xC0, 0x1E, 0x38, 0x00, 0xF7,
    0x00, 0x0F, 0x70, 0x00, 0xEF, 0x00, 0x1E, 0xF0, 0x01, 0xE7, 0x80, 0x3C, 0x78, 0x07, 0x83, 0xE0, 0xF0, 0x1F, 0xFE,
    0x00, 0x3F, 0x00, 0x00, 0x1E, 0x00, 0x00, 0x3E, 0x00, 0x00, 0x3E, 0x00, 0x00, 0x3E, 0x00, 0x00, 0x1E, 0x00, 0x00,
    0x00, 0x00, 0x00, 0x00, 0x00, 0x00, 0x00, 0x00, 0x00, 0x00, 0x00, 0x00, 0x3F, 0x80, 0x00, 0xFF, 0xF0, 0x03, 0xC3,
    0xF0, 0x07, 0x80, 0xF8, 0x0F, 0x00, 0x78, 0x1E, 0x00, 0x78, 0x1C, 0x00, 0x78, 0x3C, 0x00, 0x38, 0x3C, 0x00, 0x38,
    0x78, 0x00, 0x38, 0x78, 0x00, 0x18, 0x78, 0x00, 0x00, 0xF8, 0x00, 0x00, 0xF8, 0x00, 0x00, 0xF0, 0x00, 0x00, 0xF0,
    0x00, 0x00, 0xF0, 0x00, 0x00, 0xF0, 0x0F, 0xFE, 0xF0, 0x0F, 0xFE, 0xF0, 0x00, 0xF8, 0xF0, 0x00, 0xF8, 0xF0, 0x00,
    0xF8, 0xF0, 0x00, 0xF8, 0xF8, 0x00, 0xF8, 0xF8, 0x00, 0xF8, 0xF8, 0x00, 0xF8, 0x78, 0x00, 0xF8, 0x78, 0x00, 0xF8,
    0x7C, 0x00, 0xF8, 0x3C, 0x00, 0xF8, 0x3C, 0x00, 0xF8, 0x1E, 0x00, 0xF8, 0x1E, 0x00, 0xF8, 0x0F, 0x00, 0xF8, 0x07,
    0xC1, 0xF8, 0x03, 0xFF, 0xF0, 0x00, 0xFF, 0xC0, 0x00, 0xF0, 0x00, 0x1F, 0x00, 0x01, 0xF8, 0x00, 0x1F, 0x00, 0x00,
    0xF0, 0x00, 0x00, 0x1E, 0x00, 0x03, 0xF0, 0x00, 0x7F, 0x00, 0x06, 0xF0, 0x3F, 0xE0, 0x07, 0xFE, 0x00, 0xF0, 0xF0,
    0x1E, 0x0F, 0x01, 0xE0, 0x78, 0x3E, 0x07, 0x83, 0xC0, 0x78, 0x3C, 0x07, 0xC3, 0xC0, 0x7C, 0x3C, 0x07, 0x83, 0xC0,
    0x78, 0x1E, 0x07, 0x81, 0xE0, 0x70, 0x0F, 0x0F, 0x00, 0xFB, 0xE0, 0x03, 0xFC, 0x00, 0x3E, 0x00, 0x07, 0x00, 0x00,
    0xE0, 0x00, 0x1C, 0x00, 0x03, 0xE0, 0x00, 0x3F, 0xFF, 0x03, 0xFF, 0xF8, 0x1F, 0xFF, 0xC0, 0x70, 0xFE, 0x0C, 0x03,
    0xE1, 0xC0, 0x1E, 0x38, 0x00, 0xF7, 0x00, 0x0F, 0x70, 0x00, 0xEF, 0x00, 0x1E, 0xF0, 0x01, 0xE7, 0x80, 0x3C, 0x78,
    0x07, 0x83, 0xE0, 0xF0, 0x1F, 0xFE, 0x00, 0x3F, 0x00, 0x00, 0x3F, 0x80, 0x00, 0xFF, 0xF0, 0x03, 0xC3, 0xF0, 0x07,
    0x80, 0xF8, 0x0F, 0x00, 0x78, 0x1E, 0x00, 0x78, 0x1C, 0x00, 0x78, 0x3C, 0x00, 0x38, 0x3C, 0x00, 0x38, 0x78, 0x00,
    0x38, 0x78, 0x00, 0x18, 0x78, 0x00, 0x00, 0xF8, 0x00, 0x00, 0xF8, 0x00, 0x00, 0xF0, 0x00, 0x00, 0xF0, 0x00, 0x00,
    0xF0, 0x00, 0x00, 0xF0, 0x0F, 0xFE, 0xF0, 0x0F, 0xFE, 0xF0, 0x00, 0xF8, 0xF0, 0x00, 0xF8, 0xF0, 0x00, 0xF8, 0xF0,
    0x00, 0xF8, 0xF8, 0x00, 0xF8, 0xF8, 0x00, 0xF8, 0xF8, 0x00, 0xF8, 0x78, 0x00, 0xF8, 0x78, 0x00, 0xF8, 0x7C, 0x00,
    0xF8, 0x3C, 0x00, 0xF8, 0x3C, 0x00, 0xF8, 0x1E, 0x00, 0xF8, 0x1E, 0x00, 0xF8, 0x0F, 0x00, 0xF8, 0x07, 0xC1, 0xF8,
    0x03, 0xFF, 0xF0, 0x00, 0xFF, 0xC0, 0x00, 0x00, 0x00, 0x00, 0x00, 0x00, 0x00, 0x00, 0x00, 0x00, 0x1E, 0x00, 0x00,
    0x3E, 0x00, 0x00, 0x3F, 0x00, 0x00, 0x3F, 0x00, 0x00, 0x1F, 0x00, 0x00, 0x0E, 0x00, 0x00, 0x0E, 0x00, 0x00, 0x0E,
    0x00, 0x00, 0x0C, 0x00, 0x00, 0x1C, 0x00, 0x00, 0x38, 0x00, 0x00, 0x30, 0x00, 0x00, 0x00, 0x00, 0x00, 0x00, 0x00,
    0x01, 0x80, 0x00, 0x30, 0x00, 0x06, 0x00, 0x00, 0xE0, 0x00, 0x1C, 0x00, 0x01, 0xC0, 0x00, 0x1C, 0x00, 0x01, 0xE0,
    0x00, 0x1F, 0x00, 0x01, 0xF0, 0x00, 0x1F, 0x00, 0x00, 0xF1, 0xE0, 0x00, 0x3F, 0x00, 0x07, 0xF0, 0x00, 0x6F, 0x03,
    0xFE, 0x00, 0x7F, 0xE0, 0x0F, 0x0F, 0x01, 0xE0, 0xF0, 0x1E, 0x07, 0x83, 0xE0, 0x78, 0x3C, 0x07, 0x83, 0xC0, 0x7C,
    0x3C, 0x07, 0xC3, 0xC0, 0x78, 0x3C, 0x07, 0x81, 0xE0, 0x78, 0x1E, 0x07, 0x00, 0xF0, 0xF0, 0x0F, 0xBE, 0x00, 0x3F,
    0xC0, 0x03, 0xE0, 0x00, 0x70, 0x00, 0x0E, 0x00, 0x01, 0xC0, 0x00, 0x3E, 0x00, 0x03, 0xFF, 0xF0, 0x3F, 0xFF, 0x81,
    0xFF, 0xFC, 0x07, 0x0F, 0xE0, 0xC0, 0x3E, 0x1C, 0x01, 0xE3, 0x80, 0x0F, 0x70, 0x00, 0xF7, 0x00, 0x0E, 0xF0, 0x01,
    0xEF, 0x00, 0x1E, 0x78, 0x03, 0xC7, 0x80, 0x78, 0x3E, 0x0F, 0x01, 0xFF, 0xE0, 0x03, 0xF0, 0x00, 0x7F, 0xF1, 0xFF,
    0xE7, 0xFC, 0x1F, 0xF8, 0x3C, 0x00, 0x78, 0x07, 0x80, 0x0F, 0x00, 0xF0, 0x01, 0xE0, 0x1E, 0x00, 0x3C, 0x03, 0xC0,
    0x07, 0x81, 0xFF, 0xFF, 0xFC, 0x7F, 0xFF, 0xFF, 0xEF, 0xFF, 0xFF, 0xF8, 0x3C, 0x00, 0x78, 0x07, 0x80, 0x0F, 0x00,
    0xF0, 0x01, 0xE0, 0x1E, 0x00, 0x3C, 0x03, 0xC0, 0x07, 0x80, 0x78, 0x00, 0xF0, 0x0F, 0x80, 0x1E, 0x01, 0xFF, 0xFF,
    0xC0, 0x3F, 0xFF, 0xF8, 0x07, 0x80, 0x0F, 0x00, 0xF0, 0x01, 0xE0, 0x1E, 0x00, 0x3C, 0x03, 0xC0, 0x07, 0x80, 0x78,
    0x00, 0xF0, 0x0F, 0x00, 0x1E, 0x01, 0xE0, 0x03, 0xC0, 0x3C, 0x00, 0x78, 0x07, 0x80, 0x0F, 0x00, 0xF0, 0x01, 0xE0,
    0x1E, 0x00, 0x3C, 0x03, 0xC0, 0x07, 0x80, 0x78, 0x00, 0xF0, 0x0F, 0x00, 0x1E, 0x01, 0xE0, 0x03, 0xC0, 0xFF, 0x83,
    0xFF, 0x3F, 0xF8, 0xFF, 0xF0, 0x06, 0x00, 0x00, 0x7C, 0x00, 0x01, 0xF8, 0x00, 0x03, 0xF0, 0x00, 0x01, 0xE0, 0x00,
    0x03, 0xC0, 0x00, 0x07, 0x80, 0x00, 0x7F, 0xFF, 0x00, 0x7F, 0xFE, 0x00, 0x3C, 0x00, 0x00, 0x78, 0x00, 0x00, 0xF0,
    0xFE, 0x01, 0xE7, 0xFE, 0x03, 0xDF, 0xFC, 0x07, 0xF0, 0x7C, 0x0F, 0xC0, 0x78, 0x1F, 0x00, 0xF0, 0x3E, 0x01, 0xE0,
    0x7C, 0x03, 0xC0, 0xF8, 0x07, 0x81, 0xE0, 0x0F, 0x03, 0xC0, 0x1E, 0x07, 0x80, 0x3C, 0x0F, 0x00, 0x78, 0x1E, 0x00,
    0xF0, 0x3C, 0x01, 0xE0, 0x78, 0x03, 0xC0, 0xF0, 0x07, 0x81, 0xE0, 0x0F, 0x03, 0xC0, 0x1E, 0x07, 0x80, 0x3C, 0x0F,
    0x00, 0x78, 0x1E, 0x00, 0xF0, 0x3C, 0x01, 0xE0, 0x7C, 0x03, 0xC3, 0xFE, 0x1F, 0xEF, 0xFE, 0x7F, 0xE0, 0x7F, 0xFF,
    0x7F, 0xFF, 0x00, 0x00, 0x00, 0x00, 0x00, 0x00, 0x00, 0x00, 0x00, 0x00, 0x00, 0x00, 0x00, 0x00, 0x1F, 0xFC, 0x0F,
    0xF8, 0x03, 0xC0, 0x03, 0xC0, 0x03, 0xC0, 0x03, 0xC0, 0x03, 0xC0, 0x03, 0xC0, 0x03, 0xC0, 0x03, 0xC0, 0x03, 0xC0,
    0x03, 0xC0, 0x03, 0xC0, 0x03, 0xC0, 0x03, 0xC0, 0x03, 0xC0, 0x03, 0xC0, 0x03, 0xC0, 0x03, 0xC0, 0x03, 0xC0, 0x03,
    0xC0, 0x03, 0xC0, 0x03, 0xC0, 0x03, 0xC0, 0x03, 0xC0, 0x03, 0xC0, 0x03, 0xC0, 0x03, 0xC0, 0x03, 0xC0, 0x03, 0xC0,
    0x03, 0xC0, 0x03, 0xC0, 0x03, 0xC0, 0x03, 0xC0, 0x0F, 0xF8, 0x1F, 0xFC, 0xFF, 0xFF, 0xFF, 0xFC, 0x00, 0x00, 0x00,
    0x00, 0x00, 0x00, 0x00, 0x00, 0x00, 0x00, 0x00, 0x00, 0xC0, 0x07, 0x80, 0x7F, 0x00, 0xFE, 0x00, 0x7C, 0x00, 0x78,
    0x00, 0xF0, 0x01, 0xE0, 0x03, 0xC0, 0x07, 0x80, 0x0F, 0x00, 0x1E, 0x00, 0x3C, 0x00, 0x78, 0x00, 0xF0, 0x01, 0xE0,
    0x03, 0xC0, 0x07, 0x80, 0x0F, 0x00, 0x1E, 0x00, 0x3C, 0x00, 0x78, 0x00, 0xF0, 0x03, 0xE0, 0x1F, 0xF0, 0x7F, 0xF0,
    0x7F, 0xF3, 0xFE, 0x0F, 0x00, 0xF0, 0x0F, 0x00, 0xF0, 0x0F, 0x00, 0xF0, 0x0F, 0x00, 0xF0, 0x0F, 0x00, 0xF0, 0x0F,
    0x00, 0xF0, 0x0F, 0x00, 0xF0, 0x0F, 0x00, 0xF0, 0x0F, 0x00, 0xF0, 0x0F, 0x00, 0xF0, 0x0F, 0x00, 0xF0, 0x0F, 0x00,
    0xF0, 0x0F, 0x00, 0xF0, 0x0F, 0x00, 0xF0, 0x0F, 0x00, 0xF0, 0x0F, 0x00, 0xF0, 0x3F, 0xE7, 0xFF, 0x03, 0x00, 0x60,
    0x1C, 0x01, 0x80, 0x38, 0x07, 0x00, 0x70, 0x07, 0x00, 0x70, 0x87, 0xB8, 0x3F, 0x00, 0xC0, 0x0F, 0x03, 0xE0, 0x7C,
    0x0F, 0x80, 0xF0, 0x00, 0x00, 0x00, 0x00, 0x00, 0x00, 0x60, 0x3C, 0x3F, 0x87, 0xF0, 0x3E, 0x03, 0xC0, 0x78, 0x0F,
    0x01, 0xE0, 0x3C, 0x07, 0x80, 0xF0, 0x1E, 0x03, 0xC0, 0x78, 0x0F, 0x01, 0xE0, 0x3C, 0x07, 0x80, 0xF0, 0x1E, 0x03,
    0xC0, 0x78, 0x1F, 0x0F, 0xFB, 0xFF, 0x81, 0x80, 0x70, 0x18, 0x07, 0x01, 0xC0, 0x38, 0x0E, 0x01, 0xC0, 0x38, 0x43,
    0xB8, 0x7E, 0x01, 0x00, 0x0F, 0x00, 0xF8, 0x1F, 0x80, 0xF8, 0x0F, 0x00, 0x00, 0x00, 0x00, 0x00, 0x00, 0x00, 0x00,
    0x7F, 0xF3, 0xFE, 0x0F, 0x00, 0xF0, 0x0F, 0x00, 0xF0, 0x0F, 0x00, 0xF0, 0x0F, 0x00, 0xF0, 0x0F, 0x00, 0xF0, 0x0F,
    0x00, 0xF0, 0x0F, 0x00, 0xF0, 0x0F, 0x00, 0xF0, 0x0F, 0x00, 0xF0, 0x0F, 0x00, 0xF0, 0x0F, 0x00, 0xF0, 0x0F, 0x00,
    0xF0, 0x0F, 0x00, 0xF0, 0x0F, 0x00, 0xF0, 0x0F, 0x00, 0xF0, 0x0F, 0x00, 0xF0, 0x3F, 0xE7, 0xFF, 0x03, 0x01, 0xE1,
    0xFC, 0x3F, 0x81, 0xF0, 0x1E, 0x03, 0xC0, 0x78, 0x0F, 0x01, 0xE0, 0x3C, 0x07, 0x80, 0xF0, 0x1E, 0x03, 0xC0, 0x78,
    0x0F, 0x01, 0xE0, 0x3C, 0x07, 0x80, 0xF0, 0x1E, 0x03, 0xC0, 0xF8, 0x7F, 0xDF, 0xFC, 0x7F, 0xF7, 0xFF, 0x3F, 0xE3,
    0xFE, 0x0F, 0x00, 0xF8, 0x0F, 0x00, 0x78, 0x0F, 0x00, 0x78, 0x0F, 0x00, 0x78, 0x0F, 0x00, 0x78, 0x0F, 0x00, 0x78,
    0x0F, 0x00, 0x78, 0x0F, 0x00, 0x78, 0x0F, 0x00, 0x78, 0x0F, 0x00, 0x78, 0x0F, 0x00, 0x78, 0x0F, 0x00, 0x78, 0x0F,
    0x00, 0x78, 0x0F, 0x00, 0x78, 0x0F, 0x00, 0x78, 0x0F, 0x00, 0x78, 0x0F, 0x00, 0x78, 0x0F, 0x00, 0x78, 0x0F, 0x00,
    0x78, 0x0F, 0x00, 0x78, 0x0F, 0x00, 0x78, 0x0F, 0x00, 0x78, 0x0F, 0x00, 0x78, 0x0F, 0x00, 0x78, 0x0F, 0x00, 0x78,
    0x0F, 0x00, 0x78, 0x0F, 0x00, 0x78, 0x0F, 0x00, 0x78, 0x0F, 0x00, 0x78, 0x0F, 0x00, 0x78, 0x0F, 0x00, 0x78, 0x0F,
    0x00, 0x78, 0x3F, 0xE0, 0x78, 0x7F, 0xF0, 0x78, 0x00, 0x00, 0x78, 0x00, 0x00, 0x78, 0x00, 0x00, 0x70, 0x00, 0x00,
    0x70, 0x00, 0x00, 0x70, 0x00, 0x38, 0xF0, 0x00, 0x7C, 0xE0, 0x00, 0x7C, 0xE0, 0x00, 0x7F, 0xC0, 0x00, 0x3F, 0x80,
    0x00, 0x1E, 0x00, 0x0F, 0x01, 0xE1, 0xF0, 0x3E, 0x1F, 0x03, 0xF1, 0xF0, 0x3E, 0x0F, 0x01, 0xE0, 0x00, 0x00, 0x00,
    0x00, 0x00, 0x00, 0x00, 0x00, 0x00, 0x00, 0x00, 0x00, 0x03, 0x00, 0x60, 0xF0, 0x0E, 0x7F, 0x07, 0xE7, 0xF0, 0xFE,
    0x1F, 0x03, 0xE0, 0xF0, 0x1E, 0x0F, 0x01, 0xE0, 0xF0, 0x1E, 0x0F, 0x01, 0xE0, 0xF0, 0x1E, 0x0F, 0x01, 0xE0, 0xF0,
    0x1E, 0x0F, 0x01, 0xE0, 0xF0, 0x1E, 0x0F, 0x01, 0xE0, 0xF0, 0x1E, 0x0F, 0x01, 0xE0, 0xF0, 0x1E, 0x0F, 0x01, 0xE0,
    0xF0, 0x1E, 0x0F, 0x01, 0xE0, 0xF0, 0x1E, 0x0F, 0x01, 0xE1, 0xF0, 0x1E, 0x7F, 0xC1, 0xEF, 0xFE, 0x1E, 0x00, 0x01,
    0xE0, 0x00, 0x1E, 0x00, 0x01, 0xC0, 0x00, 0x1C, 0x00, 0x01, 0xC0, 0x06, 0x1C, 0x00, 0xF3, 0x80, 0x0F, 0x38, 0x00,
    0xFF, 0x00, 0x0F, 0xE0, 0x00, 0x38, 0x00, 0x7F, 0xF1, 0xFF, 0x8F, 0xF8, 0x3F, 0xC0, 0xF0, 0x07, 0x80, 0x3C, 0x01,
    0xC0, 0x0F, 0x00, 0xE0, 0x03, 0xC0, 0x30, 0x00, 0xF0, 0x1C, 0x00, 0x3C, 0x06, 0x00, 0x0F, 0x03, 0x80, 0x03, 0xC1,
    0xC0, 0x00, 0xF0, 0x60, 0x00, 0x3C, 0x38, 0x00, 0x0F, 0x1C, 0x00, 0x03, 0xC6, 0x00, 0x00, 0xF3, 0x80, 0x00, 0x3D,
    0xE0, 0x00, 0x0F, 0x7C, 0x00, 0x03, 0xFF, 0x00, 0x00, 0xFF, 0xE0, 0x00, 0x3E, 0x78, 0x00, 0x0F, 0x9F, 0x00, 0x03,
    0xC3, 0xC0, 0x00, 0xF0, 0xF8, 0x00, 0x3C, 0x1E, 0x00, 0x0F, 0x07, 0xC0, 0x03, 0xC0, 0xF8, 0x00, 0xF0, 0x3E, 0x00,
    0x3C, 0x07, 0xC0, 0x0F, 0x01, 0xF0, 0x03, 0xC0, 0x3E, 0x00, 0xF0, 0x0F, 0x80, 0x3C, 0x01, 0xF0, 0x0F, 0x00, 0x7C,
    0x03, 0xC0, 0x0F, 0x83, 0xFE, 0x0F, 0xF9, 0xFF, 0xC7, 0xFF, 0x00, 0x00, 0x00, 0x00, 0x00, 0x00, 0x00, 0x00, 0x00,
    0x00, 0x00, 0x78, 0x00, 0x00, 0x1F, 0x00, 0x00, 0x07, 0xC0, 0x00, 0x01, 0xF8, 0x00, 0x00, 0x3C, 0x00, 0x00, 0x07,
    0x00, 0x00, 0x01, 0xC0, 0x00, 0x00, 0x70, 0x00, 0x00, 0x18, 0x00, 0x00, 0x0C, 0x00, 0x00, 0x07, 0x00, 0x00, 0x03,
    0x80, 0x00, 0x00, 0x00, 0x00, 0x06, 0x00, 0x00, 0x7C, 0x00, 0x01, 0xF8, 0x00, 0x03, 0xF0, 0x00, 0x01, 0xE0, 0x00,
    0x03, 0xC0, 0x00, 0x07, 0x80, 0x00, 0x0F, 0x00, 0x00, 0x1E, 0x00, 0x00, 0x3C, 0x00, 0x00, 0x78, 0x00, 0x00, 0xF0,
    0x7F, 0xE1, 0xE0, 0x7F, 0xC3, 0xC0, 0x3C, 0x07, 0x80, 0xF0, 0x0F, 0x03, 0xC0, 0x1E, 0x07, 0x00, 0x3C, 0x1C, 0x00,
    0x78, 0x70, 0x00, 0xF1, 0xC0, 0x01, 0xE7, 0x80, 0x03, 0xFF, 0x00, 0x07, 0xFE, 0x00, 0x0F, 0xFE, 0x00, 0x1F, 0x3C,
    0x00, 0x3E, 0x7C, 0x00, 0x78, 0x78, 0x00, 0xF0, 0xF8, 0x01, 0xE0, 0xF0, 0x03, 0xC1, 0xF0, 0x07, 0x81, 0xE0, 0x0F,
    0x03, 0xE0, 0x1E, 0x03, 0xE0, 0x3C, 0x07, 0xC0, 0x7C, 0x07, 0xC3, 0xFE, 0x3F, 0xEF, 0xFE, 0xFF, 0xE0, 0x00, 0x00,
    0x00, 0x00, 0x00, 0x00, 0x00, 0x00, 0x00, 0x78, 0x00, 0x00, 0xF8, 0x00, 0x01, 0xF0, 0x00, 0x03, 0xE0, 0x00, 0x03,
    0xC0, 0x00, 0x03, 0x80, 0x00, 0x07, 0x00, 0x00, 0x0E, 0x00, 0x00, 0x38, 0x00, 0x00, 0x60, 0x00, 0x01, 0x80, 0x00,
    0x06, 0x00, 0x00, 0x00, 0x00, 0x00, 0x00, 0xF0, 0x00, 0x1F, 0x00, 0x07, 0xF0, 0x00, 0xFF, 0x00, 0x1F, 0xC0, 0x03,
    0xE0, 0x00, 0xF8, 0x00, 0x0E, 0x00, 0x00, 0x00, 0x00, 0x00, 0x00, 0x00, 0x00, 0x00, 0x00, 0x00, 0x00, 0x7F, 0xF0,
    0x03, 0xFE, 0x00, 0x0F, 0x00, 0x00, 0xF0, 0x00, 0x0F, 0x00, 0x00, 0xF0, 0x00, 0x0F, 0x00, 0x00, 0xF0, 0x00, 0x0F,
    0x00, 0x00, 0xF0, 0x00, 0x0F, 0x00, 0x00, 0xF0, 0x00, 0x0F, 0x00, 0x00, 0xF0, 0x00, 0x0F, 0x00, 0x00, 0xF0, 0x00,
    0x0F, 0x00, 0x00, 0xF0, 0x00, 0x0F, 0x00, 0x00, 0xF0, 0x00, 0x0F, 0x00, 0x00, 0xF0, 0x00, 0x0F, 0x00, 0x00, 0xF0,
    0x00, 0x0F, 0x00, 0x30, 0xF0, 0x03, 0x0F, 0x00, 0x30, 0xF0, 0x03, 0x0F, 0x00, 0x70, 0xF0, 0x07, 0x0F, 0x00, 0x70,
    0xF0, 0x0F, 0x0F, 0x80, 0xF0, 0xF8, 0x1F, 0x3F, 0xFF, 0xE7, 0xFF, 0xFE, 0x00, 0xF0, 0x0F, 0x81, 0xFC, 0x1F, 0xE1,
    0xFC, 0x1F, 0x03, 0xE0, 0x1C, 0x00, 0x00, 0x00, 0x00, 0x00, 0x60, 0x1F, 0x03, 0xF8, 0x0F, 0xC0, 0x1E, 0x00, 0xF0,
    0x07, 0x80, 0x3C, 0x01, 0xE0, 0x0F, 0x00, 0x78, 0x03, 0xC0, 0x1E, 0x00, 0xF0, 0x07, 0x80, 0x3C, 0x01, 0xE0, 0x0F,
    0x00, 0x78, 0x03, 0xC0, 0x1E, 0x00, 0xF0, 0x07, 0x80, 0x3C, 0x01, 0xE0, 0x0F, 0x00, 0x78, 0x03, 0xC0, 0x1E, 0x00,
    0xF0, 0x07, 0x80, 0x3C, 0x01, 0xE0, 0x0F, 0x00, 0x7C, 0x0F, 0xF8, 0xFF, 0xE0, 0x7F, 0xF0, 0x03, 0xFE, 0x00, 0x0F,
    0x00, 0x00, 0xF0, 0x00, 0x0F, 0x00, 0x00, 0xF0, 0x00, 0x0F, 0x00, 0x00, 0xF0, 0x00, 0x0F, 0x00, 0x00, 0xF0, 0x00,
    0x0F, 0x00, 0x00, 0xF0, 0x00, 0x0F, 0x00, 0x00, 0xF0, 0x00, 0x0F, 0x00, 0x00, 0xF0, 0x00, 0x0F, 0x00, 0x00, 0xF0,
    0x00, 0x0F, 0x00, 0x00, 0xF0, 0x00, 0x0F, 0x00, 0x00, 0xF0, 0x00, 0x0F, 0x00, 0x00, 0xF0, 0x00, 0x0F, 0x00, 0x30,
    0xF0, 0x03, 0x0F, 0x00, 0x30, 0xF0, 0x03, 0x0F, 0x00, 0x70, 0xF0, 0x07, 0x0F, 0x00, 0x70, 0xF0, 0x0F, 0x0F, 0x80,
    0xF0, 0xF8, 0x1F, 0x3F, 0xFF, 0xE7, 0xFF, 0xFE, 0x00, 0x00, 0x00, 0x00, 0x00, 0x00, 0x00, 0x00, 0x0F, 0x00, 0x00,
    0xF8, 0x00, 0x0F, 0x80, 0x00, 0xF8, 0x00, 0x07, 0x80, 0x00, 0x38, 0x00, 0x03, 0x80, 0x00, 0x38, 0x00, 0x07, 0x00,
    0x00, 0x60, 0x00, 0x0E, 0x00, 0x01, 0x80, 0x00, 0x00, 0x00, 0x06, 0x07, 0xC3, 0xF8, 0x3F, 0x01, 0xE0, 0x3C, 0x07,
    0x80, 0xF0, 0x1E, 0x03, 0xC0, 0x78, 0x0F, 0x01, 0xE0, 0x3C, 0x07, 0x80, 0xF0, 0x1E, 0x03, 0xC0, 0x78, 0x0F, 0x01,
    0xE0, 0x3C, 0x07, 0x80, 0xF0, 0x1E, 0x03, 0xC0, 0x78, 0x0F, 0x01, 0xE0, 0x3C, 0x07, 0x80, 0xF0, 0x1E, 0x03, 0xC0,
    0x7C, 0x3F, 0xEF, 0xFE, 0x00, 0x00, 0x00, 0x00, 0x0F, 0x03, 0xE0, 0x7C, 0x0F, 0xC0, 0xF8, 0x0E, 0x01, 0xC0, 0x38,
    0x06, 0x01, 0xC0, 0x70, 0x1C, 0x00, 0x00, 0x7F, 0xF1, 0xE3, 0xFE, 0x1E, 0x0F, 0x01, 0xE0, 0xF0, 0x1E, 0x0F, 0x01,
    0xC0, 0xF0, 0x1C, 0x0F, 0x01, 0xC0, 0xF0, 0x1C, 0x0F, 0x01, 0x80, 0xF0, 0x18, 0x0F, 0x01, 0x80, 0xF0, 0x10, 0x0F,
    0x00, 0x00, 0xF0, 0x00, 0x0F, 0x00, 0x00, 0xF0, 0x00, 0x0F, 0x00, 0x00, 0xF0, 0x00, 0x0F, 0x00, 0x00, 0xF0, 0x00,
    0x0F, 0x00, 0x00, 0xF0, 0x00, 0x0F, 0x00, 0x00, 0xF0, 0x00, 0x0F, 0x00, 0x30, 0xF0, 0x03, 0x0F, 0x00, 0x30, 0xF0,
    0x03, 0x0F, 0x00, 0x70, 0xF0, 0x07, 0x0F, 0x00, 0x70, 0xF0, 0x0F, 0x0F, 0x80, 0xF0, 0xF8, 0x1F, 0x3F, 0xFF, 0xE7,
    0xFF, 0xFE, 0x06, 0x38, 0xF8, 0xFF, 0xE3, 0xDF, 0x8E, 0x1E, 0x38, 0x78, 0xE1, 0xE3, 0x87, 0x8E, 0x1E, 0x30, 0x79,
    0xC1, 0xE7, 0x07, 0x88, 0x1E, 0x00, 0x78, 0x01, 0xE0, 0x07, 0x80, 0x1E, 0x00, 0x78, 0x01, 0xE0, 0x07, 0x80, 0x1E,
    0x00, 0x78, 0x01, 0xE0, 0x07, 0x80, 0x1E, 0x00, 0x78, 0x01, 0xE0, 0x07, 0x80, 0x1E, 0x00, 0x78, 0x01, 0xE0, 0x07,
    0x80, 0x1E, 0x00, 0x78, 0x01, 0xF0, 0x1F, 0xF0, 0xFF, 0xE0, 0x7F, 0xF0, 0x03, 0xFE, 0x00, 0x0F, 0x00, 0x00, 0xF0,
    0x00, 0x0F, 0x00, 0x00, 0xF0, 0x00, 0x0F, 0x00, 0x00, 0xF0, 0x00, 0x0F, 0x00, 0x00, 0xF0, 0x00, 0x0F, 0x00, 0x00,
    0xF0, 0x00, 0x0F, 0x00, 0x00, 0xF1, 0xC0, 0x0F, 0x3C, 0x00, 0xFF, 0x00, 0x0F, 0xE0, 0x00, 0xF8, 0x00, 0x0F, 0x00,
    0x03, 0xF0, 0x00, 0xFF, 0x00, 0x0E, 0xF0, 0x00, 0x0F, 0x00, 0x00, 0xF0, 0x00, 0x0F, 0x00, 0x30, 0xF0, 0x03, 0x0F,
    0x00, 0x30, 0xF0, 0x03, 0x0F, 0x00, 0x70, 0xF0, 0x07, 0x0F, 0x00, 0x70, 0xF0, 0x0F, 0x0F, 0x80, 0xF0, 0xF8, 0x1F,
    0x3F, 0xFF, 0xE7, 0xFF, 0xFE, 0x03, 0x80, 0x7E, 0x03, 0xF8, 0x0F, 0xE0, 0x07, 0x80, 0x1E, 0x00, 0x78, 0x01, 0xE0,
    0x07, 0x80, 0x1E, 0x00, 0x78, 0x01, 0xE0, 0x07, 0x80, 0x1E, 0x00, 0x78, 0xC1, 0xEF, 0x07, 0xF0, 0x1F, 0x80, 0x78,
    0x03, 0xE0, 0x3F, 0x81, 0xFE, 0x0E, 0x78, 0x01, 0xE0, 0x07, 0x80, 0x1E, 0x00, 0x78, 0x01, 0xE0, 0x07, 0x80, 0x1E,
    0x00, 0x78, 0x01, 0xE0, 0x07, 0x80, 0x1E, 0x00, 0xF8, 0x0F, 0xF8, 0x7F, 0xF0, 0x00, 0x01, 0xE0, 0x00, 0x00, 0x7E,
    0x00, 0x00, 0x1F, 0xC0, 0x00, 0x0F, 0xF0, 0x00, 0x03, 0xF8, 0x00, 0x00, 0xFC, 0x00, 0x00, 0x3C, 0x00, 0x00, 0x0E,
    0x00, 0x00, 0x00, 0x00, 0x00, 0x00, 0x00, 0x00, 0x00, 0x00, 0x00, 0x00, 0x00, 0x00, 0x00, 0x07, 0xF8, 0x07, 0xFC,
    0xFF, 0x00, 0x7F, 0x83, 0xF0, 0x03, 0x80, 0x7E, 0x00, 0x30, 0x0F, 0xE0, 0x06, 0x01, 0xFC, 0x00, 0xC0, 0x3F, 0xC0,
    0x18, 0x06, 0xF8, 0x03, 0x00, 0xDF, 0x00, 0x60, 0x19, 0xF0, 0x0C, 0x03, 0x3E, 0x01, 0x80, 0x63, 0xE0, 0x30, 0x0C,
    0x7C, 0x06, 0x01, 0x87, 0xC0, 0xC0, 0x30, 0xF8, 0x18, 0x06, 0x0F, 0x83, 0x00, 0xC1, 0xF0, 0x60, 0x18, 0x1F, 0x0C,
    0x03, 0x03, 0xE1, 0x80, 0x60, 0x7C, 0x30, 0x0C, 0x07, 0xC6, 0x01, 0x80, 0xF8, 0xC0, 0x30, 0x0F, 0x98, 0x06, 0x01,
    0xF3, 0x00, 0xC0, 0x1F, 0x60, 0x18, 0x03, 0xEC, 0x03, 0x00, 0x3F, 0x80, 0x60, 0x07, 0xF0, 0x0C, 0x00, 0x7E, 0x01,
    0x80, 0x0F, 0xC0, 0x30, 0x00, 0xF8, 0x06, 0x00, 0x1F, 0x00, 0xC0, 0x03, 0xE0, 0x1C, 0x00, 0x3C, 0x1F, 0xE0, 0x07,
    0x83, 0xFE, 0x00, 0x70, 0x00, 0x07, 0xC0, 0x00, 0x1F, 0x80, 0x00, 0x7F, 0x00, 0x01, 0xFC, 0x00, 0x0F, 0xE0, 0x00,
    0x3F, 0x00, 0x00, 0xF8, 0x00, 0x01, 0x80, 0x00, 0x00, 0x00, 0x00, 0x00, 0x00, 0x00, 0x00, 0x00, 0x00, 0x30, 0xFE,
    0x00, 0xE7, 0xFE, 0x0F, 0xDF, 0xFC, 0x1F, 0xF0, 0x7C, 0x0F, 0xC0, 0x78, 0x1F, 0x00, 0xF0, 0x3E, 0x01, 0xE0, 0x7C,
    0x03, 0xC0, 0xF8, 0x07, 0x81, 0xE0, 0x0F, 0x03, 0xC0, 0x1E, 0x07, 0x80, 0x3C, 0x0F, 0x00, 0x78, 0x1E, 0x00, 0xF0,
    0x3C, 0x01, 0xE0, 0x78, 0x03, 0xC0, 0xF0, 0x07, 0x81, 0xE0, 0x0F, 0x03, 0xC0, 0x1E, 0x07, 0x80, 0x3C, 0x0F, 0x00,
    0x78, 0x1E, 0x00, 0xF0, 0x3C, 0x01, 0xE0, 0x7C, 0x03, 0xC3, 0xFE, 0x1F, 0xEF, 0xFE, 0x7F, 0xE0, 0x7F, 0x80, 0x7F,
    0xCF, 0xF0, 0x07, 0xF8, 0x3F, 0x00, 0x38, 0x07, 0xE0, 0x03, 0x00, 0xFE, 0x00, 0x60, 0x1F, 0xC0, 0x0C, 0x03, 0xFC,
    0x01, 0x80, 0x6F, 0x80, 0x30, 0x0D, 0xF0, 0x06, 0x01, 0x9F, 0x00, 0xC0, 0x33, 0xE0, 0x18, 0x06, 0x3E, 0x03, 0x00,
    0xC7, 0xC0, 0x60, 0x18, 0x7C, 0x0C, 0x03, 0x0F, 0x81, 0x80, 0x60, 0xF8, 0x30, 0x0C, 0x1F, 0x06, 0x01, 0x81, 0xF0,
    0xC0, 0x30, 0x3E, 0x18, 0x06, 0x07, 0xC3, 0x00, 0xC0, 0x7C, 0x60, 0x18, 0x0F, 0x8C, 0x03, 0x00, 0xF9, 0x80, 0x60,
    0x1F, 0x30, 0x0C, 0x01, 0xF6, 0x01, 0x80, 0x3E, 0xC0, 0x30, 0x03, 0xF8, 0x06, 0x00, 0x7F, 0x00, 0xC0, 0x07, 0xE0,
    0x18, 0x00, 0xFC, 0x03, 0x00, 0x0F, 0x80, 0x60, 0x01, 0xF0, 0x0C, 0x00, 0x3E, 0x01, 0xC0, 0x03, 0xC1, 0xFE, 0x00,
    0x78, 0x3F, 0xE0, 0x07, 0x00, 0x00, 0x00, 0x00, 0x00, 0x00, 0x00, 0x00, 0x00, 0x00, 0x00, 0x00, 0x78, 0x00, 0x00,
    0x1F, 0x00, 0x00, 0x03, 0xE0, 0x00, 0x00, 0x7E, 0x00, 0x00, 0x07, 0xC0, 0x00, 0x00, 0x70, 0x00, 0x00, 0x0E, 0x00,
    0x00, 0x01, 0xC0, 0x00, 0x00, 0x30, 0x00, 0x00, 0x0E, 0x00, 0x00, 0x03, 0x80, 0x00, 0x00, 0xE0, 0x00, 0x00, 0x00,
    0x00, 0x00, 0x06, 0x1F, 0xC0, 0x1C, 0xFF, 0xC1, 0xFB, 0xFF, 0x83, 0xFE, 0x0F, 0x81, 0xF8, 0x0F, 0x03, 0xE0, 0x1E,
    0x07, 0xC0, 0x3C, 0x0F, 0x80, 0x78, 0x1F, 0x00, 0xF0, 0x3C, 0x01, 0xE0, 0x78, 0x03, 0xC0, 0xF0, 0x07, 0x81, 0xE0,
    0x0F, 0x03, 0xC0, 0x1E, 0x07, 0x80, 0x3C, 0x0F, 0x00, 0x78, 0x1E, 0x00, 0xF0, 0x3C, 0x01, 0xE0, 0x78, 0x03, 0xC0,
    0xF0, 0x07, 0x81, 0xE0, 0x0F, 0x03, 0xC0, 0x1E, 0x07, 0x80, 0x3C, 0x0F, 0x80, 0x78, 0x7F, 0xC3, 0xFD, 0xFF, 0xCF,
    0xFC, 0x00, 0x00, 0x00, 0x00, 0x00, 0x00, 0x00, 0x00, 0x00, 0x07, 0x80, 0x00, 0x1F, 0x00, 0x00, 0x3F, 0x00, 0x00,
    0x7E, 0x00, 0x00, 0x7C, 0x00, 0x00, 0x78, 0x00, 0x00, 0xE0, 0x00, 0x01, 0xC0, 0x00, 0x03, 0x00, 0x00, 0x0E, 0x00,
    0x00, 0x38, 0x00, 0x00, 0x60, 0x00, 0x00, 0x00, 0x00, 0x00, 0x00, 0x00, 0x00, 0xE0, 0x03, 0x80, 0x0E, 0x00, 0xE0,
    0x00, 0xF0, 0x78, 0x00, 0x0F, 0x1E, 0x00, 0x01, 0xFF, 0x80, 0x00, 0x1F, 0xF0, 0x00, 0x01, 0xFC, 0x00, 0x00, 0x1F,
    0x00, 0x00, 0x00, 0x00, 0x00, 0x00, 0x00, 0x00, 0x00, 0x00, 0x00, 0x00, 0x00, 0x00, 0x00, 0xFF, 0x00, 0xFF, 0x9F,
    0xE0, 0x0F, 0xF0, 0x7E, 0x00, 0x70, 0x0F, 0xC0, 0x06, 0x01, 0xFC, 0x00, 0xC0, 0x3F, 0x80, 0x18, 0x07, 0xF8, 0x03,
    0x00, 0xDF, 0x00, 0x60, 0x1B, 0xE0, 0x0C, 0x03, 0x3E, 0x01, 0x80, 0x67, 0xC0, 0x30, 0x0C, 0x7C, 0x06, 0x01, 0x8F,
    0x80, 0xC0, 0x30, 0xF8, 0x18, 0x06, 0x1F, 0x03, 0x00, 0xC1, 0xF0, 0x60, 0x18, 0x3E, 0x0C, 0x03, 0x03, 0xE1, 0x80,
    0x60, 0x7C, 0x30, 0x0C, 0x0F, 0x86, 0x01, 0x80, 0xF8, 0xC0, 0x30, 0x1F, 0x18, 0x06, 0x01, 0xF3, 0x00, 0xC0, 0x3E,
    0x60, 0x18, 0x03, 0xEC, 0x03, 0x00, 0x7D, 0x80, 0x60, 0x07, 0xF0, 0x0C, 0x00, 0xFE, 0x01, 0x80, 0x0F, 0xC0, 0x30,
    0x01, 0xF8, 0x06, 0x00, 0x1F, 0x00, 0xC0, 0x03, 0xE0, 0x18, 0x00, 0x7C, 0x03, 0x80, 0x07, 0x83, 0xFC, 0x00, 0xF0,
    0x7F, 0xC0, 0x0E, 0x00, 0x00, 0x00, 0x00, 0x18, 0x00, 0x60, 0x38, 0x03, 0xC0, 0x3C, 0x0F, 0x00, 0x3C, 0x7C, 0x00,
    0x3F, 0xF0, 0x00, 0x3F, 0xC0, 0x00, 0x3F, 0x00, 0x00, 0x3C, 0x00, 0x00, 0x00, 0x00, 0x00, 0x00, 0x00, 0x00, 0x00,
    0x00, 0x61, 0xFC, 0x01, 0xCF, 0xFC, 0x1F, 0xBF, 0xF8, 0x3F, 0xE0, 0xF8, 0x1F, 0x80, 0xF0, 0x3E, 0x01, 0xE0, 0x7C,
    0x03, 0xC0, 0xF8, 0x07, 0x81, 0xF0, 0x0F, 0x03, 0xC0, 0x1E, 0x07, 0x80, 0x3C, 0x0F, 0x00, 0x78, 0x1E, 0x00, 0xF0,
    0x3C, 0x01, 0xE0, 0x78, 0x03, 0xC0, 0xF0, 0x07, 0x81, 0xE0, 0x0F, 0x03, 0xC0, 0x1E, 0x07, 0x80, 0x3C, 0x0F, 0x00,
    0x78, 0x1E, 0x00, 0xF0, 0x3C, 0x01, 0xE0, 0x78, 0x03, 0xC0, 0xF8, 0x07, 0x87, 0xFC, 0x3F, 0xDF, 0xFC, 0xFF, 0xC0,
    0x7F, 0x00, 0x7F, 0xCF, 0xF0, 0x07, 0xF8, 0x3E, 0x00, 0x38, 0x07, 0xE0, 0x03, 0x00, 0xFC, 0x00, 0x60, 0x1F, 0xC0,
    0x0C, 0x03, 0xF8, 0x01, 0x80, 0x6F, 0x80, 0x30, 0x0D, 0xF0, 0x06, 0x01, 0x9F, 0x00, 0xC0, 0x33, 0xE0, 0x18, 0x06,
    0x3C, 0x03, 0x00, 0xC7, 0xC0, 0x60, 0x18, 0x78, 0x0C, 0x03, 0x0F, 0x81, 0x80, 0x60, 0xF0, 0x30, 0x0C, 0x1F, 0x06,
    0x01, 0x81, 0xE0, 0xC0, 0x30, 0x3E, 0x18, 0x06, 0x03, 0xC3, 0x00, 0xC0, 0x7C, 0x60, 0x18, 0x07, 0x8C, 0x03, 0x00,
    0xF9, 0x80, 0x60, 0x1F, 0x30, 0x0C, 0x01, 0xF6, 0x01, 0x80, 0x3E, 0xC0, 0x30, 0x03, 0xF8, 0x06, 0x00, 0x7F, 0x00,
    0xC0, 0x07, 0xE0, 0x18, 0x00, 0xFC, 0x03, 0x00, 0x0F, 0x80, 0x60, 0x01, 0xF0, 0x0C, 0x00, 0x1E, 0x01, 0xC0, 0x03,
    0xC1, 0xFE, 0x00, 0x78, 0x3F, 0xE0, 0x0F, 0x00, 0x00, 0x01, 0xE0, 0x00, 0x00, 0x3C, 0x00, 0x00, 0x07, 0x80, 0x00,
    0x00, 0xE0, 0x00, 0x00, 0x1C, 0x00, 0x00, 0xC3, 0x80, 0x00, 0x3C, 0x60, 0x00, 0x07, 0x9C, 0x00, 0x00, 0xFF, 0x00,
    0x00, 0x1F, 0xC0, 0x00, 0x00, 0xE0, 0x00, 0x06, 0x1F, 0xC0, 0xE7, 0xFE, 0x7E, 0xFF, 0xE7, 0xFC, 0x1F, 0x1F, 0x80,
    0xF1, 0xF0, 0x0F, 0x1F, 0x00, 0xF1, 0xF0, 0x0F, 0x1F, 0x00, 0xF1, 0xE0, 0x0F, 0x1E, 0x00, 0xF1, 0xE0, 0x0F, 0x1E,
    0x00, 0xF1, 0xE0, 0x0F, 0x1E, 0x00, 0xF1, 0xE0, 0x0F, 0x1E, 0x00, 0xF1, 0xE0, 0x0F, 0x1E, 0x00, 0xF1, 0xE0, 0x0F,
    0x1E, 0x00, 0xF1, 0xE0, 0x0F, 0x1E, 0x00, 0xF1, 0xF0, 0x0F, 0x7F, 0xC0, 0xFF, 0xFE, 0x0F, 0x00, 0x00, 0xF0, 0x00,
    0x0F, 0x00, 0x00, 0xF0, 0x00, 0x0E, 0x00, 0x00, 0xE0, 0x03, 0x0E, 0x00, 0x78, 0xC0, 0x07, 0x9C, 0x00, 0x7F, 0x80,
    0x07, 0xF0, 0x00, 0x1C, 0x00, 0x0F, 0xFF, 0xE0, 0x1F, 0xFF, 0xC0, 0x00, 0x00, 0x00, 0x00, 0x00, 0x00, 0x00, 0x00,
    0x00, 0x00, 0x00, 0x00, 0x00, 0x00, 0x00, 0x00, 0x00, 0x00, 0x7C, 0x00, 0x03, 0xFE, 0x00, 0x0F, 0x1E, 0x00, 0x38,
    0x0E, 0x00, 0xE0, 0x0E, 0x03, 0xC0, 0x1E, 0x07, 0x00, 0x1C, 0x1E, 0x00, 0x3C, 0x38, 0x00, 0x38, 0xF0, 0x00, 0x79,
    0xE0, 0x00, 0xF3, 0xC0, 0x01, 0xEF, 0x80, 0x03, 0xFF, 0x00, 0x07, 0xFC, 0x00, 0x07, 0xF8, 0x00, 0x0F, 0xF0, 0x00,
    0x1F, 0xE0, 0x00, 0x3F, 0xC0, 0x00, 0x7F, 0x80, 0x00, 0xFF, 0x00, 0x01, 0xFE, 0x00, 0x03, 0xFC, 0x00, 0x07, 0xFC,
    0x00, 0x1F, 0xF8, 0x00, 0x3F, 0xF0, 0x00, 0x7D, 0xE0, 0x00, 0xF3, 0xC0, 0x01, 0xE7, 0x80, 0x03, 0xC7, 0x80, 0x0F,
    0x0F, 0x00, 0x1E, 0x0E, 0x00, 0x38, 0x1E, 0x00, 0xF0, 0x1E, 0x03, 0xC0, 0x1E, 0x0F, 0x00, 0x1F, 0xFC, 0x00, 0x0F,
    0xE0, 0x00, 0x3F, 0xFF, 0x87, 0xFF, 0xF0, 0x00, 0x00, 0x00, 0x00, 0x00, 0x00, 0x00, 0x00, 0x00, 0x00, 0x00, 0x00,
    0x00, 0x00, 0x03, 0xF8, 0x01, 0xFF, 0x80, 0x78, 0x78, 0x0E, 0x07, 0x83, 0xC0, 0x70, 0xF0, 0x0F, 0x1E, 0x01, 0xE3,
    0xC0, 0x1E, 0xF8, 0x03, 0xDE, 0x00, 0x7B, 0xC0, 0x0F, 0x78, 0x01, 0xEF, 0x00, 0x3F, 0xE0, 0x07, 0xFC, 0x00, 0xF7,
    0x80, 0x1E, 0xF0, 0x03, 0xDF, 0x00, 0x79, 0xE0, 0x0F, 0x3C, 0x03, 0xC7, 0x80, 0x78, 0x78, 0x0E, 0x0F, 0x03, 0xC0,
    0xF0, 0xF0, 0x0F, 0xFC, 0x00, 0x7F, 0x00, 0x00, 0x78, 0xF0, 0x01, 0xF1, 0xE0, 0x03, 0xE7, 0xC0, 0x0F, 0x8F, 0x80,
    0x1E, 0x3E, 0x00, 0x78, 0x70, 0x00, 0xE1, 0xC0, 0x03, 0x83, 0x00, 0x00, 0x00, 0x00, 0x00, 0x00, 0x00, 0x00, 0x00,
    0x00, 0x03, 0xE0, 0x00, 0x1F, 0xF0, 0x00, 0x78, 0xF0, 0x01, 0xC0, 0x70, 0x07, 0x00, 0x70, 0x1E, 0x00, 0xF0, 0x38,
    0x00, 0xE0, 0xF0, 0x01, 0xE1, 0xC0, 0x01, 0xC7, 0x80, 0x03, 0xCF, 0x00, 0x07, 0x9E, 0x00, 0x0F, 0x7C, 0x00, 0x1F,
    0xF8, 0x00, 0x3F, 0xE0, 0x00, 0x3F, 0xC0, 0x00, 0x7F, 0x80, 0x00, 0xFF, 0x00, 0x01, 0xFE, 0x00, 0x03, 0xFC, 0x00,
    0x07, 0xF8, 0x00, 0x0F, 0xF0, 0x00, 0x1F, 0xE0, 0x00, 0x3F, 0xE0, 0x00, 0xFF, 0xC0, 0x01, 0xFF, 0x80, 0x03, 0xEF,
    0x00, 0x07, 0x9E, 0x00, 0x0F, 0x3C, 0x00, 0x1E, 0x3C, 0x00, 0x78, 0x78, 0x00, 0xF0, 0x70, 0x01, 0xC0, 0xF0, 0x07,
    0x80, 0xF0, 0x1E, 0x00, 0xF0, 0x78, 0x00, 0xFF, 0xE0, 0x00, 0x7F, 0x00, 0x01, 0xC3, 0xC0, 0x7C, 0xF8, 0x1F, 0x1F,
    0x03, 0xE7, 0xC0, 0xF8, 0xF0, 0x1E, 0x3C, 0x07, 0x07, 0x00, 0xC0, 0xC0, 0x00, 0x00, 0x00, 0x00, 0x00, 0x00, 0x00,
    0x01, 0xFC, 0x00, 0xFF, 0xC0, 0x3C, 0x3C, 0x07, 0x03, 0xC1, 0xE0, 0x38, 0x78, 0x07, 0x8F, 0x00, 0xF1, 0xE0, 0x0F,
    0x7C, 0x01, 0xEF, 0x00, 0x3D, 0xE0, 0x07, 0xBC, 0x00, 0xF7, 0x80, 0x1F, 0xF0, 0x03, 0xFE, 0x00, 0x7B, 0xC0, 0x0F,
    0x78, 0x01, 0xEF, 0x80, 0x3C, 0xF0, 0x07, 0x9E, 0x01, 0xE3, 0xC0, 0x3C, 0x3C, 0x07, 0x07, 0x81, 0xE0, 0x78, 0x78,
    0x07, 0xFE, 0x00, 0x3F, 0x80, 0x00, 0x7E, 0x00, 0x00, 0x00, 0x3F, 0xFF, 0xFF, 0xF0, 0x0F, 0x0F, 0xFF, 0xFE, 0x03,
    0x80, 0x7E, 0x07, 0xC0, 0xE0, 0x07, 0x80, 0x78, 0x38, 0x00, 0xF0, 0x07, 0x0F, 0x00, 0x1E, 0x00, 0x61, 0xE0, 0x03,
    0xC0, 0x0C, 0x78, 0x00, 0x78, 0x01, 0x8F, 0x00, 0x0F, 0x00, 0x31, 0xE0, 0x01, 0xE0, 0x02, 0x7C, 0x00, 0x3C, 0x0C,
    0x0F, 0x80, 0x07, 0x81, 0x81, 0xF0, 0x00, 0xF0, 0x30, 0x3C, 0x00, 0x1E, 0x06, 0x07, 0x80, 0x03, 0xC1, 0xC0, 0xF0,
    0x00, 0x7C, 0x78, 0x1E, 0x00, 0x0F, 0xFF, 0x03, 0xC0, 0x01, 0xFF, 0xE0, 0x78, 0x00, 0x3C, 0x1C, 0x0F, 0x00, 0x07,
    0x83, 0x81, 0xE0, 0x00, 0xF0, 0x30, 0x3C, 0x00, 0x1E, 0x06, 0x07, 0xC0, 0x03, 0xC0, 0xC0, 0xF8, 0x00, 0x78, 0x00,
    0x1F, 0x00, 0x0F, 0x00, 0x09, 0xE0, 0x01, 0xE0, 0x03, 0x3C, 0x00, 0x3C, 0x00, 0x67, 0x80, 0x07, 0x80, 0x0C, 0x70,
    0x00, 0xF0, 0x01, 0x8F, 0x00, 0x1E, 0x00, 0x70, 0xE0, 0x03, 0xC0, 0x0E, 0x1E, 0x00, 0x78, 0x01, 0xC1, 0xC0, 0x1F,
    0x80, 0x78, 0x1E, 0x07, 0xF0, 0x1F, 0x01, 0xFF, 0xFF, 0xFF, 0xE0, 0x0F, 0xFF, 0xFF, 0xFC, 0x03, 0xF8, 0x0F, 0xC0,
    0x3F, 0xF0, 0xFF, 0xC1, 0xE1, 0xE7, 0x87, 0x07, 0x03, 0xDC, 0x1E, 0x3C, 0x07, 0xF0, 0x39, 0xE0, 0x1F, 0x80, 0xF7,
    0x80, 0x7E, 0x03, 0xDE, 0x00, 0xF8, 0x0F, 0xF8, 0x03, 0xE0, 0x3F, 0xC0, 0x0F, 0x81, 0xFF, 0x00, 0x3F, 0xFF, 0xFC,
    0x00, 0xFF, 0xFE, 0xF0, 0x03, 0xC0, 0x03, 0xC0, 0x0F, 0x00, 0x0F, 0x00, 0x3C, 0x00, 0x3C, 0x00, 0xF0, 0x00, 0xF0,
    0x03, 0xE0, 0x07, 0xE0, 0x0F, 0x80, 0x37, 0x80, 0x3E, 0x00, 0xDE, 0x01, 0xF8, 0x07, 0x78, 0x07, 0xF0, 0x18, 0xF0,
    0x1F, 0xE0, 0xE3, 0xC0, 0xE7, 0xC7, 0x87, 0x87, 0x9F, 0xFC, 0x0F, 0xFC, 0x3F, 0xE0, 0x0F, 0xC0, 0x3F, 0x00, 0x00,
    0x01, 0xE0, 0x00, 0x00, 0xFC, 0x00, 0x00, 0x3F, 0x80, 0x00, 0x0F, 0xE0, 0x00, 0x07, 0xF0, 0x00, 0x01, 0xF8, 0x00,
    0x00, 0x7C, 0x00, 0x00, 0x0E, 0x00, 0x00, 0x00, 0x00, 0x00, 0x00, 0x00, 0x00, 0x00, 0x00, 0x00, 0x00, 0x00, 0x00,
    0x00, 0x07, 0xFF, 0xF0, 0x00, 0x7F, 0xFF, 0x80, 0x03, 0xE0, 0x7C, 0x00, 0x78, 0x07, 0xC0, 0x0F, 0x00, 0x78, 0x01,
    0xE0, 0x0F, 0x80, 0x3C, 0x00, 0xF0, 0x07, 0x80, 0x1E, 0x00, 0xF0, 0x03, 0xC0, 0x1E, 0x00, 0x78, 0x03, 0xC0, 0x0F,
    0x00, 0x78, 0x01, 0xE0, 0x0F, 0x00, 0x7C, 0x01, 0xE0, 0x0F, 0x00, 0x3C, 0x03, 0xE0, 0x07, 0xC0, 0xF8, 0x00, 0xFC,
    0xFE, 0x00, 0x1F, 0xFF, 0x00, 0x03, 0xFF, 0xC0, 0x00, 0x78, 0x3C, 0x00, 0x0F, 0x03, 0xC0, 0x01, 0xE0, 0x3C, 0x00,
    0x3C, 0x07, 0x80, 0x07, 0x80, 0xF0, 0x00, 0xF0, 0x1F, 0x00, 0x1E, 0x01, 0xE0, 0x03, 0xC0, 0x3C, 0x00, 0x78, 0x07,
    0x80, 0x0F, 0x00, 0xF0, 0x01, 0xE0, 0x1F, 0x00, 0x3C, 0x01, 0xE0, 0x07, 0x80, 0x3C, 0x00, 0xF0, 0x07, 0xC0, 0x1F,
    0x00, 0x7D, 0x8F, 0xFC, 0x0F, 0xF3, 0xFF, 0xC0, 0x7C, 0x00, 0x3C, 0x00, 0xFC, 0x01, 0xFC, 0x03, 0xF8, 0x07, 0xE0,
    0x1F, 0x80, 0x3E, 0x00, 0x38, 0x00, 0x00, 0x00, 0x00, 0x00, 0x00, 0x00, 0x06, 0x3E, 0x0E, 0x7F, 0x7E, 0xFF, 0x7F,
    0xDF, 0x1F, 0x8F, 0x1F, 0x06, 0x1F, 0x00, 0x1F, 0x00, 0x1F, 0x00, 0x1F, 0x00, 0x1E, 0x00, 0x1E, 0x00, 0x1E, 0x00,
    0x1E, 0x00, 0x1E, 0x00, 0x1E, 0x00, 0x1E, 0x00, 0x1E, 0x00, 0x1E, 0x00, 0x1E, 0x00, 0x1E, 0x00, 0x1E, 0x00, 0x1E,
    0x00, 0x1F, 0x00, 0x7F, 0xC0, 0xFF, 0xE0, 0x7F, 0xFF, 0x00, 0x07, 0xFF, 0xF8, 0x00, 0x3E, 0x07, 0xC0, 0x07, 0x80,
    0x7C, 0x00, 0xF0, 0x07, 0x80, 0x1E, 0x00, 0xF8, 0x03, 0xC0, 0x0F, 0x00, 0x78, 0x01, 0xE0, 0x0F, 0x00, 0x3C, 0x01,
    0xE0, 0x07, 0x80, 0x3C, 0x00, 0xF0, 0x07, 0x80, 0x1E, 0x00, 0xF0, 0x07, 0xC0, 0x1E, 0x00, 0xF0, 0x03, 0xC0, 0x3E,
    0x00, 0x7C, 0x0F, 0x80, 0x0F, 0xCF, 0xE0, 0x01, 0xFF, 0xF0, 0x00, 0x3F, 0xFC, 0x00, 0x07, 0x83, 0xC0, 0x00, 0xF0,
    0x3C, 0x00, 0x1E, 0x03, 0xC0, 0x03, 0xC0, 0x78, 0x00, 0x78, 0x0F, 0x00, 0x0F, 0x01, 0xF0, 0x01, 0xE0, 0x1E, 0x00,
    0x3C, 0x03, 0xC0, 0x07, 0x80, 0x78, 0x00, 0xF0, 0x0F, 0x00, 0x1E, 0x01, 0xF0, 0x03, 0xC0, 0x1E, 0x00, 0x78, 0x03,
    0xC0, 0x0F, 0x00, 0x7C, 0x01, 0xF0, 0x07, 0xD8, 0xFF, 0xC0, 0xFF, 0x3F, 0xFC, 0x07, 0xC0, 0x00, 0x00, 0x00, 0x00,
    0x00, 0x00, 0x00, 0x00, 0x00, 0x00, 0x00, 0x78, 0x00, 0x00, 0x1F, 0x00, 0x00, 0x03, 0xF0, 0x00, 0x00, 0x7E, 0x00,
    0x00, 0x07, 0xC0, 0x00, 0x00, 0x78, 0x00, 0x00, 0x07, 0x00, 0x00, 0x01, 0xC0, 0x00, 0x00, 0x38, 0x00, 0x00, 0x0E,
    0x00, 0x00, 0x03, 0x80, 0x00, 0x00, 0x60, 0x00, 0x00, 0x00, 0x00, 0x00, 0x06, 0x3E, 0x0E, 0x7F, 0x7E, 0xFF, 0x7F,
    0xDF, 0x1F, 0x8F, 0x1F, 0x06, 0x1F, 0x00, 0x1F, 0x00, 0x1F, 0x00, 0x1F, 0x00, 0x1E, 0x00, 0x1E, 0x00, 0x1E, 0x00,
    0x1E, 0x00, 0x1E, 0x00, 0x1E, 0x00, 0x1E, 0x00, 0x1E, 0x00, 0x1E, 0x00, 0x1E, 0x00, 0x1E, 0x00, 0x1E, 0x00, 0x1E,
    0x00, 0x1F, 0x00, 0x7F, 0xC0, 0xFF, 0xE0, 0x00, 0x00, 0x00, 0x00, 0x00, 0x00, 0x0E, 0x00, 0x1F, 0x00, 0x1F, 0x00,
    0x1F, 0x80, 0x0F, 0x80, 0x07, 0x00, 0x07, 0x00, 0x07, 0x00, 0x06, 0x00, 0x0C, 0x00, 0x1C, 0x00, 0x38, 0x00, 0x00,
    0x00, 0x00, 0x00, 0x00, 0x00, 0xC0, 0x03, 0x00, 0x1E, 0x01, 0xE0, 0x01, 0xE0, 0x78, 0x00, 0x1E, 0x3E, 0x00, 0x01,
    0xFF, 0x80, 0x00, 0x1F, 0xE0, 0x00, 0x01, 0xF8, 0x00, 0x00, 0x1E, 0x00, 0x00, 0x00, 0x00, 0x00, 0x00, 0x00, 0x00,
    0x00, 0x00, 0x00, 0x00, 0x00, 0x00, 0x00, 0xFF, 0xFE, 0x00, 0x0F, 0xFF, 0xF0, 0x00, 0x7C, 0x0F, 0x80, 0x0F, 0x00,
    0xF8, 0x01, 0xE0, 0x0F, 0x00, 0x3C, 0x01, 0xF0, 0x07, 0x80, 0x1E, 0x00, 0xF0, 0x03, 0xC0, 0x1E, 0x00, 0x78, 0x03,
    0xC0, 0x0F, 0x00, 0x78, 0x01, 0xE0, 0x0F, 0x00, 0x3C, 0x01, 0xE0, 0x0F, 0x80, 0x3C, 0x01, 0xE0, 0x07, 0x80, 0x7C,
    0x00, 0xF8, 0x1F, 0x00, 0x1F, 0x9F, 0xC0, 0x03, 0xFF, 0xE0, 0x00, 0x7F, 0xF8, 0x00, 0x0F, 0x07, 0x80, 0x01, 0xE0,
    0x78, 0x00, 0x3C, 0x07, 0x80, 0x07, 0x80, 0xF0, 0x00, 0xF0, 0x1E, 0x00, 0x1E, 0x03, 0xE0, 0x03, 0xC0, 0x3C, 0x00,
    0x78, 0x07, 0x80, 0x0F, 0x00, 0xF0, 0x01, 0xE0, 0x1E, 0x00, 0x3C, 0x03, 0xE0, 0x07, 0x80, 0x3C, 0x00, 0xF0, 0x07,
    0x80, 0x1E, 0x00, 0xF8, 0x03, 0xE0, 0x0F, 0xB1, 0xFF, 0x81, 0xFE, 0x7F, 0xF8, 0x0F, 0x80, 0x00, 0x00, 0x30, 0x00,
    0xDE, 0x01, 0xE7, 0x81, 0xE1, 0xF3, 0xE0, 0x7F, 0xE0, 0x1F, 0xE0, 0x07, 0xE0, 0x01, 0xE0, 0x00, 0x00, 0x00, 0x00,
    0x00, 0x00, 0x00, 0x31, 0xF0, 0x39, 0xFC, 0xFD, 0xFE, 0x7F, 0xDF, 0x0F, 0xC7, 0x87, 0xC1, 0x83, 0xE0, 0x01, 0xF0,
    0x00, 0xF8, 0x00, 0x7C, 0x00, 0x3C, 0x00, 0x1E, 0x00, 0x0F, 0x00, 0x07, 0x80, 0x03, 0xC0, 0x01, 0xE0, 0x00, 0xF0,
    0x00, 0x78, 0x00, 0x3C, 0x00, 0x1E, 0x00, 0x0F, 0x00, 0x07, 0x80, 0x03, 0xC0, 0x01, 0xF0, 0x03, 0xFE, 0x03, 0xFF,
    0x80, 0x00, 0x1E, 0x00, 0x1F, 0x80, 0x1F, 0x80, 0x3F, 0xC0, 0x3F, 0x80, 0x3F, 0x00, 0x3C, 0x00, 0x38, 0x00, 0x00,
    0x00, 0x00, 0x00, 0x00, 0x00, 0x00, 0x7E, 0x00, 0xFF, 0xE0, 0xE1, 0xF0, 0xE0, 0x7C, 0xE0, 0x1E, 0xF0, 0x0F, 0x78,
    0x07, 0xBC, 0x01, 0xDE, 0x00, 0xEF, 0x00, 0x77, 0xC0, 0x1B, 0xE0, 0x00, 0xF8, 0x00, 0x7E, 0x00, 0x1F, 0xC0, 0x07,
    0xF0, 0x01, 0xFC, 0x00, 0x7F, 0x00, 0x1F, 0xC0, 0x07, 0xF0, 0x00, 0xFC, 0x00, 0x3E, 0x00, 0x0F, 0x80, 0x07, 0xC0,
    0x01, 0xF0, 0x00, 0x7E, 0x00, 0x3F, 0x00, 0x1F, 0x80, 0x0F, 0xE0, 0x07, 0xF0, 0x03, 0xF8, 0x01, 0xFE, 0x00, 0xEF,
    0x00, 0xE7, 0xC0, 0xF3, 0xFF, 0xE0, 0x7F, 0xE0, 0x00, 0xF0, 0x0F, 0xC0, 0xFE, 0x0F, 0xE1, 0xFC, 0x1F, 0x81, 0xF0,
    0x0C, 0x00, 0x00, 0x00, 0x00, 0x00, 0x00, 0x1F, 0xC3, 0xFF, 0x38, 0x79, 0xC1, 0xDC, 0x0E, 0xF0, 0x37, 0x81, 0xBE,
    0x0D, 0xF8, 0x07, 0xE0, 0x3F, 0x80, 0xFF, 0x03, 0xFC, 0x07, 0xE0, 0x1F, 0x80, 0x7E, 0x01, 0xF0, 0x07, 0xE0, 0x3F,
    0x00, 0xFC, 0x07, 0xE0, 0x3F, 0x83, 0xFC, 0x1D, 0xFF, 0xC7, 0xF8, 0x00, 0x03, 0xF0, 0x07, 0xFF, 0x07, 0x0F, 0x87,
    0x03, 0xE7, 0x00, 0xF7, 0x80, 0x7B, 0xC0, 0x3D, 0xE0, 0x0E, 0xF0, 0x07, 0x78, 0x03, 0xBE, 0x00, 0xDF, 0x00, 0x07,
    0xC0, 0x03, 0xF0, 0x00, 0xFE, 0x00, 0x3F, 0x80, 0x0F, 0xE0, 0x03, 0xF8, 0x00, 0xFE, 0x00, 0x3F, 0x80, 0x07, 0xE0,
    0x01, 0xF0, 0x00, 0x7C, 0x00, 0x3E, 0x00, 0x0F, 0x80, 0x03, 0xF0, 0x01, 0xF8, 0x00, 0xFC, 0x00, 0x7F, 0x00, 0x3F,
    0x80, 0x1F, 0xC0, 0x0F, 0xF0, 0x07, 0x78, 0x07, 0x3E, 0x07, 0x9F, 0xFF, 0x03, 0xFF, 0x00, 0x04, 0x00, 0x06, 0x00,
    0x03, 0x00, 0x01, 0xE0, 0x00, 0xF8, 0x00, 0x1E, 0x00, 0x07, 0x00, 0xC3, 0x80, 0xF1, 0xC0, 0x39, 0xC0, 0x0F, 0xC0,
    0x00, 0x00, 0x00, 0x0F, 0xE1, 0xFF, 0x9C, 0x3C, 0xE0, 0xEE, 0x07, 0x78, 0x1B, 0xC0, 0xDF, 0x06, 0xFC, 0x03, 0xF0,
    0x1F, 0xC0, 0x7F, 0x81, 0xFE, 0x03, 0xF0, 0x0F, 0xC0, 0x3F, 0x00, 0xF8, 0x03, 0xF0, 0x1F, 0x80, 0x7E, 0x03, 0xF0,
    0x1F, 0xC1, 0xFE, 0x0E, 0xFF, 0xE3, 0xFC, 0x01, 0x80, 0x0C, 0x00, 0x60, 0x03, 0xC0, 0x1F, 0x00, 0x3C, 0x00, 0xE3,
    0x87, 0x1C, 0x38, 0x73, 0x81, 0xF8, 0x00, 0x00, 0x00, 0x00, 0x1C, 0x00, 0x63, 0x80, 0x38, 0x78, 0x3C, 0x1F, 0x1E,
    0x03, 0xFF, 0x00, 0x7F, 0x80, 0x0F, 0xE0, 0x01, 0xF0, 0x00, 0x00, 0x00, 0x00, 0x00, 0x00, 0x00, 0x03, 0xF0, 0x03,
    0xFF, 0x81, 0xC3, 0xE0, 0xE0, 0x7C, 0x70, 0x0F, 0x3C, 0x03, 0xCF, 0x00, 0xF3, 0xC0, 0x1C, 0xF0, 0x07, 0x3C, 0x01,
    0xCF, 0x80, 0x33, 0xE0, 0x00, 0x7C, 0x00, 0x1F, 0x80, 0x03, 0xF8, 0x00, 0x7F, 0x00, 0x0F, 0xE0, 0x01, 0xFC, 0x00,
    0x3F, 0x80, 0x07, 0xF0, 0x00, 0x7E, 0x00, 0x0F, 0x80, 0x01, 0xF0, 0x00, 0x7C, 0x00, 0x0F, 0x80, 0x01, 0xEC, 0x00,
    0x7B, 0x00, 0x1E, 0xC0, 0x07, 0xB8, 0x01, 0xEE, 0x00, 0x7B, 0x80, 0x1E, 0xF0, 0x07, 0x3C, 0x03, 0x8F, 0x81, 0xE3,
    0xFF, 0xE0, 0x3F, 0xF0, 0x00, 0x00, 0x00, 0x30, 0x01, 0xDC, 0x01, 0xC7, 0x83, 0xE1, 0xE3, 0xE0, 0x7F, 0xE0, 0x1F,
    0xE0, 0x07, 0xE0, 0x03, 0xE0, 0x00, 0x00, 0x00, 0x00, 0x00, 0x00, 0x00, 0x3F, 0x80, 0x7F, 0xE0, 0x70, 0xF0, 0x38,
    0x38, 0x38, 0x1C, 0x1E, 0x06, 0x0F, 0x03, 0x07, 0xC1, 0x83, 0xF0, 0x00, 0xFC, 0x00, 0x7F, 0x00, 0x1F, 0xE0, 0x07,
    0xF8, 0x00, 0xFC, 0x00, 0x3F, 0x00, 0x0F, 0xC0, 0x03, 0xE0, 0x00, 0xF0, 0xC0, 0x78, 0x60, 0x1C, 0x38, 0x0E, 0x1C,
    0x07, 0x0F, 0x07, 0x87, 0x83, 0x83, 0xFF, 0x80, 0xFF, 0x00, 0x00, 0x00, 0x00, 0x38, 0x00, 0xE0, 0x38, 0x03, 0x80,
    0x3C, 0x1E, 0x00, 0x3C, 0x78, 0x00, 0x3F, 0xF0, 0x00, 0x7F, 0xC0, 0x00, 0x7F, 0x00, 0x00, 0x7C, 0x00, 0x00, 0x00,
    0x00, 0x00, 0x00, 0x00, 0x00, 0x00, 0x07, 0x00, 0x01, 0xCF, 0xFF, 0xFF, 0x9F, 0xFF, 0xFF, 0x3E, 0x3E, 0x3E, 0x70,
    0x7C, 0x1F, 0xE0, 0xF8, 0x3F, 0x81, 0xF0, 0x3F, 0x03, 0xE0, 0x7E, 0x07, 0xC0, 0xFC, 0x0F, 0x80, 0xF0, 0x1F, 0x01,
    0xA0, 0x3E, 0x03, 0x00, 0x7C, 0x00, 0x00, 0xF8, 0x00, 0x01, 0xF0, 0x00, 0x03, 0xE0, 0x00, 0x07, 0xC0, 0x00, 0x0F,
    0x80, 0x00, 0x1F, 0x00, 0x00, 0x3E, 0x00, 0x00, 0x7C, 0x00, 0x00, 0xF8, 0x00, 0x01, 0xF0, 0x00, 0x03, 0xE0, 0x00,
    0x07, 0xC0, 0x00, 0x0F, 0x80, 0x00, 0x1F, 0x00, 0x00, 0x3E, 0x00, 0x00, 0x7C, 0x00, 0x00, 0xF8, 0x00, 0x01, 0xF0,
    0x00, 0x03, 0xE0, 0x00, 0x07, 0xC0, 0x00, 0x0F, 0x80, 0x00, 0x1F, 0x00, 0x01, 0xFF, 0xC0, 0x07, 0xFF, 0xC0, 0x00,
    0x1E, 0x00, 0x3C, 0x00, 0x78, 0x00, 0xF0, 0x01, 0xC0, 0xC3, 0x81, 0x87, 0x07, 0x0E, 0x0E, 0x18, 0x3C, 0x30, 0xF8,
    0x63, 0xF0, 0x8F, 0xFF, 0x0F, 0xFC, 0x07, 0x80, 0x0F, 0x00, 0x1E, 0x00, 0x3C, 0x00, 0x78, 0x00, 0xF0, 0x01, 0xE0,
    0x03, 0xC0, 0x07, 0x80, 0x0F, 0x00, 0x1E, 0x00, 0x3C, 0x00, 0x78, 0x00, 0xF0, 0x01, 0xE0, 0x03, 0xC0, 0x07, 0x86,
    0x0F, 0x0C, 0x1E, 0x30, 0x3C, 0x60, 0x7D, 0xC0, 0xFF, 0x80, 0xFE, 0x00, 0xF8, 0x00, 0x03, 0xFF, 0xF8, 0x00, 0xFF,
    0xFE, 0x00, 0x00, 0x00, 0x00, 0x00, 0x00, 0x00, 0x00, 0x00, 0x00, 0x00, 0x00, 0x00, 0x00, 0x00, 0x00, 0x00, 0x00,
    0x00, 0x00, 0x00, 0x00, 0x00, 0x3F, 0xF8, 0x3F, 0xE7, 0xFC, 0x07, 0xF0, 0x7C, 0x00, 0x70, 0x1F, 0x00, 0x0C, 0x07,
    0xC0, 0x03, 0x01, 0xF0, 0x00, 0xC0, 0x7C, 0x00, 0x30, 0x1F, 0x00, 0x0C, 0x07, 0xC0, 0x03, 0x01, 0xF0, 0x00, 0xC0,
    0x7C, 0x00, 0x30, 0x1F, 0x00, 0x0C, 0x07, 0xC0, 0x03, 0x01, 0xF0, 0x00, 0xC0, 0x7C, 0x00, 0x30, 0x1F, 0x00, 0x0C,
    0x07, 0xC0, 0x03, 0x01, 0xF0, 0x00, 0xC0, 0x7C, 0x00, 0x30, 0x1F, 0x00, 0x0C, 0x07, 0xC0, 0x03, 0x01, 0xF0, 0x00,
    0xC0, 0x7C, 0x00, 0x30, 0x1F, 0x00, 0x0C, 0x07, 0xC0, 0x03, 0x01, 0xF0, 0x00, 0xC0, 0x7C, 0x00, 0x30, 0x1F, 0x00,
    0x0C, 0x07, 0xC0, 0x07, 0x00, 0xF0, 0x01, 0xC0, 0x3C, 0x00, 0x60, 0x07, 0x80, 0x38, 0x01, 0xF0, 0x1C, 0x00, 0x3F,
    0x1F, 0x00, 0x07, 0xFF, 0x00, 0x00, 0x7F, 0x80, 0x00, 0x1F, 0xFF, 0xC0, 0x7F, 0xFF, 0x00, 0x00, 0x00, 0x00, 0x00,
    0x00, 0x00, 0x00, 0x00, 0x00, 0x00, 0x00, 0x00, 0x00, 0x00, 0x00, 0x00, 0xFE, 0x0F, 0xE1, 0xF8, 0x1F, 0x81, 0xE0,
    0x1E, 0x07, 0x80, 0x78, 0x1E, 0x01, 0xE0, 0x78, 0x07, 0x81, 0xE0, 0x1E, 0x07, 0x80, 0x78, 0x1E, 0x01, 0xE0, 0x78,
    0x07, 0x81, 0xE0, 0x1E, 0x07, 0x80, 0x78, 0x1E, 0x01, 0xE0, 0x78, 0x07, 0x81, 0xE0, 0x1E, 0x07, 0x80, 0x78, 0x1E,
    0x01, 0xE0, 0x78, 0x07, 0x81, 0xE0, 0x1E, 0x07, 0x80, 0x78, 0x1E, 0x03, 0xE0, 0x7C, 0x0F, 0xC1, 0xF0, 0x7F, 0xC3,
    0xFF, 0xFF, 0x0F, 0xFD, 0xE0, 0x0F, 0xC3, 0x00, 0x02, 0x00, 0x18, 0x00, 0xC0, 0x06, 0x00, 0x30, 0x03, 0x80, 0x0E,
    0x01, 0xC0, 0x01, 0xE1, 0xF0, 0x00, 0x3F, 0xF8, 0x00, 0x07, 0xFC, 0x00, 0x00, 0xFE, 0x00, 0x00, 0x00, 0x00, 0x00,
    0x00, 0x00, 0x00, 0x00, 0x00, 0x00, 0x00, 0x00, 0x00, 0xFF, 0xE0, 0xFF, 0x9F, 0xF0, 0x1F, 0xC1, 0xF0, 0x01, 0xC0,
    0x7C, 0x00, 0x30, 0x1F, 0x00, 0x0C, 0x07, 0xC0, 0x03, 0x01, 0xF0, 0x00, 0xC0, 0x7C, 0x00, 0x30, 0x1F, 0x00, 0x0C,
    0x07, 0xC0, 0x03, 0x01, 0xF0, 0x00, 0xC0, 0x7C, 0x00, 0x30, 0x1F, 0x00, 0x0C, 0x07, 0xC0, 0x03, 0x01, 0xF0, 0x00,
    0xC0, 0x7C, 0x00, 0x30, 0x1F, 0x00, 0x0C, 0x07, 0xC0, 0x03, 0x01, 0xF0, 0x00, 0xC0, 0x7C, 0x00, 0x30, 0x1F, 0x00,
    0x0C, 0x07, 0xC0, 0x03, 0x01, 0xF0, 0x00, 0xC0, 0x7C, 0x00, 0x30, 0x1F, 0x00, 0x0C, 0x07, 0xC0, 0x03, 0x01, 0xF0,
    0x00, 0xC0, 0x7C, 0x00, 0x30, 0x1F, 0x00, 0x1C, 0x03, 0xC0, 0x07, 0x00, 0xF0, 0x01, 0x80, 0x1E, 0x00, 0xE0, 0x07,
    0xC0, 0x70, 0x00, 0xFC, 0x7C, 0x00, 0x1F, 0xFC, 0x00, 0x01, 0xFE, 0x00, 0x08, 0x00, 0x40, 0x60, 0x03, 0x00, 0xC0,
    0x0C, 0x03, 0x80, 0x70, 0x0F, 0x87, 0x80, 0x1F, 0xFE, 0x00, 0x3F, 0xF0, 0x00, 0x7F, 0x00, 0x00, 0x00, 0x00, 0x00,
    0x00, 0x00, 0x00, 0x00, 0x3F, 0x83, 0xF8, 0x7E, 0x07, 0xE0, 0x78, 0x07, 0x81, 0xE0, 0x1E, 0x07, 0x80, 0x78, 0x1E,
    0x01, 0xE0, 0x78, 0x07, 0x81, 0xE0, 0x1E, 0x07, 0x80, 0x78, 0x1E, 0x01, 0xE0, 0x78, 0x07, 0x81, 0xE0, 0x1E, 0x07,
    0x80, 0x78, 0x1E, 0x01, 0xE0, 0x78, 0x07, 0x81, 0xE0, 0x1E, 0x07, 0x80, 0x78, 0x1E, 0x01, 0xE0, 0x78, 0x07, 0x81,
    0xE0, 0x1E, 0x07, 0x80, 0xF8, 0x1F, 0x03, 0xF0, 0x7C, 0x1F, 0xF0, 0xFF, 0xFF, 0xC3, 0xFF, 0x78, 0x03, 0xF0, 0xC0,
    0x00, 0x00, 0x00, 0x00, 0x0F, 0xC0, 0x00, 0x07, 0xFC, 0x00, 0x03, 0x83, 0x00, 0x00, 0xC0, 0xE0, 0x00, 0x30, 0x18,
    0x00, 0x0C, 0x06, 0x00, 0x03, 0x01, 0x80, 0x00, 0xC0, 0xE0, 0x00, 0x38, 0x30, 0x00, 0x07, 0xBC, 0x00, 0x00, 0xFE,
    0x00, 0x00, 0x0C, 0x00, 0x00, 0x00, 0x00, 0x00, 0x00, 0x00, 0x00, 0x00, 0x00, 0x00, 0xFF, 0xE0, 0xFF, 0x9F, 0xF0,
    0x1F, 0xC1, 0xF0, 0x01, 0xC0, 0x7C, 0x00, 0x30, 0x1F, 0x00, 0x0C, 0x07, 0xC0, 0x03, 0x01, 0xF0, 0x00, 0xC0, 0x7C,
    0x00, 0x30, 0x1F, 0x00, 0x0C, 0x07, 0xC0, 0x03, 0x01, 0xF0, 0x00, 0xC0, 0x7C, 0x00, 0x30, 0x1F, 0x00, 0x0C, 0x07,
    0xC0, 0x03, 0x01, 0xF0, 0x00, 0xC0, 0x7C, 0x00, 0x30, 0x1F, 0x00, 0x0C, 0x07, 0xC0, 0x03, 0x01, 0xF0, 0x00, 0xC0,
    0x7C, 0x00, 0x30, 0x1F, 0x00, 0x0C, 0x07, 0xC0, 0x03, 0x01, 0xF0, 0x00, 0xC0, 0x7C, 0x00, 0x30, 0x1F, 0x00, 0x0C,
    0x07, 0xC0, 0x03, 0x01, 0xF0, 0x00, 0xC0, 0x7C, 0x00, 0x30, 0x1F, 0x00, 0x1C, 0x03, 0xC0, 0x07, 0x00, 0xF0, 0x01,
    0x80, 0x1E, 0x00, 0xE0, 0x07, 0xC0, 0x70, 0x00, 0xFC, 0x7C, 0x00, 0x1F, 0xFC, 0x00, 0x01, 0xFE, 0x00, 0x00, 0x00,
    0x00, 0x03, 0xF0, 0x00, 0x1F, 0xE0, 0x00, 0xE1, 0xC0, 0x07, 0x03, 0x00, 0x18, 0x0C, 0x00, 0x60, 0x38, 0x01, 0x80,
    0xC0, 0x07, 0x03, 0x00, 0x0C, 0x1C, 0x00, 0x3C, 0xE0, 0x00, 0x7F, 0x00, 0x00, 0x30, 0x00, 0x00, 0x00, 0x00, 0x00,
    0x00, 0x3F, 0x83, 0xF8, 0x7E, 0x07, 0xE0, 0x78, 0x07, 0x81, 0xE0, 0x1E, 0x07, 0x80, 0x78, 0x1E, 0x01, 0xE0, 0x78,
    0x07, 0x81, 0xE0, 0x1E, 0x07, 0x80, 0x78, 0x1E, 0x01, 0xE0, 0x78, 0x07, 0x81, 0xE0, 0x1E, 0x07, 0x80, 0x78, 0x1E,
    0x01, 0xE0, 0x78, 0x07, 0x81, 0xE0, 0x1E, 0x07, 0x80, 0x78, 0x1E, 0x01, 0xE0, 0x78, 0x07, 0x81, 0xE0, 0x1E, 0x07,
    0x80, 0xF8, 0x1F, 0x03, 0xF0, 0x7C, 0x1F, 0xF0, 0xFF, 0xFF, 0xC3, 0xFF, 0x78, 0x03, 0xF0, 0xC0, 0x00, 0x1E, 0x3C,
    0x00, 0x0F, 0x8F, 0x00, 0x03, 0xE7, 0xC0, 0x01, 0xF1, 0xF0, 0x00, 0x78, 0xF0, 0x00, 0x3C, 0x78, 0x00, 0x1E, 0x1C,
    0x00, 0x06, 0x06, 0x00, 0x00, 0x00, 0x00, 0x00, 0x00, 0x00, 0x00, 0x00, 0x00, 0x00, 0x00, 0x00, 0x00, 0xFF, 0xE0,
    0xFF, 0x9F, 0xF0, 0x1F, 0xC1, 0xF0, 0x01, 0xC0, 0x7C, 0x00, 0x30, 0x1F, 0x00, 0x0C, 0x07, 0xC0, 0x03, 0x01, 0xF0,
    0x00, 0xC0, 0x7C, 0x00, 0x30, 0x1F, 0x00, 0x0C, 0x07, 0xC0, 0x03, 0x01, 0xF0, 0x00, 0xC0, 0x7C, 0x00, 0x30, 0x1F,
    0x00, 0x0C, 0x07, 0xC0, 0x03, 0x01, 0xF0, 0x00, 0xC0, 0x7C, 0x00, 0x30, 0x1F, 0x00, 0x0C, 0x07, 0xC0, 0x03, 0x01,
    0xF0, 0x00, 0xC0, 0x7C, 0x00, 0x30, 0x1F, 0x00, 0x0C, 0x07, 0xC0, 0x03, 0x01, 0xF0, 0x00, 0xC0, 0x7C, 0x00, 0x30,
    0x1F, 0x00, 0x0C, 0x07, 0xC0, 0x03, 0x01, 0xF0, 0x00, 0xC0, 0x7C, 0x00, 0x30, 0x1F, 0x00, 0x1C, 0x03, 0xC0, 0x07,
    0x00, 0xF0, 0x01, 0x80, 0x1E, 0x00, 0xE0, 0x07, 0xC0, 0x70, 0x00, 0xFC, 0x7C, 0x00, 0x1F, 0xFC, 0x00, 0x01, 0xFE,
    0x00, 0x00, 0xF0, 0xE0, 0x03, 0xC7, 0xC0, 0x1F, 0x1F, 0x00, 0xF8, 0xF8, 0x03, 0xC7, 0xC0, 0x1E, 0x1E, 0x00, 0x70,
    0xF0, 0x01, 0x83, 0x00, 0x00, 0x00, 0x00, 0x00, 0x00, 0x00, 0x00, 0x00, 0x3F, 0x83, 0xF8, 0x7E, 0x07, 0xE0, 0x78,
    0x07, 0x81, 0xE0, 0x1E, 0x07, 0x80, 0x78, 0x1E, 0x01, 0xE0, 0x78, 0x07, 0x81, 0xE0, 0x1E, 0x07, 0x80, 0x78, 0x1E,
    0x01, 0xE0, 0x78, 0x07, 0x81, 0xE0, 0x1E, 0x07, 0x80, 0x78, 0x1E, 0x01, 0xE0, 0x78, 0x07, 0x81, 0xE0, 0x1E, 0x07,
    0x80, 0x78, 0x1E, 0x01, 0xE0, 0x78, 0x07, 0x81, 0xE0, 0x1E, 0x07, 0x80, 0xF8, 0x1F, 0x03, 0xF0, 0x7C, 0x1F, 0xF0,
    0xFF, 0xFF, 0xC3, 0xFF, 0x78, 0x03, 0xF0, 0xC0, 0xFF, 0xE0, 0xFF, 0x9F, 0xF0, 0x1F, 0xC1, 0xF0, 0x01, 0xC0, 0x7C,
    0x00, 0x30, 0x1F, 0x00, 0x0C, 0x07, 0xC0, 0x03, 0x01, 0xF0, 0x00, 0xC0, 0x7C, 0x00, 0x30, 0x1F, 0x00, 0x0C, 0x07,
    0xC0, 0x03, 0x01, 0xF0, 0x00, 0xC0, 0x7C, 0x00, 0x30, 0x1F, 0x00, 0x0C, 0x07, 0xC0, 0x03, 0x01, 0xF0, 0x00, 0xC0,
    0x7C, 0x00, 0x30, 0x1F, 0x00, 0x0C, 0x07, 0xC0, 0x03, 0x01, 0xF0, 0x00, 0xC0, 0x7C, 0x00, 0x30, 0x1F, 0x00, 0x0C,
    0x07, 0xC0, 0x03, 0x01, 0xF0, 0x00, 0xC0, 0x7C, 0x00, 0x30, 0x1F, 0x00, 0x0C, 0x07, 0xC0, 0x03, 0x01, 0xF0, 0x00,
    0xC0, 0x7C, 0x00, 0x30, 0x1F, 0x00, 0x1C, 0x03, 0xC0, 0x07, 0x00, 0xF0, 0x01, 0x80, 0x1E, 0x00, 0xE0, 0x07, 0xC0,
    0x70, 0x00, 0xFC, 0x7C, 0x00, 0x1F, 0xFC, 0x00, 0x01, 0xFE, 0x00, 0x00, 0x03, 0x00, 0x00, 0x03, 0x80, 0x00, 0x01,
    0xC0, 0x00, 0x00, 0xE0, 0x00, 0x00, 0x30, 0x00, 0x00, 0x1C, 0x00, 0x00, 0x07, 0x00, 0x00, 0x01, 0xC0, 0x00, 0x00,
    0x71, 0x80, 0x00, 0x1E, 0xE0, 0x00, 0x03, 0xF0, 0x00, 0x00, 0x30, 0x00, 0xFE, 0x0F, 0xE1, 0xF8, 0x1F, 0x81, 0xE0,
    0x1E, 0x07, 0x80, 0x78, 0x1E, 0x01, 0xE0, 0x78, 0x07, 0x81, 0xE0, 0x1E, 0x07, 0x80, 0x78, 0x1E, 0x01, 0xE0, 0x78,
    0x07, 0x81, 0xE0, 0x1E, 0x07, 0x80, 0x78, 0x1E, 0x01, 0xE0, 0x78, 0x07, 0x81, 0xE0, 0x1E, 0x07, 0x80, 0x78, 0x1E,
    0x01, 0xE0, 0x78, 0x07, 0x81, 0xE0, 0x1E, 0x07, 0x80, 0x78, 0x1E, 0x03, 0xE0, 0x7C, 0x0F, 0xC1, 0xF0, 0x7F, 0xC3,
    0xFF, 0xFF, 0x0F, 0xFD, 0xE0, 0x0F, 0xC3, 0x00, 0x00, 0x18, 0x00, 0x01, 0xC0, 0x00, 0x0E, 0x00, 0x00, 0x70, 0x00,
    0x01, 0x80, 0x00, 0x0E, 0x00, 0x00, 0x38, 0x00, 0x00, 0xE0, 0x00, 0x03, 0x8C, 0x00, 0x0F, 0x70, 0x00, 0x1F, 0x80,
    0x00, 0x18, 0x00, 0x00, 0x00, 0xF0, 0x00, 0x00, 0x00, 0x3F, 0x00, 0x00, 0x00, 0x0F, 0xF0, 0x00, 0x00, 0x03, 0xFF,
    0x00, 0x00, 0x00, 0xF8, 0xF0, 0x00, 0x00, 0x3C, 0x0F, 0x00, 0x00, 0x0F, 0x00, 0x70, 0x00, 0x01, 0xC0, 0x06, 0x00,
    0x00, 0x00, 0x00, 0x00, 0x00, 0x00, 0x00, 0x00, 0x00, 0x00, 0x00, 0x00, 0x00, 0x00, 0x00, 0x00, 0x00, 0x0F, 0xFD,
    0xFF, 0xFF, 0xFE, 0xFF, 0x1F, 0x8F, 0x1F, 0x87, 0xC1, 0xF0, 0xC1, 0xC0, 0xF8, 0x1E, 0x38, 0x38, 0x1F, 0x03, 0xC6,
    0x06, 0x01, 0xE0, 0x78, 0xC0, 0xC0, 0x3C, 0x0F, 0xB8, 0x18, 0x07, 0xC0, 0xF6, 0x07, 0x00, 0xF8, 0x1E, 0xC0, 0xC0,
    0x0F, 0x03, 0xF8, 0x18, 0x01, 0xE0, 0x7E, 0x03, 0x00, 0x3E, 0x07, 0xC0, 0xE0, 0x07, 0xC0, 0xF8, 0x18, 0x00, 0x78,
    0x1F, 0x03, 0x00, 0x0F, 0x03, 0xE0, 0x60, 0x01, 0xF0, 0x7C, 0x1C, 0x00, 0x3E, 0x0F, 0x83, 0x00, 0x03, 0xC1, 0xF0,
    0x60, 0x00, 0x78, 0x3E, 0x1C, 0x00, 0x0F, 0x87, 0xE3, 0x80, 0x01, 0xF1, 0xFC, 0x60, 0x00, 0x1E, 0x37, 0x8C, 0x00,
    0x03, 0xC6, 0xF3, 0x80, 0x00, 0x7D, 0xDF, 0x70, 0x00, 0x0F, 0xB9, 0xEC, 0x00, 0x00, 0xF6, 0x3D, 0x80, 0x00, 0x1E,
    0xC7, 0xF0, 0x00, 0x03, 0xF8, 0xFE, 0x00, 0x00, 0x7E, 0x0F, 0x80, 0x00, 0x07, 0xC1, 0xF0, 0x00, 0x00, 0xF8, 0x3E,
    0x00, 0x00, 0x1F, 0x07, 0xC0, 0x00, 0x03, 0xC0, 0x70, 0x00, 0x00, 0x38, 0x0E, 0x00, 0x00, 0x07, 0x01, 0xC0, 0x00,
    0x00, 0xE0, 0x38, 0x00, 0x00, 0x08, 0x02, 0x00, 0x00, 0x00, 0x03, 0xE0, 0x00, 0x00, 0x07, 0xF0, 0x00, 0x00, 0x0F,
    0xF8, 0x00, 0x00, 0x0F, 0xFC, 0x00, 0x00, 0x1E, 0x3C, 0x00, 0x00, 0x3C, 0x1E, 0x00, 0x00, 0x70, 0x07, 0x00, 0x00,
    0xE0, 0x03, 0x80, 0x00, 0x00, 0x00, 0x00, 0x00, 0x00, 0x00, 0x00, 0x00, 0x00, 0x00, 0x00, 0xFF, 0xCF, 0xFD, 0xFF,
    0x7F, 0x87, 0xF8, 0xFE, 0x1E, 0x03, 0xE0, 0x38, 0x1E, 0x01, 0xE0, 0x38, 0x1F, 0x01, 0xE0, 0x30, 0x0F, 0x01, 0xE0,
    0x30, 0x0F, 0x03, 0xF0, 0x30, 0x0F, 0x03, 0xF0, 0x60, 0x0F, 0x83, 0xF0, 0x60, 0x07, 0x83, 0xF0, 0x60, 0x07, 0x87,
    0xF8, 0xE0, 0x07, 0x86, 0x78, 0xC0, 0x03, 0xC6, 0x78, 0xC0, 0x03, 0xC6, 0x78, 0xC0, 0x03, 0xCC, 0x79, 0xC0, 0x03,
    0xEC, 0x3D, 0x80, 0x01, 0xEC, 0x3D, 0x80, 0x01, 0xFC, 0x3F, 0x80, 0x01, 0xF8, 0x3F, 0x00, 0x00, 0xF8, 0x1F, 0x00,
    0x00, 0xF8, 0x1F, 0x00, 0x00, 0xF8, 0x1F, 0x00, 0x00, 0xF0, 0x1E, 0x00, 0x00, 0x70, 0x0E, 0x00, 0x00, 0x70, 0x0E,
    0x00, 0x00, 0x60, 0x0C, 0x00, 0x00, 0x0F, 0x00, 0x00, 0x07, 0xE0, 0x00, 0x03, 0xFC, 0x00, 0x01, 0xFF, 0x80, 0x00,
    0xF9, 0xF0, 0x00, 0x78, 0x1E, 0x00, 0x3C, 0x03, 0xC0, 0x0C, 0x00, 0x30, 0x00, 0x00, 0x00, 0x00, 0x00, 0x00, 0x00,
    0x00, 0x00, 0x00, 0x00, 0x00, 0x00, 0xFF, 0xC0, 0x7F, 0xDF, 0xF0, 0x0F, 0xE1, 0xE0, 0x00, 0xE0, 0x7C, 0x00, 0x38,
    0x0F, 0x00, 0x0C, 0x03, 0xE0, 0x07, 0x00, 0x78, 0x01, 0x80, 0x1F, 0x00, 0xE0, 0x07, 0xC0, 0x30, 0x00, 0xF8, 0x1C,
    0x00, 0x3E, 0x06, 0x00, 0x07, 0x83, 0x80, 0x01, 0xF0, 0xC0, 0x00, 0x3C, 0x70, 0x00, 0x0F, 0x98, 0x00, 0x01, 0xE6,
    0x00, 0x00, 0x7F, 0x00, 0x00, 0x0F, 0xC0, 0x00, 0x03, 0xE0, 0x00, 0x00, 0x78, 0x00, 0x00, 0x1E, 0x00, 0x00, 0x07,
    0x80, 0x00, 0x01, 0xE0, 0x00, 0x00, 0x78, 0x00, 0x00, 0x1E, 0x00, 0x00, 0x07, 0x80, 0x00, 0x01, 0xE0, 0x00, 0x00,
    0x78, 0x00, 0x00, 0x1E, 0x00, 0x00, 0x07, 0x80, 0x00, 0x01, 0xE0, 0x00, 0x00, 0x78, 0x00, 0x00, 0x1E, 0x00, 0x00,
    0x07, 0x80, 0x00, 0x1F, 0xFE, 0x00, 0x0F, 0xFF, 0xC0, 0x00, 0x78, 0x00, 0x03, 0xF0, 0x00, 0x1F, 0xE0, 0x00, 0xFF,
    0xC0, 0x07, 0xCF, 0x80, 0x3C, 0x0F, 0x01, 0xE0, 0x1E, 0x06, 0x00, 0x18, 0x00, 0x00, 0x00, 0x00, 0x00, 0x00, 0x00,
    0x00, 0x3F, 0xF1, 0xFF, 0x7F, 0x83, 0xF8, 0x78, 0x03, 0x81, 0xE0, 0x0E, 0x07, 0xC0, 0x38, 0x0F, 0x00, 0xC0, 0x3C,
    0x03, 0x00, 0xF8, 0x1C, 0x01, 0xE0, 0x60, 0x07, 0x81, 0x80, 0x1E, 0x0E, 0x00, 0x3C, 0x30, 0x00, 0xF0, 0xC0, 0x03,
    0xC7, 0x00, 0x0F, 0x98, 0x00, 0x1E, 0x60, 0x00, 0x79, 0x80, 0x01, 0xFC, 0x00, 0x03, 0xF0, 0x00, 0x0F, 0xC0, 0x00,
    0x3E, 0x00, 0x00, 0x78, 0x00, 0x01, 0xE0, 0x00, 0x07, 0x00, 0x00, 0x1C, 0x00, 0x00, 0x70, 0x00, 0x01, 0xC0, 0x00,
    0x06, 0x00, 0x00, 0x18, 0x00, 0x00, 0x60, 0x00, 0x03, 0x00, 0x03, 0xCC, 0x00, 0x0F, 0x60, 0x00, 0x3F, 0x80, 0x00,
    0xFC, 0x00, 0x01, 0xF0, 0x00, 0x00, 0x01, 0xE0, 0x78, 0x00, 0x7C, 0x3E, 0x00, 0x3F, 0x0F, 0x80, 0x07, 0xC3, 0xE0,
    0x01, 0xE0, 0x78, 0x00, 0x00, 0x00, 0x00, 0x00, 0x00, 0x00, 0x00, 0x00, 0x00, 0x00, 0x00, 0x00, 0x00, 0x00, 0x00,
    0x0F, 0xFC, 0x07, 0xFD, 0xFF, 0x00, 0xFE, 0x1E, 0x00, 0x0E, 0x07, 0xC0, 0x03, 0x80, 0xF0, 0x00, 0xC0, 0x3E, 0x00,
    0x70, 0x07, 0x80, 0x18, 0x01, 0xF0, 0x0E, 0x00, 0x7C, 0x03, 0x00, 0x0F, 0x81, 0xC0, 0x03, 0xE0, 0x60, 0x00, 0x78,
    0x38, 0x00, 0x1F, 0x0C, 0x00, 0x03, 0xC7, 0x00, 0x00, 0xF9, 0x80, 0x00, 0x1E, 0x60, 0x00, 0x07, 0xF0, 0x00, 0x00,
    0xFC, 0x00, 0x00, 0x3E, 0x00, 0x00, 0x07, 0x80, 0x00, 0x01, 0xE0, 0x00, 0x00, 0x78, 0x00, 0x00, 0x1E, 0x00, 0x00,
    0x07, 0x80, 0x00, 0x01, 0xE0, 0x00, 0x00, 0x78, 0x00, 0x00, 0x1E, 0x00, 0x00, 0x07, 0x80, 0x00, 0x01, 0xE0, 0x00,
    0x00, 0x78, 0x00, 0x00, 0x1E, 0x00, 0x00, 0x07, 0x80, 0x00, 0x01, 0xE0, 0x00, 0x00, 0x78, 0x00, 0x01, 0xFF, 0xE0,
    0x00, 0xFF, 0xFC, 0x00, 0x00, 0x07, 0x80, 0x00, 0x7E, 0x00, 0x07, 0xF0, 0x00, 0x7F, 0x00, 0x0F, 0xE0, 0x00, 0xFC,
    0x00, 0x0F, 0x80, 0x00, 0x60, 0x00, 0x00, 0x00, 0x00, 0x00, 0x00, 0x00, 0x00, 0x00, 0x38, 0x00, 0x03, 0xFF, 0xFF,
    0x1F, 0xFF, 0xF8, 0xF8, 0x07, 0xC7, 0x80, 0x3C, 0x38, 0x03, 0xE1, 0xC0, 0x1E, 0x0E, 0x01, 0xF0, 0x60, 0x0F, 0x03,
    0x00, 0xF8, 0x18, 0x07, 0x80, 0x00, 0x7C, 0x00, 0x03, 0xE0, 0x00, 0x1E, 0x00, 0x01, 0xF0, 0x00, 0x0F, 0x00, 0x00,
    0xF8, 0x00, 0x07, 0x80, 0x00, 0x7C, 0x00, 0x03, 0xC0, 0x00, 0x3E, 0x00, 0x01, 0xF0, 0x00, 0x0F, 0x00, 0x00, 0xF8,
    0x00, 0x07, 0x80, 0x00, 0x7C, 0x01, 0x03, 0xC0, 0x18, 0x3E, 0x00, 0xC1, 0xE0, 0x06, 0x1F, 0x00, 0x30, 0xF8, 0x03,
    0x8F, 0x80, 0x1C, 0x7C, 0x00, 0xE3, 0xC0, 0x0F, 0x3E, 0x00, 0xF9, 0xFF, 0xFF, 0xCF, 0xFF, 0xFE, 0x00, 0x0F, 0x00,
    0x07, 0xC0, 0x07, 0xF0, 0x03, 0xF8, 0x01, 0xF8, 0x01, 0xF8, 0x00, 0xF8, 0x00, 0x38, 0x00, 0x00, 0x00, 0x00, 0x00,
    0x01, 0x80, 0x00, 0x7F, 0xFE, 0x3F, 0xFF, 0x8F, 0x03, 0xC3, 0x81, 0xF0, 0xE0, 0x78, 0x30, 0x3E, 0x0C, 0x0F, 0x02,
    0x07, 0xC0, 0x01, 0xE0, 0x00, 0xF8, 0x00, 0x3C, 0x00, 0x1F, 0x00, 0x07, 0x80, 0x03, 0xE0, 0x00, 0xF0, 0x00, 0x7C,
    0x00, 0x1E, 0x00, 0x0F, 0x81, 0x83, 0xC0, 0x61, 0xF0, 0x38, 0x78, 0x0E, 0x3E, 0x03, 0x8F, 0x01, 0xC7, 0xC0, 0xF1,
    0xFF, 0xFC, 0xFF, 0xFF, 0x00, 0x00, 0x3C, 0x00, 0x03, 0xE0, 0x00, 0x1F, 0x00, 0x00, 0xF8, 0x00, 0x03, 0xC0, 0x00,
    0x00, 0x00, 0x00, 0x00, 0x00, 0x00, 0x00, 0x00, 0x00, 0x00, 0xE0, 0x00, 0x0F, 0xFF, 0xFC, 0x7F, 0xFF, 0xE3, 0xE0,
    0x1F, 0x1E, 0x00, 0xF0, 0xE0, 0x0F, 0x87, 0x00, 0x78, 0x38, 0x07, 0xC1, 0x80, 0x3C, 0x0C, 0x03, 0xE0, 0x60, 0x1E,
    0x00, 0x01, 0xF0, 0x00, 0x0F, 0x80, 0x00, 0x78, 0x00, 0x07, 0xC0, 0x00, 0x3C, 0x00, 0x03, 0xE0, 0x00, 0x1E, 0x00,
    0x01, 0xF0, 0x00, 0x0F, 0x00, 0x00, 0xF8, 0x00, 0x07, 0xC0, 0x00, 0x3C, 0x00, 0x03, 0xE0, 0x00, 0x1E, 0x00, 0x01,
    0xF0, 0x04, 0x0F, 0x00, 0x60, 0xF8, 0x03, 0x07, 0x80, 0x18, 0x7C, 0x00, 0xC3, 0xE0, 0x0E, 0x3E, 0x00, 0x71, 0xF0,
    0x03, 0x8F, 0x00, 0x3C, 0xF8, 0x03, 0xE7, 0xFF, 0xFF, 0x3F, 0xFF, 0xF8, 0x00, 0xF0, 0x00, 0x7E, 0x00, 0x1F, 0x80,
    0x03, 0xE0, 0x00, 0xF0, 0x00, 0x00, 0x00, 0x00, 0x00, 0x00, 0x00, 0x18, 0x00, 0x07, 0xFF, 0xE3, 0xFF, 0xF8, 0xF0,
    0x3C, 0x38, 0x1F, 0x0E, 0x07, 0x83, 0x03, 0xE0, 0xC0, 0xF0, 0x20, 0x7C, 0x00, 0x1E, 0x00, 0x0F, 0x80, 0x03, 0xC0,
    0x01, 0xF0, 0x00, 0x78, 0x00, 0x3E, 0x00, 0x0F, 0x00, 0x07, 0xC0, 0x01, 0xE0, 0x00, 0xF8, 0x18, 0x3C, 0x06, 0x1F,
    0x03, 0x87, 0x80, 0xE3, 0xE0, 0x38, 0xF0, 0x1C, 0x7C, 0x0F, 0x1F, 0xFF, 0xCF, 0xFF, 0xF0, 0x00, 0x00, 0x00, 0x60,
    0x03, 0x83, 0x80, 0x38, 0x0F, 0x07, 0xC0, 0x3C, 0x7C, 0x00, 0xFF, 0xC0, 0x03, 0xFC, 0x00, 0x0F, 0xC0, 0x00, 0x7C,
    0x00, 0x00, 0x00, 0x00, 0x00, 0x00, 0x00, 0x00, 0x01, 0xC0, 0x00, 0x1F, 0xFF, 0xF8, 0xFF, 0xFF, 0xC7, 0xC0, 0x3E,
    0x3C, 0x01, 0xE1, 0xC0, 0x1F, 0x0E, 0x00, 0xF0, 0x70, 0x0F, 0x83, 0x00, 0x78, 0x18, 0x07, 0xC0, 0xC0, 0x3C, 0x00,
    0x03, 0xE0, 0x00, 0x1F, 0x00, 0x00, 0xF0, 0x00, 0x0F, 0x80, 0x00, 0x78, 0x00, 0x07, 0xC0, 0x00, 0x3C, 0x00, 0x03,
    0xE0, 0x00, 0x1E, 0x00, 0x01, 0xF0, 0x00, 0x0F, 0x80, 0x00, 0x78, 0x00, 0x07, 0xC0, 0x00, 0x3C, 0x00, 0x03, 0xE0,
    0x08, 0x1E, 0x00, 0xC1, 0xF0, 0x06, 0x0F, 0x00, 0x30, 0xF8, 0x01, 0x87, 0xC0, 0x1C, 0x7C, 0x00, 0xE3, 0xE0, 0x07,
    0x1E, 0x00, 0x79, 0xF0, 0x07, 0xCF, 0xFF, 0xFE, 0x7F, 0xFF, 0xF0, 0x00, 0x00, 0x06, 0x00, 0x18, 0xF0, 0x0F, 0x0F,
    0x03, 0xC0, 0xF9, 0xF0, 0x0F, 0xFC, 0x00, 0xFF, 0x00, 0x0F, 0xC0, 0x00, 0xF0, 0x00, 0x00, 0x00, 0x00, 0x00, 0x0C,
    0x00, 0x01, 0xFF, 0xF8, 0x7F, 0xFF, 0x0F, 0x03, 0xC1, 0xC0, 0xF8, 0x38, 0x1E, 0x06, 0x07, 0xC0, 0xC0, 0xF0, 0x10,
    0x3E, 0x00, 0x07, 0x80, 0x01, 0xF0, 0x00, 0x3C, 0x00, 0x0F, 0x80, 0x01, 0xE0, 0x00, 0x7C, 0x00, 0x0F, 0x00, 0x03,
    0xE0, 0x00, 0x78, 0x00, 0x1F, 0x03, 0x03, 0xC0, 0x60, 0xF8, 0x1C, 0x1E, 0x03, 0x87, 0xC0, 0x70, 0xF0, 0x1C, 0x3E,
    0x07, 0x87, 0xFF, 0xF1, 0xFF, 0xFE, 0x00, 0x00, 0x00, 0x00, 0x07, 0x00, 0x18, 0x01, 0xC0, 0x1C, 0x00, 0x78, 0x3C,
    0x00, 0x3E, 0x3C, 0x00, 0x0F, 0xFC, 0x00, 0x03, 0xFC, 0x00, 0x00, 0xFE, 0x00, 0x00, 0x3E, 0x00, 0x00, 0x00, 0x00,
    0x00, 0x00, 0x00, 0x00, 0x00, 0x00, 0x00, 0x00, 0x80, 0x00, 0x00, 0xE0, 0x00, 0x00, 0x70, 0x00, 0x00, 0x38, 0x00,
    0x00, 0x3C, 0x00, 0x00, 0x1F, 0x00, 0x00, 0x0F, 0x80, 0x00, 0x07, 0xC0, 0x00, 0x07, 0xE0, 0x00, 0x03, 0xF8, 0x00,
    0x01, 0xBC, 0x00, 0x00, 0xDE, 0x00, 0x00, 0x6F, 0x00, 0x00, 0x77, 0xC0, 0x00, 0x31, 0xE0, 0x00, 0x18, 0xF0, 0x00,
    0x0C, 0x78, 0x00, 0x0E, 0x3E, 0x00, 0x06, 0x0F, 0x00, 0x03, 0x07, 0x80, 0x01, 0x83, 0xC0, 0x01, 0xC1, 0xF0, 0x00,
    0xE0, 0xF8, 0x00, 0x7F, 0xFC, 0x00, 0x3F, 0xFE, 0x00, 0x38, 0x0F, 0x80, 0x18, 0x03, 0xC0, 0x0C, 0x01, 0xE0, 0x06,
    0x00, 0xF0, 0x07, 0x00, 0x7C, 0x03, 0x00, 0x1E, 0x01, 0x80, 0x0F, 0x00, 0xC0, 0x07, 0x80, 0xE0, 0x03, 0xE0, 0x70,
    0x01, 0xF0, 0xFE, 0x03, 0xFE, 0xFF, 0x83, 0xFF, 0x80, 0x00, 0x00, 0x0C, 0x00, 0x31, 0xE0, 0x1E, 0x1E, 0x07, 0x81,
    0xF3, 0xE0, 0x1F, 0xF8, 0x01, 0xFE, 0x00, 0x1F, 0x80, 0x01, 0xE0, 0x00, 0x00, 0x00, 0x00, 0x00, 0x00, 0x00, 0x00,
    0x3F, 0x80, 0x1F, 0xF8, 0x07, 0x8F, 0x01, 0xE0, 0xF0, 0x78, 0x1E, 0x0F, 0x03, 0xC3, 0xE0, 0x78, 0x7C, 0x0F, 0x0F,
    0x01, 0xE0, 0x80, 0x3C, 0x00, 0x07, 0x80, 0x03, 0xF0, 0x01, 0xFE, 0x00, 0xF3, 0xC0, 0x38, 0x78, 0x1E, 0x0F, 0x03,
    0x81, 0xE0, 0xF0, 0x3C, 0x3C, 0x07, 0x9F, 0x81, 0xF3, 0xF0, 0x3E, 0x7E, 0x07, 0xCF, 0xE1, 0xFB, 0xFF, 0xE7, 0xE7,
    0xF8, 0xFC, 0x7E, 0x0F, 0x00, 0x03, 0xF0, 0x07, 0xFF, 0x07, 0x0F, 0x87, 0x03, 0xE7, 0x00, 0xF7, 0x80, 0x7B, 0xC0,
    0x3D, 0xE0, 0x0E, 0xF0, 0x07, 0x78, 0x03, 0xBE, 0x00, 0xDF, 0x00, 0x07, 0xC0, 0x03, 0xF0, 0x00, 0xFE, 0x00, 0x3F,
    0x80, 0x0F, 0xE0, 0x03, 0xF8, 0x00, 0xFE, 0x00, 0x3F, 0x80, 0x07, 0xE0, 0x01, 0xF0, 0x00, 0x7C, 0x00, 0x3E, 0x00,
    0x0F, 0x80, 0x03, 0xF0, 0x01, 0xF8, 0x00, 0xFC, 0x00, 0x7F, 0x00, 0x3F, 0x80, 0x1F, 0xC0, 0x0F, 0xF0, 0x07, 0x78,
    0x07, 0x3E, 0x07, 0x9F, 0xFF, 0x03, 0xFF, 0x00, 0x00, 0x00, 0x00, 0x00, 0x00, 0x00, 0x01, 0xC0, 0x01, 0xF0, 0x00,
    0xF8, 0x00, 0x7E, 0x00, 0x1F, 0x00, 0x07, 0x00, 0x03, 0x80, 0x01, 0xC0, 0x00, 0xC0, 0x00, 0xC0, 0x00, 0xE0, 0x00,
    0xE0, 0x00, 0x00, 0x00, 0x0F, 0xE1, 0xFF, 0x9C, 0x3C, 0xE0, 0xEE, 0x07, 0x78, 0x1B, 0xC0, 0xDF, 0x06, 0xFC, 0x03,
    0xF0, 0x1F, 0xC0, 0x7F, 0x81, 0xFE, 0x03, 0xF0, 0x0F, 0xC0, 0x3F, 0x00, 0xF8, 0x03, 0xF0, 0x1F, 0x80, 0x7E, 0x03,
    0xF0, 0x1F, 0xC1, 0xFE, 0x0E, 0xFF, 0xE3, 0xFC, 0x00, 0x00, 0x00, 0x00, 0x00, 0x07, 0x80, 0x3E, 0x01, 0xF0, 0x0F,
    0x80, 0x3C, 0x00, 0xE0, 0x07, 0x00, 0x30, 0x03, 0x80, 0x18, 0x01, 0x80, 0x18, 0x00, 0x00, 0x00, 0x70, 0x00, 0x1C,
    0xFF, 0xFF, 0xF9, 0xFF, 0xFF, 0xF3, 0xE3, 0xE3, 0xE7, 0x07, 0xC1, 0xFE, 0x0F, 0x83, 0xF8, 0x1F, 0x03, 0xF0, 0x3E,
    0x07, 0xE0, 0x7C, 0x0F, 0xC0, 0xF8, 0x0F, 0x01, 0xF0, 0x1A, 0x03, 0xE0, 0x30, 0x07, 0xC0, 0x00, 0x0F, 0x80, 0x00,
    0x1F, 0x00, 0x00, 0x3E, 0x00, 0x00, 0x7C, 0x00, 0x00, 0xF8, 0x00, 0x01, 0xF0, 0x00, 0x03, 0xE0, 0x00, 0x07, 0xC0,
    0x00, 0x0F, 0x80, 0x00, 0x1F, 0x00, 0x00, 0x3E, 0x00, 0x00, 0x7C, 0x00, 0x00, 0xF8, 0x00, 0x01, 0xF0, 0x00, 0x03,
    0xE0, 0x00, 0x07, 0xC0, 0x00, 0x0F, 0x80, 0x00, 0x1F, 0x00, 0x00, 0x3E, 0x00, 0x00, 0x7C, 0x00, 0x00, 0xF8, 0x00,
    0x01, 0xF0, 0x00, 0x1F, 0xFC, 0x00, 0x7F, 0xFC, 0x00, 0x00, 0x00, 0x00, 0x00, 0x00, 0x00, 0x00, 0x00, 0x00, 0x3C,
    0x00, 0x00, 0xF8, 0x00, 0x01, 0xF8, 0x00, 0x03, 0xF0, 0x00, 0x03, 0xE0, 0x00, 0x03, 0x80, 0x00, 0x07, 0x00, 0x00,
    0x0E, 0x00, 0x00, 0x18, 0x00, 0x00, 0x70, 0x00, 0x01, 0xC0, 0x00, 0x03, 0x00, 0x00, 0x00, 0x00, 0x00, 0x06, 0x00,
    0x30, 0x03, 0x80, 0x1C, 0x01, 0xE0, 0x1F, 0x01, 0xF8, 0x1F, 0xFE, 0x7F, 0xE0, 0xF0, 0x07, 0x80, 0x3C, 0x01, 0xE0,
    0x0F, 0x00, 0x78, 0x03, 0xC0, 0x1E, 0x00, 0xF0, 0x07, 0x80, 0x3C, 0x01, 0xE0, 0x0F, 0x00, 0x78, 0x03, 0xC0, 0x1E,
    0x00, 0xF0, 0xC7, 0x86, 0x3C, 0x61, 0xE3, 0x0F, 0xB8, 0x7F, 0xC1, 0xFC, 0x07, 0xC0, 0x00, 0x00, 0x00, 0x00, 0x00,
    0x3C, 0x03, 0xE0, 0x1F, 0x00, 0xFC, 0x03, 0xE0, 0x0E, 0x00, 0x70, 0x03, 0x80, 0x18, 0x01, 0xC0, 0x1C, 0x01, 0xC0,
    0x00, 0x00, 0xF0, 0x0F, 0x80, 0xFE, 0x07, 0xF0, 0x1F, 0x80, 0x7E, 0x01, 0xF0, 0x07, 0x00, 0x00, 0x00, 0x78, 0x0F,
    0xC0, 0xFE, 0x0F, 0xE1, 0xFC, 0x1F, 0x81, 0xF0, 0x0E, 0x00, 0x00, 0x00, 0x01, 0xE0, 0x01, 0xF8, 0x01, 0xFE, 0x01,
    0xFF, 0x81, 0xE3, 0xE1, 0xE0, 0x79, 0xE0, 0x1E, 0xC0, 0x03, 0x00, 0x00, 0x00, 0x3F, 0x01, 0xBF, 0xC1, 0xDF, 0xF9,
    0xDC, 0x7F, 0xEC, 0x1F, 0xE6, 0x03, 0xE0, 0xFF, 0xFF, 0xFF, 0xFC, 0x40, 0x02, 0x60, 0x03, 0x60, 0x06, 0x70, 0x0E,
    0x3C, 0x3E, 0x3F, 0xFC, 0x1F, 0xF8, 0x07, 0xF0, 0xFF, 0xFF, 0xFF, 0x00, 0xF0, 0x3D, 0xF0, 0xFF, 0xE1, 0xFF, 0xC3,
    0xFF, 0x03, 0xC0, 0x00, 0x07, 0xE1, 0xFF, 0x70, 0x6C, 0x0F, 0x80, 0xF0, 0x1E, 0x03, 0xC0, 0xFC, 0x19, 0xEF, 0x1F,
    0xC0, 0xC0, 0x0E, 0x1E, 0x3E, 0x7C, 0xF8, 0xF9, 0xF3, 0xE7, 0xC7, 0x8E, 0x1E, 0x38, 0x38, 0x60, 0x60, 0x00, 0x00,
    0x30, 0x00, 0xDE, 0x01, 0xE7, 0x81, 0xE1, 0xE3, 0xE0, 0x7F, 0xE0, 0x1F, 0xE0, 0x07, 0xE0, 0x01, 0xE0, 0x00, 0x00,
    0x31, 0x8C, 0x73, 0x8E, 0x38, 0xF3, 0xEF, 0xBE, 0x78, 0x3C, 0xF9, 0xFB, 0xF3, 0xE3, 0xC7, 0x0E, 0x18, 0x71, 0xC3,
    0x00, 0x00, 0x0C, 0x03, 0x00, 0xC0, 0x60, 0x1F, 0x03, 0xE0, 0x38, 0x0E, 0xC3, 0xB8, 0xEF, 0x79, 0xFC, 0x00, 0x00,
    0x06, 0x1C, 0x38, 0x70, 0x60, 0xE0, 0xE0, 0xE0, 0xE3, 0xF7, 0x7E, 0x18, 0x00, 0xF0, 0x00, 0x00, 0x3E, 0x00, 0x00,
    0x0F, 0xE0, 0x00, 0x01, 0xFC, 0x00, 0x00, 0x1F, 0x80, 0x00, 0x01, 0xF8, 0x00, 0x00, 0x1F, 0x00, 0x00, 0x01, 0xC0,
    0x00, 0x00, 0x00, 0x00, 0x00, 0x00, 0x00, 0x00, 0x00, 0x00, 0x00, 0x00, 0x00, 0xFF, 0xC0, 0x7F, 0xDF, 0xF0, 0x0F,
    0xE1, 0xE0, 0x00, 0xE0, 0x7C, 0x00, 0x38, 0x0F, 0x00, 0x0C, 0x03, 0xE0, 0x07, 0x00, 0x78, 0x01, 0x80, 0x1F, 0x00,
    0xE0, 0x07, 0xC0, 0x30, 0x00, 0xF8, 0x1C, 0x00, 0x3E, 0x06, 0x00, 0x07, 0x83, 0x80, 0x01, 0xF0, 0xC0, 0x00, 0x3C,
    0x70, 0x00, 0x0F, 0x98, 0x00, 0x01, 0xE6, 0x00, 0x00, 0x7F, 0x00, 0x00, 0x0F, 0xC0, 0x00, 0x03, 0xE0, 0x00, 0x00,
    0x78, 0x00, 0x00, 0x1E, 0x00, 0x00, 0x07, 0x80, 0x00, 0x01, 0xE0, 0x00, 0x00, 0x78, 0x00, 0x00, 0x1E, 0x00, 0x00,
    0x07, 0x80, 0x00, 0x01, 0xE0, 0x00, 0x00, 0x78, 0x00, 0x00, 0x1E, 0x00, 0x00, 0x07, 0x80, 0x00, 0x01, 0xE0, 0x00,
    0x00, 0x78, 0x00, 0x00, 0x1E, 0x00, 0x00, 0x07, 0x80, 0x00, 0x1F, 0xFE, 0x00, 0x0F, 0xFF, 0xC0, 0x07, 0x80, 0x00,
    0x1F, 0x80, 0x00, 0x7F, 0x00, 0x00, 0xFE, 0x00, 0x00, 0xFC, 0x00, 0x00, 0xFC, 0x00, 0x00, 0xF8, 0x00, 0x00, 0xE0,
    0x00, 0x00, 0x00, 0x00, 0x00, 0x00, 0x00, 0x00, 0x3F, 0xF1, 0xFF, 0x7F, 0x83, 0xF8, 0x78, 0x03, 0x81, 0xE0, 0x0E,
    0x07, 0xC0, 0x38, 0x0F, 0x00, 0xC0, 0x3C, 0x03, 0x00, 0xF8, 0x1C, 0x01, 0xE0, 0x60, 0x07, 0x81, 0x80, 0x1E, 0x0E,
    0x00, 0x3C, 0x30, 0x00, 0xF0, 0xC0, 0x03, 0xC7, 0x00, 0x0F, 0x98, 0x00, 0x1E, 0x60, 0x00, 0x79, 0x80, 0x01, 0xFC,
    0x00, 0x03, 0xF0, 0x00, 0x0F, 0xC0, 0x00, 0x3E, 0x00, 0x00, 0x78, 0x00, 0x01, 0xE0, 0x00, 0x07, 0x00, 0x00, 0x1C,
    0x00, 0x00, 0x70, 0x00, 0x01, 0xC0, 0x00, 0x06, 0x00, 0x00, 0x18, 0x00, 0x00, 0x60, 0x00, 0x03, 0x00, 0x03, 0xCC,
    0x00, 0x0F, 0x60, 0x00, 0x3F, 0x80, 0x00, 0xFC, 0x00, 0x01, 0xF0, 0x00, 0x00, 0x00, 0x00, 0x3F, 0xFF, 0xFF, 0xFF,
    0xF8, 0x00, 0x00, 0x00, 0x0F, 0xFF, 0xFF, 0xFF, 0xFF, 0xFF, 0xFF, 0xF0, 0x04, 0x73, 0x9C, 0x63, 0x8E, 0x3C, 0xFB,
    0xFF, 0xDE, 0x38, 0xF9, 0xF3, 0xE7, 0xC3, 0x87, 0x0E, 0x18, 0x71, 0xC6, 0x00, 0x00, 0x38, 0xF9, 0xF3, 0xE7, 0xC3,
    0x87, 0x0E, 0x18, 0x71, 0xC6, 0x00, 0x00, 0x04, 0x08, 0x70, 0x63, 0x83, 0x1C, 0x18, 0x60, 0xE3, 0x83, 0x8E, 0x0E,
    0x3C, 0x7C, 0xF9, 0xFB, 0xF7, 0xEF, 0xCF, 0x9E, 0x3C, 0x38, 0x31, 0xF3, 0xE7, 0xCF, 0xDF, 0x3F, 0x7C, 0x7C, 0x70,
    0xF1, 0xC1, 0xC7, 0x06, 0x18, 0x38, 0xE1, 0xC7, 0x0E, 0x30, 0x30, 0x00, 0x00, 0x38, 0x31, 0xF3, 0xE7, 0xCF, 0xDF,
    0x3F, 0x7C, 0x7C, 0x70, 0xF1, 0xC1, 0xC7, 0x06, 0x18, 0x38, 0xE1, 0xC7, 0x0E, 0x30, 0x30, 0x00, 0x00, 0x3E, 0x3F,
    0xBF, 0xFF, 0xFF, 0xFF, 0xFD, 0xFC, 0x7C, 0x78, 0x78, 0x79, 0xF1, 0xF1, 0xFF, 0xCF, 0xCF, 0xDF, 0x1F, 0x1F, 0x78,
    0x78, 0x78, 0x07, 0x80, 0x00, 0x00, 0x00, 0xFE, 0x00, 0x0C, 0x00, 0x0E, 0x38, 0x00, 0xE0, 0x00, 0xF0, 0xE0, 0x06,
    0x00, 0x07, 0x07, 0x00, 0x70, 0x00, 0x38, 0x1C, 0x03, 0x00, 0x03, 0xC0, 0xE0, 0x38, 0x00, 0x1E, 0x07, 0x03, 0x80,
    0x00, 0xF0, 0x38, 0x18, 0x00, 0x07, 0x81, 0xC1, 0xC0, 0x00, 0x3C, 0x0E, 0x0C, 0x00, 0x01, 0xE0, 0x70, 0xE0, 0x00,
    0x07, 0x07, 0x8E, 0x00, 0x00, 0x38, 0x38, 0x60, 0x00, 0x00, 0xE1, 0xC7, 0x00, 0x00, 0x07, 0xBC, 0x30, 0x00, 0x00,
    0x1F, 0xC3, 0x80, 0x00, 0x00, 0x18, 0x38, 0x00, 0x00, 0x00, 0x01, 0x80, 0x00, 0x00, 0x00, 0x1C, 0x7C, 0x3F, 0x00,
    0x00, 0xC7, 0xF3, 0xFC, 0x00, 0x0E, 0x70, 0xD8, 0x70, 0x00, 0xE7, 0x07, 0xC3, 0x80, 0x06, 0x38, 0x3C, 0x0E, 0x00,
    0x71, 0xC0, 0xE0, 0x70, 0x03, 0x1E, 0x07, 0x03, 0x80, 0x38, 0xF0, 0x38, 0x1C, 0x03, 0x87, 0x81, 0xC0, 0xF0, 0x18,
    0x3C, 0x0E, 0x07, 0x81, 0xC1, 0xE0, 0x70, 0x38, 0x0C, 0x0F, 0x03, 0x81, 0xC0, 0xE0, 0x38, 0x1C, 0x0E, 0x0E, 0x01,
    0xC1, 0xE0, 0x70, 0x60, 0x0E, 0x0F, 0x87, 0x07, 0x00, 0x38, 0x6C, 0x38, 0x30, 0x00, 0xFF, 0x7F, 0x83, 0x80, 0x03,
    0xE1, 0xF8, 0x00, 0x03, 0x07, 0x06, 0x0E, 0x1C, 0x1C, 0x38, 0x78, 0x78, 0xF0, 0x78, 0x38, 0x3C, 0x1C, 0x0E, 0x0E,
    0x07, 0x03, 0x40, 0xE0, 0x60, 0x70, 0x38, 0x38, 0x1C, 0x1E, 0x0F, 0x0F, 0x1E, 0x1E, 0x3C, 0x38, 0x30, 0x70, 0x60,
    0xC0, 0x00, 0x07, 0xE0, 0x00, 0x3F, 0xF8, 0x00, 0xF1, 0xF0, 0x03, 0x81, 0xF0, 0x0F, 0x01, 0xE0, 0x3C, 0x03, 0xC0,
    0x70, 0x07, 0x81, 0xE0, 0x07, 0x03, 0xC0, 0x0E, 0x0F, 0x00, 0x1C, 0x1E, 0x00, 0x18, 0x3C, 0x00, 0x00, 0xF8, 0x00,
    0x01, 0xF0, 0x00, 0x03, 0xE0, 0x00, 0x7F, 0xFF, 0xE0, 0x7F, 0xFF, 0x80, 0x1F, 0x00, 0x00, 0x3E, 0x00, 0x00, 0x7C,
    0x00, 0x00, 0xF8, 0x00, 0x1F, 0xFF, 0xE0, 0x1F, 0xFF, 0xC0, 0x07, 0xC0, 0x00, 0x0F, 0x80, 0x00, 0x0F, 0x00, 0x00,
    0x1E, 0x00, 0x18, 0x3E, 0x00, 0x30, 0x7C, 0x00, 0x60, 0x78, 0x01, 0xC0, 0xF0, 0x03, 0x80, 0xF0, 0x07, 0x01, 0xF0,
    0x1E, 0x01, 0xE0, 0x3C, 0x01, 0xE0, 0xF8, 0x01, 0xFF, 0xF0, 0x00, 0xFF, 0x80, 0xFF, 0xFF, 0xFF, 0xFF, 0xFF, 0xC0,
};

static const EpdGlyph instrument_24Glyphs[] = {
    {0, 0, 136, 0, 0, 0, 0},            // U+0020
    {6, 38, 190, 3, 38, 29, 0},         // !
    {12, 13, 297, 3, 37, 20, 29},       // "
    {30, 36, 508, 1, 36, 135, 49},      // #
    {17, 48, 334, 2, 43, 102, 184},     // $
    {27, 37, 472, 1, 37, 125, 286},     // %
    {29, 37, 463, 1, 37, 135, 411},     // &
    {6, 13, 186, 3, 37, 10, 546},       // '
    {13, 44, 272, 3, 39, 72, 556},      // (
    {13, 44, 272, 1, 39, 72, 628},      // )
    {16, 17, 355, 3, 38, 34, 700},      // *
    {21, 23, 425, 3, 30, 61, 734},      // +
    {7, 14, 174, 2, 5, 13, 795},        // ,
    {14, 3, 344, 4, 16, 6, 808},        // -
    {6, 5, 170, 2, 5, 4, 814},          // .
    {13, 47, 206, 0, 40, 77, 818},      // /
    {21, 37, 368, 1, 37, 98, 895},      // 0
    {12, 37, 199, 0, 37, 56, 993},      // 1
    {18, 37, 323, 1, 37, 84, 1049},     // 2
    {17, 37, 297, 1, 37, 79, 1133},     // 3
    {19, 36, 314, 0, 36, 86, 1212},     // 4
    {18, 37, 306, 0, 37, 84, 1298},     // 5
    {18, 37, 323, 1, 37, 84, 1382},     // 6
    {18, 36, 291, 0, 36, 81, 1466},     // 7
    {20, 37, 346, 1, 37, 93, 1547},     // 8
    {18, 38, 322, 1, 37, 86, 1640},     // 9
    {6, 24, 170, 2, 24, 18, 1726},      // :
    {7, 33, 174, 2, 24, 29, 1744},      // ;
    {21, 18, 425, 3, 27, 48, 1773},     // <
    {21, 13, 425, 3, 25, 35, 1821},     // =
    {21, 18, 425, 3, 27, 48, 1856},     // >
    {14, 39, 254, 1, 39, 69, 1904},     // ?
    {29, 35, 528, 2, 30, 127, 1973},    // @
    {25, 37, 366, -1, 37, 116, 2100},   // A
    {23, 36, 382, 0, 36, 104, 2216},    // B
    {20, 37, 384, 2, 37, 93, 2320},     // C
    {25, 36, 424, 0, 36, 113, 2413},    // D
    {22, 36, 362, 0, 36, 99, 2526},     // E
    {20, 36, 326, 0, 36, 90, 2625},     // F
    {24, 37, 417, 2, 37, 111, 2715},    // G
    {27, 36, 437, 0, 36, 122, 2826},    // H
    {12, 36, 199, 0, 36, 54, 2948},     // I
    {15, 47, 199, -3, 36, 89, 3002},    // J
    {26, 36, 397, 0, 36, 117, 3091},    // K
    {20, 36, 330, 0, 36, 90, 3208},     // L
    {33, 36, 532, 0, 36, 149, 3298},    // M
    {27, 36, 432, 0, 36, 122, 3447},    // N
    {23, 37, 432, 2, 37, 107, 3569},    // O
    {23, 36, 373, 0, 36, 104, 3676},    // P
    {25, 48, 432, 2, 37, 150, 3780},    // Q
    {27, 36, 410, 0, 36, 122, 3930},    // R
    {17, 37, 326, 2, 37, 79, 4052},     // S
    {23, 37, 369, 0, 37, 107, 4131},    // T
    {26, 36, 429, 1, 36, 117, 4238},    // U
    {25, 37, 366, -1, 36, 116, 4355},   // V
    {35, 37, 521, -1, 36, 162, 4471},   // W
    {26, 36, 437, 1, 36, 117, 4633},    // X
    {26, 36, 382, -1, 36, 117, 4750},   // Y
    {21, 37, 342, 0, 37, 98, 4867},     // Z
    {10, 43, 260, 4, 37, 54, 4965},     // [
    {13, 47, 206, 0, 40, 77, 5019},     // <backslash>
    {9, 43, 260, 3, 37, 49, 5096},      // ]
    {17, 13, 346, 2, 37, 28, 5145},     // ^
    {19, 3, 301, 0, -3, 8, 5173},       // _
    {12, 9, 283, 3, 37, 14, 5181},      // `
    {19, 26, 319, 1, 26, 62, 5195},     // a
    {21, 37, 354, 0, 37, 98, 5257},     // b
    {15, 26, 271, 1, 26, 49, 5355},     // c
    {22, 37, 366, 1, 37, 102, 5404},    // d
    {16, 26, 284, 1, 26, 52, 5506},     // e
    {16, 37, 230, 0, 37, 74, 5558},     // f
    {20, 41, 322, 0, 30, 103, 5632},    // g
    {23, 37, 376, 0, 37, 107, 5735},    // h
    {11, 36, 178, 0, 36, 50, 5842},     // i
    {13, 47, 172, -4, 36, 77, 5892},    // j
    {23, 37, 361, 0, 37, 107, 5969},    // k
    {11, 37, 176, 0, 37, 51, 6076},     // l
    {35, 26, 563, 0, 26, 114, 6127},    // m
    {23, 26, 376, 0, 26, 75, 6241},     // n
    {19, 26, 326, 1, 26, 62, 6316},     // o
    {21, 36, 355, 0, 26, 95, 6378},     // p
    {21, 36, 354, 1, 26, 95, 6473},     // q
    {16, 26, 254, 0, 26, 52, 6568},     // r
    {13, 26, 246, 1, 26, 43, 6620},     // s
    {13, 33, 207, 0, 33, 54, 6663},     // t
    {22, 26, 363, 0, 26, 72, 6717},     // u
    {22, 26, 314, -1, 26, 72, 6789},    // v
    {32, 26, 478, -1, 26, 104, 6861},   // w
    {21, 26, 308, -1, 26, 69, 6965},    // x
    {22, 36, 321, -1, 26, 99, 7034},    // y
    {18, 27, 282, 0, 27, 61, 7133},     // z
    {11, 43, 254, 2, 37, 60, 7194},     // {
    {3, 47, 202, 5, 40, 18, 7254},      // |
    {11, 43, 254, 3, 37, 60, 7272},     // }
    {22, 6, 425, 2, 21, 17, 7332},      // ~
    {0, 0, 136, 0, 0, 0, 7349},         // U+00A0
    {6, 37, 190, 3, 26, 28, 7349},      // U+00A1
    {15, 37, 271, 1, 32, 70, 7377},     // U+00A2
    {23, 37, 416, 2, 37, 107, 7447},    // U+00A3
    {26, 36, 410, 0, 36, 117, 7554},    // U+00A5
    {16, 44, 301, 2, 37, 88, 7671},     // U+00A7
    {15, 5, 327, 3, 35, 10, 7759},      // U+00A8
    {38, 38, 664, 2, 37, 181, 7769},    // U+00A9
    {16, 18, 291, 1, 36, 36, 7950},     // U+00AA
    {16, 18, 330, 2, 22, 36, 7986},     // U+00AB
    {38, 38, 664, 2, 37, 181, 8022},    // U+00AE
    {15, 2, 329, 3, 34, 4, 8203},       // U+00AF
    {15, 16, 341, 3, 38, 30, 8207},     // U+00B0
    {13, 9, 283, 2, 37, 15, 8237},      // U+00B4
    {24, 43, 413, 1, 36, 129, 8252},    // U+00B6
    {6, 5, 84, 0, 21, 4, 8381},         // U+00B7
    {10, 13, 241, 3, 1, 17, 8385},      // U+00B8
    {15, 18, 294, 2, 36, 34, 8402},     // U+00BA
    {16, 18, 330, 3, 22, 36, 8436},     // U+00BB
    {14, 37, 254, 1, 26, 65, 8472},     // U+00BF
    {25, 48, 366, -1, 48, 150, 8537},   // U+00C0
    {25, 48, 366, -1, 48, 150, 8687},   // U+00C1
    {25, 48, 366, -1, 48, 150, 8837},   // U+00C2
    {25, 47, 366, -1, 47, 147, 8987},   // U+00C3
    {25, 46, 366, -1, 46, 144, 9134},   // U+00C4
    {25, 52, 366, -1, 52, 163, 9278},   // U+00C5
    {39, 36, 622, -1, 36, 176, 9441},   // U+00C6
    {20, 49, 384, 2, 37, 123, 9617},    // U+00C7
    {22, 48, 362, 0, 48, 132, 9740},    // U+00C8
    {22, 48, 362, 0, 48, 132, 9872},    // U+00C9
    {22, 48, 362, 0, 48, 132, 10004},   // U+00CA
    {22, 46, 362, 0, 46, 127, 10136},   // U+00CB
    {13, 48, 199, 0, 48, 78, 10263},    // U+00CC
    {13, 48, 199, 0, 48, 78, 10341},    // U+00CD
    {17, 48, 199, -2, 48, 102, 10419},  // U+00CE
    {15, 46, 199, -1, 46, 87, 10521},   // U+00CF
    {25, 36, 424, 0, 36, 113, 10608},   // U+00D0
    {27, 47, 432, 0, 47, 159, 10721},   // U+00D1
    {23, 48, 432, 2, 48, 138, 10880},   // U+00D2
    {23, 48, 432, 2, 48, 138, 11018},   // U+00D3
    {23, 48, 432, 2, 48, 138, 11156},   // U+00D4
    {23, 47, 432, 2, 47, 136, 11294},   // U+00D5
    {23, 46, 432, 2, 46, 133, 11430},   // U+00D6
    {19, 19, 425, 4, 28, 46, 11563},    // U+00D7
    {23, 43, 432, 2, 40, 124, 11609},   // U+00D8
    {26, 48, 429, 1, 48, 156, 11733},   // U+00D9
    {26, 48, 429, 1, 48, 156, 11889},   // U+00DA
    {26, 48, 429, 1, 48, 156, 12045},   // U+00DB
    {26, 46, 429, 1, 46, 150, 12201},   // U+00DC
    {26, 48, 382, -1, 48, 156, 12351},  // U+00DD
    {23, 36, 373, 0, 36, 104, 12507},   // U+00DE
    {22, 37, 354, 0, 37, 102, 12611},   // U+00DF
    {19, 37, 319, 1, 37, 88, 12713},    // U+00E0
    {19, 37, 319, 1, 37, 88, 12801},    // U+00E1
    {19, 37, 319, 1, 37, 88, 12889},    // U+00E2
    {19, 36, 319, 1, 36, 86, 12977},    // U+00E3
    {19, 35, 319, 1, 35, 84, 13063},    // U+00E4
    {19, 41, 319, 1, 41, 98, 13147},    // U+00E5
    {27, 26, 458, 1, 26, 88, 13245},    // U+00E6
    {15, 38, 271, 1, 26, 72, 13333},    // U+00E7
    {16, 37, 284, 1, 37, 74, 13405},    // U+00E8
    {16, 37, 284, 1, 37, 74, 13479},    // U+00E9
    {17, 37, 284, 1, 37, 79, 13553},    // U+00EA
    {16, 35, 284, 1, 35, 70, 13632},    // U+00EB
    {13, 37, 178, -1, 37, 61, 13702},   // U+00EC
    {13, 37, 178, -1, 37, 61, 13763},   // U+00ED
    {17, 37, 178, -3, 37, 79, 13824},   // U+00EE
    {15, 35, 178, -2, 35, 66, 13903},   // U+00EF
    {18, 38, 323, 1, 38, 86, 13969},    // U+00F0
    {23, 36, 376, 0, 36, 104, 14055},   // U+00F1
    {19, 37, 326, 1, 37, 88, 14159},    // U+00F2
    {19, 37, 326, 1, 37, 88, 14247},    // U+00F3
    {19, 37, 326, 1, 37, 88, 14335},    // U+00F4
    {19, 36, 326, 1, 36, 86, 14423},    // U+00F5
    {19, 35, 326, 1, 35, 84, 14509},    // U+00F6
    {21, 22, 425, 3, 30, 58, 14593},    // U+00F7
    {19, 31, 326, 1, 29, 74, 14651},    // U+00F8
    {22, 37, 363, 0, 37, 102, 14725},   // U+00F9
    {22, 37, 363, 0, 37, 102, 14827},   // U+00FA
    {22, 37, 363, 0, 37, 102, 14929},   // U+00FB
    {22, 35, 363, 0, 35, 97, 15031},    // U+00FC
    {22, 47, 321, -1, 37, 130, 15128},  // U+00FD
    {21, 47, 355, 0, 37, 124, 15258},   // U+00FE
    {22, 45, 321, -1, 35, 124, 15382},  // U+00FF
    {25, 45, 366, -1, 45, 141, 15506},  // U+0100
    {19, 34, 319, 1, 34, 81, 15647},    // U+0101
    {25, 48, 366, -1, 48, 150, 15728},  // U+0102
    {19, 37, 319, 1, 37, 88, 15878},    // U+0103
    {25, 49, 366, -1, 37, 154, 15966},  // U+0104
    {19, 38, 319, 1, 26, 91, 16120},    // U+0105
    {20, 48, 384, 2, 48, 120, 16211},   // U+0106
    {16, 37, 271, 1, 37, 74, 16331},    // U+0107
    {20, 46, 384, 2, 46, 115, 16405},   // U+010A
    {15, 35, 271, 1, 35, 66, 16520},    // U+010B
    {20, 49, 384, 2, 49, 123, 16586},   // U+010C
    {18, 38, 271, 1, 38, 86, 16709},    // U+010D
    {25, 49, 424, 0, 49, 154, 16795},   // U+010E
    {25, 37, 413, 1, 37, 116, 16949},   // U+010F
    {25, 36, 424, 0, 36, 113, 17065},   // U+0110
    {22, 37, 366, 1, 37, 102, 17178},   // U+0111
    {22, 45, 362, 0, 45, 124, 17280},   // U+0112
    {16, 34, 284, 1, 34, 68, 17404},    // U+0113
    {22, 46, 362, 0, 46, 127, 17472},   // U+0116
    {16, 35, 284, 1, 35, 70, 17599},    // U+0117
    {22, 48, 362, 0, 36, 132, 17669},   // U+0118
    {16, 38, 284, 1, 26, 76, 17801},    // U+0119
    {22, 49, 362, 0, 49, 135, 17877},   // U+011A
    {17, 38, 284, 1, 38, 81, 18012},    // U+011B
    {24, 48, 417, 2, 48, 144, 18093},   // U+011E
    {20, 48, 322, 0, 37, 120, 18237},   // U+011F
    {24, 46, 417, 2, 46, 138, 18357},   // U+0120
    {20, 46, 322, 0, 35, 115, 18495},   // U+0121
    {24, 53, 417, 2, 37, 159, 18610},   // U+0122
    {20, 53, 322, 0, 42, 133, 18769},   // U+0123
    {27, 36, 437, 0, 36, 122, 18902},   // U+0126
    {23, 37, 376, 0, 37, 107, 19024},   // U+0127
    {16, 45, 199, -2, 45, 90, 19131},   // U+012A
    {15, 34, 178, -2, 34, 64, 19221},   // U+012B
    {12, 48, 199, 0, 36, 72, 19285},    // U+012E
    {11, 47, 178, 0, 35, 65, 19357},    // U+012F
    {12, 46, 199, 0, 46, 69, 19422},    // U+0130
    {11, 26, 178, 0, 26, 36, 19491},    // U+0131
    {24, 47, 398, 0, 36, 141, 19527},   // U+0132
    {20, 47, 350, 0, 36, 118, 19668},   // U+0133
    {26, 52, 397, 0, 36, 169, 19786},   // U+0136
    {23, 53, 361, 0, 37, 153, 19955},   // U+0137
    {20, 48, 330, 0, 48, 120, 20108},   // U+0139
    {13, 47, 176, -2, 47, 77, 20228},   // U+013A
    {20, 52, 330, 0, 36, 130, 20305},   // U+013B
    {11, 53, 176, 0, 37, 73, 20435},    // U+013C
    {20, 36, 330, 0, 36, 90, 20508},    // U+013D
    {14, 37, 230, 0, 37, 65, 20598},    // U+013E
    {20, 36, 330, 0, 36, 90, 20663},    // U+0141
    {14, 37, 223, 0, 37, 65, 20753},    // U+0142
    {27, 48, 432, 0, 48, 162, 20818},   // U+0143
    {23, 37, 376, 0, 37, 107, 20980},   // U+0144
    {27, 52, 432, 0, 36, 176, 21087},   // U+0145
    {23, 42, 376, 0, 26, 121, 21263},   // U+0146
    {27, 49, 432, 0, 49, 166, 21384},   // U+0147
    {23, 38, 376, 0, 38, 110, 21550},   // U+0148
    {27, 47, 432, 0, 36, 159, 21660},   // U+014A
    {20, 37, 368, 0, 26, 93, 21819},    // U+014B
    {23, 45, 432, 2, 45, 130, 21912},   // U+014C
    {19, 34, 326, 1, 34, 81, 22042},    // U+014D
    {23, 48, 432, 2, 48, 138, 22123},   // U+0150
    {19, 37, 326, 1, 37, 88, 22261},    // U+0151
    {35, 37, 602, 2, 37, 162, 22349},   // U+0152
    {30, 26, 511, 1, 26, 98, 22511},    // U+0153
    {27, 48, 410, 0, 48, 162, 22609},   // U+0154
    {16, 37, 254, 0, 37, 74, 22771},    // U+0155
    {27, 52, 410, 0, 36, 176, 22845},   // U+0156
    {16, 42, 254, 0, 26, 84, 23021},    // U+0157
    {27, 49, 410, 0, 49, 166, 23105},   // U+0158
    {17, 38, 254, -1, 38, 81, 23271},   // U+0159
    {17, 48, 326, 2, 48, 102, 23352},   // U+015A
    {13, 37, 246, 1, 37, 61, 23454},    // U+015B
    {17, 49, 326, 2, 37, 105, 23515},   // U+015E
    {13, 38, 246, 1, 26, 62, 23620},    // U+015F
    {18, 49, 326, 2, 49, 111, 23682},   // U+0160
    {17, 38, 246, -1, 38, 81, 23793},   // U+0161
    {23, 49, 369, 0, 49, 141, 23874},   // U+0164
    {15, 38, 207, 0, 38, 72, 24015},    // U+0165
    {26, 45, 429, 1, 45, 147, 24087},   // U+016A
    {22, 34, 363, 0, 34, 94, 24234},    // U+016B
    {26, 48, 429, 1, 48, 156, 24328},   // U+016C
    {22, 37, 363, 0, 37, 102, 24484},   // U+016D
    {26, 52, 429, 1, 52, 169, 24586},   // U+016E
    {22, 41, 363, 0, 41, 113, 24755},   // U+016F
    {26, 48, 429, 1, 48, 156, 24868},   // U+0170
    {22, 37, 363, 0, 37, 102, 25024},   // U+0171
    {26, 48, 429, 1, 36, 156, 25126},   // U+0172
    {22, 38, 363, 0, 26, 105, 25282},   // U+0173
    {35, 49, 521, -1, 48, 215, 25387},  // U+0174
    {32, 37, 478, -1, 37, 148, 25602},  // U+0175
    {26, 48, 382, -1, 48, 156, 25750},  // U+0176
    {22, 47, 321, -1, 37, 130, 25906},  // U+0177
    {26, 46, 382, -1, 46, 150, 26036},  // U+0178
    {21, 48, 342, 0, 48, 126, 26186},   // U+0179
    {18, 37, 282, 0, 37, 84, 26312},    // U+017A
    {21, 46, 342, 0, 46, 121, 26396},   // U+017B
    {18, 35, 282, 0, 35, 79, 26517},    // U+017C
    {21, 49, 342, 0, 49, 129, 26596},   // U+017D
    {19, 38, 282, 0, 38, 91, 26725},    // U+017E
    {25, 49, 366, -1, 49, 154, 26816},  // U+01CD
    {19, 38, 319, 1, 38, 91, 26970},    // U+01CE
    {17, 53, 326, 2, 37, 113, 27061},   // U+0218
    {13, 42, 246, 1, 26, 69, 27174},    // U+0219
    {23, 53, 369, 0, 37, 153, 27243},   // U+021A
    {13, 49, 207, 0, 33, 80, 27396},    // U+021B
    {12, 9, 0, 3, 37, 14, 27476},       // U+0300
    {13, 9, 0, 2, 37, 15, 27490},       // U+0301
    {17, 9, 0, 2, 37, 20, 27505},       // U+0302
    {17, 6, 0, 3, 36, 13, 27525},       // U+0303
    {15, 2, 0, 3, 34, 4, 27538},        // U+0304
    {16, 8, 0, 2, 37, 16, 27542},       // U+0306
    {5, 5, 0, 3, 35, 4, 27558},         // U+0307
    {15, 5, 0, 3, 35, 10, 27562},       // U+0308
    {11, 13, 0, 3, 41, 18, 27572},      // U+030A
    {15, 8, 0, 3, 37, 15, 27590},       // U+030B
    {17, 9, 0, 2, 38, 20, 27605},       // U+030C
    {6, 13, 0, 3, 42, 10, 27625},       // U+0312
    {7, 13, 0, 2, -3, 12, 27635},       // U+0326
    {10, 13, 0, 3, 1, 17, 27647},       // U+0327
    {8, 12, 0, 3, 0, 12, 27664},        // U+0328
    {26, 48, 382, -1, 48, 156, 27676},  // U+1EF2
    {22, 47, 321, -1, 37, 130, 27832},  // U+1EF3
    {18, 3, 408, 4, 16, 7, 27962},      // U+2013
    {28, 3, 576, 4, 16, 11, 27969},     // U+2014
    {6, 12, 133, 1, 40, 9, 27980},      // U+2018
    {7, 13, 133, 1, 37, 12, 27989},     // U+2019
    {7, 13, 133, 1, 5, 12, 28001},      // U+201A
    {14, 12, 253, -1, 40, 21, 28013},   // U+201C
    {14, 13, 253, 1, 37, 23, 28034},    // U+201D
    {14, 13, 253, 1, 5, 23, 28057},     // U+201E
    {9, 8, 241, 3, 23, 9, 28080},       // U+2022
    {22, 5, 426, 2, 5, 14, 28089},      // U+2026
    {37, 37, 627, 1, 37, 172, 28103},   // U+2030
    {8, 18, 210, 2, 22, 18, 28275},     // U+2039
    {8, 18, 210, 3, 22, 18, 28293},     // U+203A
    {23, 37, 396, 0, 37, 107, 28311},   // U+20AC
    {21, 2, 425, 3, 20, 6, 28418},      // U+2212
};

static const EpdUnicodeInterval instrument_24Intervals[] = {
    {0x20, 0x7E, 0x0},       {0xA0, 0xA3, 0x5F},      {0xA5, 0xA5, 0x63},      {0xA7, 0xAB, 0x64},
    {0xAE, 0xB0, 0x69},      {0xB4, 0xB4, 0x6C},      {0xB6, 0xB8, 0x6D},      {0xBA, 0xBB, 0x70},
    {0xBF, 0x107, 0x72},     {0x10A, 0x113, 0xBB},    {0x116, 0x11B, 0xC5},    {0x11E, 0x123, 0xCB},
    {0x126, 0x127, 0xD1},    {0x12A, 0x12B, 0xD3},    {0x12E, 0x133, 0xD5},    {0x136, 0x137, 0xDB},
    {0x139, 0x13E, 0xDD},    {0x141, 0x148, 0xE3},    {0x14A, 0x14D, 0xEB},    {0x150, 0x15B, 0xEF},
    {0x15E, 0x161, 0xFB},    {0x164, 0x165, 0xFF},    {0x16A, 0x17E, 0x101},   {0x1CD, 0x1CE, 0x116},
    {0x218, 0x21B, 0x118},   {0x300, 0x304, 0x11C},   {0x306, 0x308, 0x121},   {0x30A, 0x30C, 0x124},
    {0x312, 0x312, 0x127},   {0x326, 0x328, 0x128},   {0x1EF2, 0x1EF3, 0x12B}, {0x2013, 0x2014, 0x12D},
    {0x2018, 0x201A, 0x12F}, {0x201C, 0x201E, 0x132}, {0x2022, 0x2022, 0x135}, {0x2026, 0x2026, 0x136},
    {0x2030, 0x2030, 0x137}, {0x2039, 0x203A, 0x138}, {0x20AC, 0x20AC, 0x13A}, {0x2212, 0x2212, 0x13B},
};

static const EpdKernClassEntry instrument_24KernLeftClasses[] = {
    {0x0020, 1},   // U+0020
    {0x0022, 2},   // "
    {0x0024, 3},   // $
    {0x0027, 2},   // '
    {0x0028, 4},   // (
    {0x002C, 5},   // ,
    {0x002D, 6},   // -
    {0x002E, 5},   // .
    {0x002F, 7},   // /
    {0x0030, 8},   // 0
    {0x0031, 9},   // 1
    {0x0033, 10},  // 3
    {0x0034, 11},  // 4
    {0x0035, 12},  // 5
    {0x0036, 13},  // 6
    {0x0037, 14},  // 7
    {0x0038, 15},  // 8
    {0x0039, 16},  // 9
    {0x0040, 17},  // @
    {0x0041, 18},  // A
    {0x0042, 19},  // B
    {0x0043, 20},  // C
    {0x0044, 21},  // D
    {0x0045, 22},  // E
    {0x0046, 23},  // F
    {0x0047, 24},  // G
    {0x0048, 25},  // H
    {0x0049, 25},  // I
    {0x004A, 26},  // J
    {0x004B, 27},  // K
    {0x004C, 28},  // L
    {0x004D, 29},  // M
    {0x004E, 30},  // N
    {0x004F, 21},  // O
    {0x0050, 31},  // P
    {0x0051, 21},  // Q
    {0x0052, 32},  // R
    {0x0053, 3},   // S
    {0x0054, 33},  // T
    {0x0055, 34},  // U
    {0x0056, 35},  // V
    {0x0057, 36},  // W
    {0x0058, 37},  // X
    {0x0059, 38},  // Y
    {0x005A, 39},  // Z
    {0x005B, 40},  // [
    {0x0061, 41},  // a
    {0x0062, 17},  // b
    {0x0063, 42},  // c
    {0x0064, 43},  // d
    {0x0065, 44},  // e
    {0x0066, 45},  // f
    {0x0067, 46},  // g
    {0x0068, 47},  // h
    {0x0069, 42},  // i
    {0x006A, 48},  // j
    {0x006B, 49},  // k
    {0x006C, 50},  // l
    {0x006D, 47},  // m
    {0x006E, 47},  // n
    {0x006F, 17},  // o
    {0x0070, 17},  // p
    {0x0071, 51},  // q
    {0x0072, 52},  // r
    {0x0073, 53},  // s
    {0x0074, 54},  // t
    {0x0075, 55},  // u
    {0x0076, 56},  // v
    {0x0077, 57},  // w
    {0x0078, 58},  // x
    {0x0079, 59},  // y
    {0x007A, 60},  // z
    {0x007B, 40},  // {
    {0x00A1, 61},  // U+00A1
    {0x00A2, 42},  // U+00A2
    {0x00A5, 38},  // U+00A5
    {0x00BF, 62},  // U+00BF
    {0x00C0, 18},  // U+00C0
    {0x00C1, 18},  // U+00C1
    {0x00C2, 18},  // U+00C2
    {0x00C3, 18},  // U+00C3
    {0x00C4, 18},  // U+00C4
    {0x00C5, 18},  // U+00C5
    {0x00C6, 22},  // U+00C6
    {0x00C7, 20},  // U+00C7
    {0x00C8, 22},  // U+00C8
    {0x00C9, 22},  // U+00C9
    {0x00CA, 22},  // U+00CA
    {0x00CB, 22},  // U+00CB
    {0x00CC, 25},  // U+00CC
    {0x00CD, 25},  // U+00CD
    {0x00CE, 25},  // U+00CE
    {0x00CF, 25},  // U+00CF
    {0x00D0, 21},  // U+00D0
    {0x00D1, 30},  // U+00D1
    {0x00D2, 21},  // U+00D2
    {0x00D3, 21},  // U+00D3
    {0x00D4, 21},  // U+00D4
    {0x00D5, 21},  // U+00D5
    {0x00D6, 21},  // U+00D6
    {0x00D8, 21},  // U+00D8
    {0x00D9, 34},  // U+00D9
    {0x00DA, 34},  // U+00DA
    {0x00DB, 34},  // U+00DB
    {0x00DC, 34},  // U+00DC
    {0x00DD, 38},  // U+00DD
    {0x00DF, 53},  // U+00DF
    {0x00E0, 41},  // U+00E0
    {0x00E1, 41},  // U+00E1
    {0x00E2, 41},  // U+00E2
    {0x00E3, 41},  // U+00E3
    {0x00E4, 41},  // U+00E4
    {0x00E5, 41},  // U+00E5
    {0x00E6, 44},  // U+00E6
    {0x00E7, 42},  // U+00E7
    {0x00E8, 44},  // U+00E8
    {0x00E9, 44},  // U+00E9
    {0x00EA, 44},  // U+00EA
    {0x00EB, 44},  // U+00EB
    {0x00EC, 42},  // U+00EC
    {0x00ED, 42},  // U+00ED
    {0x00EE, 42},  // U+00EE
    {0x00EF, 42},  // U+00EF
    {0x00F0, 17},  // U+00F0
    {0x00F1, 47},  // U+00F1
    {0x00F2, 17},  // U+00F2
    {0x00F3, 17},  // U+00F3
    {0x00F4, 17},  // U+00F4
    {0x00F5, 17},  // U+00F5
    {0x00F6, 17},  // U+00F6
    {0x00F8, 17},  // U+00F8
    {0x00F9, 55},  // U+00F9
    {0x00FA, 55},  // U+00FA
    {0x00FB, 55},  // U+00FB
    {0x00FC, 55},  // U+00FC
    {0x00FD, 59},  // U+00FD
    {0x00FE, 17},  // U+00FE
    {0x00FF, 59},  // U+00FF
    {0x0100, 18},  // U+0100
    {0x0101, 41},  // U+0101
    {0x0102, 18},  // U+0102
    {0x0103, 41},  // U+0103
    {0x0104, 18},  // U+0104
    {0x0105, 41},  // U+0105
    {0x0106, 20},  // U+0106
    {0x0107, 42},  // U+0107
    {0x010A, 20},  // U+010A
    {0x010B, 42},  // U+010B
    {0x010C, 20},  // U+010C
    {0x010D, 42},  // U+010D
    {0x010E, 21},  // U+010E
    {0x010F, 63},  // U+010F
    {0x0110, 21},  // U+0110
    {0x0111, 43},  // U+0111
    {0x0112, 22},  // U+0112
    {0x0113, 44},  // U+0113
    {0x0116, 22},  // U+0116
    {0x0117, 44},  // U+0117
    {0x0118, 22},  // U+0118
    {0x0119, 44},  // U+0119
    {0x011A, 22},  // U+011A
    {0x011B, 44},  // U+011B
    {0x011E, 24},  // U+011E
    {0x011F, 46},  // U+011F
    {0x0120, 24},  // U+0120
    {0x0121, 46},  // U+0121
    {0x0122, 24},  // U+0122
    {0x0123, 46},  // U+0123
    {0x0126, 25},  // U+0126
    {0x0127, 47},  // U+0127
    {0x012A, 25},  // U+012A
    {0x012B, 42},  // U+012B
    {0x012E, 25},  // U+012E
    {0x012F, 42},  // U+012F
    {0x0130, 25},  // U+0130
    {0x0131, 42},  // U+0131
    {0x0132, 26},  // U+0132
    {0x0133, 48},  // U+0133
    {0x0136, 27},  // U+0136
    {0x0137, 49},  // U+0137
    {0x0139, 28},  // U+0139
    {0x013A, 50},  // U+013A
    {0x013B, 28},  // U+013B
    {0x013C, 50},  // U+013C
    {0x013D, 28},  // U+013D
    {0x013E, 63},  // U+013E
    {0x0141, 28},  // U+0141
    {0x0142, 50},  // U+0142
    {0x0143, 30},  // U+0143
    {0x0144, 47},  // U+0144
    {0x0145, 30},  // U+0145
    {0x0146, 47},  // U+0146
    {0x0147, 30},  // U+0147
    {0x0148, 47},  // U+0148
    {0x014A, 30},  // U+014A
    {0x014B, 48},  // U+014B
    {0x014C, 21},  // U+014C
    {0x014D, 17},  // U+014D
    {0x0150, 21},  // U+0150
    {0x0151, 17},  // U+0151
    {0x0152, 22},  // U+0152
    {0x0153, 44},  // U+0153
    {0x0154, 32},  // U+0154
    {0x0155, 64},  // U+0155
    {0x0156, 32},  // U+0156
    {0x0157, 64},  // U+0157
    {0x0158, 32},  // U+0158
    {0x0159, 64},  // U+0159
    {0x015A, 3},   // U+015A
    {0x015B, 53},  // U+015B
    {0x015E, 3},   // U+015E
    {0x015F, 53},  // U+015F
    {0x0160, 3},   // U+0160
    {0x0161, 53},  // U+0161
    {0x0164, 33},  // U+0164
    {0x0165, 65},  // U+0165
    {0x016A, 34},  // U+016A
    {0x016B, 55},  // U+016B
    {0x016C, 34},  // U+016C
    {0x016D, 55},  // U+016D
    {0x016E, 34},  // U+016E
    {0x016F, 55},  // U+016F
    {0x0170, 34},  // U+0170
    {0x0171, 55},  // U+0171
    {0x0172, 34},  // U+0172
    {0x0173, 55},  // U+0173
    {0x0174, 36},  // U+0174
    {0x0175, 57},  // U+0175
    {0x0176, 38},  // U+0176
    {0x0177, 59},  // U+0177
    {0x0178, 38},  // U+0178
    {0x0179, 39},  // U+0179
    {0x017A, 60},  // U+017A
    {0x017B, 39},  // U+017B
    {0x017C, 60},  // U+017C
    {0x017D, 39},  // U+017D
    {0x017E, 60},  // U+017E
    {0x01CD, 18},  // U+01CD
    {0x01CE, 41},  // U+01CE
    {0x0218, 3},   // U+0218
    {0x0219, 53},  // U+0219
    {0x021A, 33},  // U+021A
    {0x021B, 54},  // U+021B
    {0x1EF2, 38},  // U+1EF2
    {0x1EF3, 59},  // U+1EF3
    {0x2013, 6},   // U+2013
    {0x2014, 6},   // U+2014
    {0x2018, 66},  // U+2018
    {0x2019, 67},  // U+2019
    {0x201A, 5},   // U+201A
    {0x201C, 66},  // U+201C
    {0x201D, 67},  // U+201D
    {0x201E, 5},   // U+201E
    {0x2026, 5},   // U+2026
    {0x20AC, 20},  // U+20AC
};

static const EpdKernClassEntry instrument_24KernRightClasses[] = {
    {0x0021, 1},   // !
    {0x0022, 2},   // "
    {0x0024, 3},   // $
    {0x0027, 2},   // '
    {0x0029, 4},   // )
    {0x002C, 5},   // ,
    {0x002D, 6},   // -
    {0x002E, 5},   // .
    {0x002F, 7},   // /
    {0x0030, 8},   // 0
    {0x0032, 9},   // 2
    {0x0033, 10},  // 3
    {0x0034, 11},  // 4
    {0x0035, 12},  // 5
    {0x0036, 13},  // 6
    {0x0037, 14},  // 7
    {0x0038, 15},  // 8
    {0x003A, 16},  // :
    {0x003B, 16},  // ;
    {0x003F, 17},  // ?
    {0x0040, 18},  // @
    {0x0041, 19},  // A
    {0x0042, 20},  // B
    {0x0043, 21},  // C
    {0x0044, 20},  // D
    {0x0045, 20},  // E
    {0x0046, 20},  // F
    {0x0047, 21},  // G
    {0x0048, 20},  // H
    {0x0049, 20},  // I
    {0x004A, 22},  // J
    {0x004B, 20},  // K
    {0x004C, 20},  // L
    {0x004D, 23},  // M
    {0x004E, 24},  // N
    {0x004F, 21},  // O
    {0x0050, 20},  // P
    {0x0051, 21},  // Q
    {0x0052, 20},  // R
    {0x0053, 3},   // S
    {0x0054, 25},  // T
    {0x0055, 26},  // U
    {0x0056, 27},  // V
    {0x0057, 28},  // W
    {0x0058, 29},  // X
    {0x0059, 30},  // Y
    {0x005A, 31},  // Z
    {0x005D, 32},  // ]
    {0x0060, 33},  // `
    {0x0061, 34},  // a
    {0x0062, 35},  // b
    {0x0063, 18},  // c
    {0x0064, 18},  // d
    {0x0065, 18},  // e
    {0x0066, 36},  // f
    {0x0067, 37},  // g
    {0x0068, 38},  // h
    {0x0069, 39},  // i
    {0x006A, 40},  // j
    {0x006B, 38},  // k
    {0x006C, 38},  // l
    {0x006D, 41},  // m
    {0x006E, 41},  // n
    {0x006F, 42},  // o
    {0x0070, 41},  // p
    {0x0071, 18},  // q
    {0x0072, 41},  // r
    {0x0073, 43},  // s
    {0x0074, 44},  // t
    {0x0075, 45},  // u
    {0x0076, 46},  // v
    {0x0077, 47},  // w
    {0x0078, 48},  // x
    {0x0079, 49},  // y
    {0x007A, 50},  // z
    {0x007D, 32},  // }
    {0x00A2, 18},  // U+00A2
    {0x00A5, 30},  // U+00A5
    {0x00C0, 19},  // U+00C0
    {0x00C1, 19},  // U+00C1
    {0x00C2, 19},  // U+00C2
    {0x00C3, 19},  // U+00C3
    {0x00C4, 19},  // U+00C4
    {0x00C5, 19},  // U+00C5
    {0x00C7, 21},  // U+00C7
    {0x00C8, 20},  // U+00C8
    {0x00C9, 20},  // U+00C9
    {0x00CA, 20},  // U+00CA
    {0x00CB, 20},  // U+00CB
    {0x00CC, 20},  // U+00CC
    {0x00CD, 20},  // U+00CD
    {0x00CE, 20},  // U+00CE
    {0x00CF, 20},  // U+00CF
    {0x00D0, 20},  // U+00D0
    {0x00D1, 24},  // U+00D1
    {0x00D2, 21},  // U+00D2
    {0x00D3, 21},  // U+00D3
    {0x00D4, 21},  // U+00D4
    {0x00D5, 21},  // U+00D5
    {0x00D6, 21},  // U+00D6
    {0x00D8, 21},  // U+00D8
    {0x00D9, 26},  // U+00D9
    {0x00DA, 26},  // U+00DA
    {0x00DB, 26},  // U+00DB
    {0x00DC, 26},  // U+00DC
    {0x00DD, 30},  // U+00DD
    {0x00DE, 20},  // U+00DE
    {0x00DF, 36},  // U+00DF
    {0x00E0, 34},  // U+00E0
    {0x00E1, 34},  // U+00E1
    {0x00E2, 34},  // U+00E2
    {0x00E3, 34},  // U+00E3
    {0x00E4, 34},  // U+00E4
    {0x00E5, 34},  // U+00E5
    {0x00E6, 34},  // U+00E6
    {0x00E7, 18},  // U+00E7
    {0x00E8, 18},  // U+00E8
    {0x00E9, 18},  // U+00E9
    {0x00EA, 18},  // U+00EA
    {0x00EB, 18},  // U+00EB
    {0x00EC, 39},  // U+00EC
    {0x00ED, 39},  // U+00ED
    {0x00EE, 39},  // U+00EE
    {0x00EF, 39},  // U+00EF
    {0x00F0, 18},  // U+00F0
    {0x00F1, 41},  // U+00F1
    {0x00F2, 18},  // U+00F2
    {0x00F3, 18},  // U+00F3
    {0x00F4, 18},  // U+00F4
    {0x00F5, 18},  // U+00F5
    {0x00F6, 18},  // U+00F6
    {0x00F8, 18},  // U+00F8
    {0x00F9, 45},  // U+00F9
    {0x00FA, 45},  // U+00FA
    {0x00FB, 45},  // U+00FB
    {0x00FC, 45},  // U+00FC
    {0x00FD, 49},  // U+00FD
    {0x00FE, 38},  // U+00FE
    {0x00FF, 49},  // U+00FF
    {0x0100, 19},  // U+0100
    {0x0101, 34},  // U+0101
    {0x0102, 19},  // U+0102
    {0x0103, 34},  // U+0103
    {0x0104, 19},  // U+0104
    {0x0105, 34},  // U+0105
    {0x0106, 21},  // U+0106
    {0x0107, 18},  // U+0107
    {0x010A, 21},  // U+010A
    {0x010B, 18},  // U+010B
    {0x010C, 21},  // U+010C
    {0x010D, 18},  // U+010D
    {0x010E, 20},  // U+010E
    {0x010F, 18},  // U+010F
    {0x0110, 20},  // U+0110
    {0x0111, 18},  // U+0111
    {0x0112, 20},  // U+0112
    {0x0113, 18},  // U+0113
    {0x0116, 20},  // U+0116
    {0x0117, 18},  // U+0117
    {0x0118, 20},  // U+0118
    {0x0119, 18},  // U+0119
    {0x011A, 20},  // U+011A
    {0x011B, 18},  // U+011B
    {0x011E, 21},  // U+011E
    {0x011F, 51},  // U+011F
    {0x0120, 21},  // U+0120
    {0x0121, 51},  // U+0121
    {0x0122, 21},  // U+0122
    {0x0123, 51},  // U+0123
    {0x0126, 20},  // U+0126
    {0x0127, 38},  // U+0127
    {0x012A, 20},  // U+012A
    {0x012B, 39},  // U+012B
    {0x012E, 20},  // U+012E
    {0x012F, 39},  // U+012F
    {0x0130, 20},  // U+0130
    {0x0131, 39},  // U+0131
    {0x0132, 20},  // U+0132
    {0x0133, 39},  // U+0133
    {0x0136, 20},  // U+0136
    {0x0137, 38},  // U+0137
    {0x0139, 20},  // U+0139
    {0x013A, 38},  // U+013A
    {0x013B, 20},  // U+013B
    {0x013C, 38},  // U+013C
    {0x013D, 20},  // U+013D
    {0x013E, 38},  // U+013E
    {0x0141, 20},  // U+0141
    {0x0142, 38},  // U+0142
    {0x0143, 24},  // U+0143
    {0x0144, 41},  // U+0144
    {0x0145, 24},  // U+0145
    {0x0146, 41},  // U+0146
    {0x0147, 24},  // U+0147
    {0x0148, 41},  // U+0148
    {0x014A, 24},  // U+014A
    {0x014B, 41},  // U+014B
    {0x014C, 21},  // U+014C
    {0x014D, 18},  // U+014D
    {0x0150, 21},  // U+0150
    {0x0151, 18},  // U+0151
    {0x0152, 21},  // U+0152
    {0x0153, 18},  // U+0153
    {0x0154, 20},  // U+0154
    {0x0155, 41},  // U+0155
    {0x0156, 20},  // U+0156
    {0x0157, 41},  // U+0157
    {0x0158, 20},  // U+0158
    {0x0159, 41},  // U+0159
    {0x015A, 3},   // U+015A
    {0x015B, 43},  // U+015B
    {0x015E, 3},   // U+015E
    {0x015F, 43},  // U+015F
    {0x0160, 3},   // U+0160
    {0x0161, 43},  // U+0161
    {0x0164, 25},  // U+0164
    {0x0165, 44},  // U+0165
    {0x016A, 26},  // U+016A
    {0x016B, 45},  // U+016B
    {0x016C, 26},  // U+016C
    {0x016D, 45},  // U+016D
    {0x016E, 26},  // U+016E
    {0x016F, 45},  // U+016F
    {0x0170, 26},  // U+0170
    {0x0171, 45},  // U+0171
    {0x0172, 26},  // U+0172
    {0x0173, 45},  // U+0173
    {0x0174, 28},  // U+0174
    {0x0175, 47},  // U+0175
    {0x0176, 30},  // U+0176
    {0x0177, 49},  // U+0177
    {0x0178, 30},  // U+0178
    {0x0179, 31},  // U+0179
    {0x017A, 50},  // U+017A
    {0x017B, 31},  // U+017B
    {0x017C, 50},  // U+017C
    {0x017D, 31},  // U+017D
    {0x017E, 50},  // U+017E
    {0x01CD, 19},  // U+01CD
    {0x01CE, 34},  // U+01CE
    {0x0218, 3},   // U+0218
    {0x0219, 43},  // U+0219
    {0x021A, 25},  // U+021A
    {0x021B, 44},  // U+021B
    {0x1EF2, 30},  // U+1EF2
    {0x1EF3, 49},  // U+1EF3
    {0x2013, 6},   // U+2013
    {0x2014, 6},   // U+2014
    {0x2018, 52},  // U+2018
    {0x2019, 53},  // U+2019
    {0x201A, 5},   // U+201A
    {0x201C, 52},  // U+201C
    {0x201D, 53},  // U+201D
    {0x201E, 5},   // U+201E
    {0x2026, 5},   // U+2026
};

static const int8_t instrument_24KernMatrix[] = {
    0,   0,   0,   0,   -40, 0,   0,   0,   0,   0,   0,   0,   0,   0,   0,   0,   0,   0,   0,   0,   0,   0,   0,
    0,   0,   0,   0,   0,   0,   0,   0,   0,   0,   0,   0,   0,   0,   0,   0,   0,   0,   0,   0,   0,   0,   0,
    0,   0,   0,   0,   0,   0,   0,   0,   0,   0,   0,   0,   0,   0,   -19, 0,   0,   -43, -15, 0,   0,   -14, 0,
    0,   -32, -64, 0,   -24, 0,   0,   0,   24,  0,   16,  16,  0,   16,  0,   0,   0,   -16, 0,   -16, -48, 0,   0,
    0,   -16, -32, -32, 8,   0,   16,  16,  0,   16,  0,   -48, 0,   0,   0,   -8,  0,   0,   0,   0,   24,  0,   0,
    0,   0,   0,   0,   0,   0,   0,   0,   0,   0,   -5,  0,   0,   0,   0,   -6,  -6,  -5,  -5,  -30, -6,  0,   0,
    0,   0,   0,   0,   0,   0,   0,   0,   0,   0,   0,   0,   -6,  -16, -16, -16, -16, -6,  0,   0,   -8,  0,   0,
    0,   0,   0,   0,   0,   0,   0,   0,   0,   0,   0,   0,   0,   0,   0,   0,   0,   16,  0,   16,  16,  16,  16,
    16,  16,  16,  16,  16,  0,   0,   0,   0,   16,  0,   24,  16,  0,   64,  0,   0,   0,   16,  16,  16,  16,  16,
    0,   16,  24,  0,   0,   0,   0,   0,   0,   0,   0,   0,   0,   0,   0,   0,   0,   0,   0,   0,   0,   0,   -22,
    0,   0,   -26, 0,   0,   0,   -30, 0,   -43, -43, 0,   -45, 0,   0,   0,   0,   0,   0,   0,   0,   0,   0,   0,
    -22, 0,   0,   0,   -42, -42, 0,   -42, 0,   0,   0,   -56, 0,   0,   0,   0,   0,   0,   0,   0,   0,   -14, 0,
    -30, 0,   -22, 0,   0,   0,   0,   -14, 0,   0,   0,   0,   0,   -42, 0,   -22, -22, -43, -38, 0,   0,   0,   0,
    0,   -10, 0,   0,   0,   0,   0,   0,   0,   0,   0,   -11, -11, -13, -11, 0,   0,   0,   0,   0,   0,   24,  0,
    0,   0,   0,   0,   0,   0,   0,   0,   0,   0,   0,   0,   0,   0,   -16, 16,  16,  16,  16,  16,  48,  24,  24,
    24,  0,   24,  0,   0,   0,   -22, 30,  0,   -16, 30,  0,   0,   -8,  0,   0,   0,   0,   0,   0,   0,   0,   0,
    -16, 0,   0,   0,   -19, 0,   0,   0,   0,   0,   0,   -5,  0,   0,   0,   0,   -14, 0,   0,   0,   0,   0,   0,
    0,   0,   0,   0,   0,   0,   0,   0,   0,   0,   0,   0,   0,   0,   0,   0,   0,   0,   0,   0,   0,   0,   0,
    0,   0,   0,   0,   0,   0,   0,   0,   0,   0,   0,   -14, 0,   0,   0,   0,   0,   0,   0,   0,   0,   0,   0,
    -14, 0,   0,   0,   0,   0,   0,   0,   0,   0,   0,   0,   0,   0,   0,   0,   0,   0,   0,   0,   0,   0,   0,
    0,   0,   0,   0,   0,   0,   0,   0,   0,   0,   0,   0,   0,   0,   0,   0,   0,   0,   -16, 0,   0,   -26, 0,
    0,   0,   0,   0,   0,   0,   0,   -14, 0,   0,   0,   0,   0,   0,   0,   0,   0,   0,   0,   0,   0,   0,   0,
    0,   0,   0,   0,   0,   0,   0,   0,   0,   0,   0,   0,   0,   0,   0,   0,   0,   0,   0,   0,   0,   0,   0,
    0,   0,   -14, 0,   0,   -8,  0,   0,   0,   0,   0,   0,   0,   0,   -11, 0,   0,   0,   0,   0,   0,   0,   0,
    0,   0,   0,   0,   0,   0,   0,   0,   0,   0,   0,   0,   0,   0,   0,   0,   0,   0,   0,   0,   0,   0,   0,
    0,   0,   0,   0,   0,   0,   0,   0,   0,   10,  0,   0,   -26, 0,   0,   0,   0,   0,   0,   0,   0,   -14, 0,
    0,   0,   0,   0,   0,   0,   0,   0,   0,   0,   0,   0,   0,   0,   0,   0,   0,   0,   0,   0,   0,   0,   0,
    0,   0,   0,   0,   0,   0,   0,   0,   0,   0,   0,   0,   0,   0,   0,   0,   0,   0,   0,   -10, 0,   0,   0,
    0,   0,   0,   0,   0,   0,   0,   0,   0,   0,   0,   0,   0,   0,   0,   0,   0,   0,   0,   0,   0,   0,   0,
    0,   0,   0,   0,   0,   0,   0,   0,   0,   0,   0,   0,   0,   0,   0,   0,   0,   0,   0,   0,   0,   0,   0,
    10,  0,   0,   -48, -18, 0,   0,   0,   0,   -38, -16, -18, 0,   0,   0,   0,   0,   0,   0,   0,   0,   0,   0,
    0,   0,   0,   0,   0,   0,   0,   0,   0,   0,   0,   0,   0,   0,   0,   0,   0,   0,   0,   0,   0,   0,   0,
    0,   0,   0,   0,   0,   0,   0,   -14, 0,   0,   -13, 0,   0,   0,   0,   0,   0,   0,   0,   0,   0,   0,   0,
    0,   0,   0,   0,   0,   0,   0,   0,   0,   0,   0,   0,   0,   0,   0,   0,   0,   0,   0,   0,   0,   0,   0,
    0,   0,   0,   0,   0,   0,   0,   0,   0,   0,   0,   0,   0,   0,   0,   0,   0,   -40, 0,   0,   0,   -6,  0,
    -10, -14, 0,   -13, 0,   0,   0,   0,   0,   0,   0,   0,   0,   0,   0,   0,   0,   0,   0,   0,   0,   0,   0,
    0,   0,   0,   0,   0,   0,   0,   0,   0,   0,   0,   0,   0,   0,   0,   0,   0,   0,   0,   0,   0,   -32, 0,
    0,   -22, 0,   32,  0,   0,   0,   0,   0,   0,   0,   0,   0,   0,   0,   0,   0,   0,   0,   0,   0,   0,   0,
    0,   0,   0,   0,   0,   0,   0,   0,   0,   0,   0,   0,   0,   0,   0,   0,   0,   0,   0,   -5,  -5,  -11, -6,
    0,   0,   0,   -24, 0,   -64, -10, 0,   0,   -14, 8,   0,   0,   0,   0,   0,   0,   0,   0,   0,   0,   -10, -19,
    -8,  -27, -10, 0,   -8,  -34, -29, -54, -54, -64, -54, 0,   0,   0,   0,   0,   0,   0,   0,   0,   0,   0,   -10,
    0,   -11, -6,  -38, -35, -26, -40, 0,   0,   0,   -72, 0,   -16, 0,   0,   0,   0,   0,   0,   0,   0,   0,   0,
    0,   0,   0,   0,   0,   6,   0,   -6,  0,   0,   0,   0,   -10, -10, -10, -10, -32, -22, 0,   0,   0,   0,   0,
    0,   0,   0,   0,   0,   0,   6,   0,   0,   0,   -16, -12, -5,  -18, 0,   0,   0,   -16, 0,   0,   0,   32,  0,
    0,   16,  0,   0,   0,   0,   0,   0,   0,   0,   0,   22,  0,   -10, 0,   -10, 0,   0,   0,   0,   0,   0,   0,
    -18, -10, 0,   0,   0,   0,   0,   0,   0,   0,   0,   0,   0,   0,   0,   0,   -10, -19, -16, 0,   -19, -6,  0,
    0,   16,  0,   -24, 0,   0,   -26, 0,   16,  0,   0,   0,   0,   0,   0,   0,   0,   0,   8,   0,   -19, -8,  0,
    0,   0,   -6,  -10, -6,  -10, -10, -40, -19, -5,  0,   0,   0,   0,   0,   -5,  0,   0,   0,   0,   0,   0,   0,
    -6,  -6,  -6,  -6,  -6,  -8,  -5,  0,   -16, 0,   0,   0,   16,  0,   0,   8,   0,   0,   0,   0,   0,   0,   0,
    0,   0,   11,  0,   0,   0,   0,   0,   0,   0,   0,   0,   -5,  -5,  -30, -10, 0,   0,   0,   0,   0,   0,   -6,
    0,   0,   0,   0,   0,   0,   0,   0,   -19, -19, 0,   -19, -6,  -6,  0,   0,   0,   16,  0,   16,  -38, 0,   0,
    0,   0,   0,   0,   0,   0,   0,   0,   0,   16,  -37, -30, 0,   -5,  0,   0,   0,   0,   0,   5,   5,   -22, -6,
    0,   0,   0,   -26, 0,   0,   -43, 0,   -10, -10, -26, -37, -29, 0,   0,   -19, -19, -19, -19, -24, -43, 0,   16,
    0,   0,   0,   16,  -16, 0,   0,   0,   0,   0,   0,   0,   0,   0,   0,   0,   0,   0,   0,   -11, 0,   0,   0,
    0,   0,   -11, 0,   0,   -30, -10, 0,   0,   0,   0,   0,   0,   0,   0,   0,   0,   0,   0,   0,   0,   0,   0,
    0,   0,   0,   0,   0,   0,   -16, 0,   0,   0,   16,  0,   0,   16,  0,   0,   0,   0,   0,   0,   0,   0,   0,
    0,   -14, -13, 0,   0,   0,   0,   0,   0,   0,   0,   0,   -22, -24, 0,   0,   0,   -10, 0,   0,   -10, 0,   -10,
    -10, 0,   -14, -10, 0,   -10, -14, -14, 0,   -14, 0,   -10, 0,   0,   0,   0,   -10, 0,   0,   0,   0,   0,   0,
    0,   0,   0,   0,   0,   0,   -11, 0,   -16, -14, 0,   -14, 0,   0,   0,   0,   -6,  0,   0,   -30, -30, 0,   0,
    0,   -14, 0,   0,   -13, 0,   -10, 0,   -14, -16, -14, 0,   -14, -19, -19, -19, -19, -19, -13, 0,   0,   0,   0,
    -14, 16,  0,   -50, 0,   0,   0,   0,   0,   0,   0,   0,   0,   0,   0,   -14, -24, -10, -37, 0,   -10, -11, -14,
    -26, -32, -26, -24, -32, 0,   0,   0,   0,   0,   0,   -10, 0,   -22, -19, -19, -14, -14, -19, -19, -38, -38, -29,
    -38, 0,   -10, 0,   0,   0,   -32, 0,   0,   0,   0,   16,  0,   0,   0,   0,   0,   0,   0,   0,   0,   0,   0,
    0,   0,   -11, 0,   0,   0,   -43, -11, -38, -38, -30, -51, 0,   0,   0,   0,   0,   0,   0,   0,   0,   0,   0,
    0,   0,   0,   0,   -26, -26, 0,   -26, 0,   0,   0,   -54, 0,   0,   0,   16,  0,   -10, 16,  0,   0,   0,   0,
    0,   0,   0,   0,   0,   0,   -8,  0,   -6,  -10, 0,   0,   0,   -10, -8,  -14, -14, -26, -22, 0,   0,   0,   0,
    0,   0,   0,   0,   -8,  -8,  0,   -8,  0,   0,   -13, -19, -19, -13, -19, 0,   0,   0,   0,   0,   0,   0,   16,
    0,   -10, 16,  0,   0,   0,   0,   0,   0,   0,   0,   0,   0,   -14, -16, 0,   -10, 0,   0,   0,   0,   -6,  -10,
    -10, -38, -18, 0,   0,   0,   -14, 0,   0,   -11, 0,   -10, -10, -10, -14, -14, 0,   -13, -16, -16, -16, -16, -14,
    -11, 0,   0,   0,   8,   0,   16,  -43, -19, 0,   0,   0,   0,   0,   0,   0,   0,   0,   0,   0,   -14, -32, 0,
    0,   0,   0,   0,   17,  0,   0,   0,   -34, 0,   0,   0,   0,   -11, 0,   0,   -16, 0,   0,   0,   0,   -14, -11,
    0,   0,   0,   0,   0,   0,   -11, -16, 0,   14,  0,   -24, 0,   0,   0,   -27, 16,  0,   0,   0,   0,   0,   0,
    0,   0,   0,   0,   -19, -40, -10, -19, 0,   0,   0,   -16, -16, -16, -19, -45, -22, 0,   0,   0,   -13, 0,   0,
    -14, -11, -11, -11, 0,   -19, 0,   -11, -11, -16, -16, -16, -16, -11, -14, 0,   -29, 8,   24,  0,   16,  -30, -42,
    0,   0,   0,   0,   0,   0,   0,   0,   0,   0,   24,  -51, -34, 0,   -10, 0,   -10, 0,   0,   0,   0,   0,   -22,
    0,   0,   16,  0,   -51, 0,   -19, -51, 0,   0,   0,   -38, -51, -35, 0,   -29, -19, -19, -22, -19, -26, -51, 0,
    26,  0,   0,   -8,  16,  0,   0,   0,   0,   0,   0,   0,   0,   0,   0,   0,   0,   0,   -14, -29, 0,   -10, 0,
    0,   0,   0,   0,   -8,  -8,  -22, -12, 0,   0,   0,   -10, 0,   0,   -14, 0,   -14, -14, -10, -14, -14, 0,   -10,
    -10, -10, -19, -10, -11, -14, 0,   0,   10,  16,  -15, 16,  -43, -22, 0,   0,   0,   0,   0,   0,   0,   0,   0,
    -14, 16,  -50, -54, -13, -14, 0,   -13, -14, 0,   -10, -19, -19, -42, -19, 0,   0,   0,   -43, 0,   -19, -50, 0,
    -19, -19, -38, -50, -40, -14, -32, -29, -29, -38, -29, -46, -50, 0,   26,  10,  16,  -14, 16,  -43, -22, 0,   0,
    0,   0,   0,   0,   0,   0,   0,   -14, 16,  -50, -50, -13, -14, 0,   -13, -14, 0,   -10, -19, 0,   -34, -14, 0,
    0,   0,   -43, 0,   -19, -50, 0,   -19, -19, -38, -50, -40, -14, -32, -29, -29, -38, -29, -46, -50, 0,   26,  0,
    0,   -34, 16,  0,   -43, 0,   0,   0,   0,   0,   0,   0,   0,   0,   0,   0,   -43, -64, -30, -51, -24, -26, -30,
    -29, -27, -38, -37, -64, -40, -21, 0,   0,   -34, -19, -42, -42, -22, -42, -42, -29, -43, -29, -38, -38, -58, -58,
    -43, -58, -38, -42, 0,   0,   10,  16,  -14, 16,  -45, -38, 0,   0,   0,   0,   0,   0,   0,   0,   0,   -22, 14,
    -62, -54, -27, -26, -26, -26, -18, 0,   -16, -19, -14, -38, 0,   0,   16,  0,   -62, 0,   -30, -58, 0,   -19, -19,
    -54, -62, -59, -40, -54, -51, -51, -51, -51, -59, -58, 0,   26,  0,   0,   0,   0,   0,   0,   0,   0,   0,   0,
    0,   0,   0,   0,   0,   0,   0,   0,   0,   0,   0,   0,   0,   0,   0,   0,   0,   0,   -21, 0,   0,   0,   0,
    0,   0,   0,   0,   0,   0,   0,   0,   0,   0,   0,   0,   -19, -19, 0,   -19, 0,   0,   0,   0,   0,   0,   0,
    0,   0,   0,   0,   0,   0,   0,   0,   0,   0,   0,   0,   0,   0,   0,   0,   0,   0,   0,   0,   0,   16,  0,
    0,   0,   0,   16,  0,   0,   0,   0,   0,   0,   0,   0,   0,   0,   0,   0,   0,   0,   0,   0,   0,   0,   0,
    0,   0,   0,   0,   0,   -32, 0,   0,   0,   -10, 32,  0,   0,   0,   0,   0,   0,   0,   0,   0,   0,   0,   0,
    0,   0,   0,   0,   0,   0,   0,   0,   0,   0,   0,   0,   0,   0,   0,   0,   0,   -8,  0,   0,   0,   0,   0,
    0,   -5,  0,   -14, -14, -6,  -14, 0,   -8,  0,   -24, 0,   0,   0,   0,   0,   0,   32,  0,   0,   0,   0,   0,
    0,   0,   0,   0,   0,   0,   0,   0,   0,   0,   0,   0,   0,   0,   0,   0,   0,   0,   0,   0,   0,   0,   0,
    0,   0,   0,   0,   0,   0,   0,   0,   0,   0,   0,   0,   0,   0,   0,   0,   0,   0,   0,   0,   0,   0,   0,
    -10, 32,  0,   0,   0,   0,   0,   0,   0,   0,   0,   0,   0,   0,   0,   0,   0,   0,   0,   0,   0,   0,   0,
    0,   0,   0,   0,   0,   0,   0,   0,   0,   0,   0,   0,   0,   0,   0,   0,   0,   -8,  -8,  0,   -8,  0,   0,
    0,   0,   0,   -32, 0,   0,   0,   0,   32,  0,   0,   0,   0,   0,   0,   0,   0,   0,   0,   0,   0,   0,   0,
    0,   0,   0,   0,   0,   0,   0,   0,   0,   0,   0,   0,   0,   0,   0,   0,   0,   0,   0,   0,   0,   0,   0,
    0,   0,   0,   0,   0,   0,   0,   0,   0,   16,  32,  0,   48,  -16, -38, 16,  0,   0,   0,   0,   0,   0,   0,
    0,   0,   48,  -24, 0,   0,   0,   0,   0,   0,   0,   0,   0,   0,   0,   0,   0,   0,   0,   -19, 0,   0,   -22,
    0,   -22, 0,   -19, -24, -19, -16, -27, -30, -30, -21, -30, -26, -22, 0,   32,  0,   8,   0,   24,  0,   0,   32,
    0,   0,   0,   0,   0,   0,   0,   0,   14,  0,   0,   0,   0,   0,   0,   0,   0,   0,   0,   0,   0,   0,   0,
    0,   0,   0,   -8,  0,   0,   0,   0,   0,   16,  0,   0,   0,   0,   -10, -13, -13, -6,  -6,  0,   0,   0,   29,
    0,   -48, 0,   0,   0,   0,   32,  0,   0,   0,   0,   0,   0,   0,   0,   0,   0,   0,   0,   0,   0,   0,   0,
    0,   0,   0,   0,   0,   0,   0,   0,   0,   0,   0,   0,   0,   0,   -5,  0,   0,   0,   0,   0,   0,   0,   -8,
    -8,  -6,  -8,  0,   0,   0,   -24, 0,   0,   0,   24,  0,   0,   16,  0,   0,   0,   0,   0,   0,   0,   0,   0,
    0,   0,   0,   0,   0,   0,   0,   0,   0,   0,   0,   0,   0,   0,   0,   0,   0,   0,   0,   0,   0,   0,   0,
    0,   0,   0,   0,   0,   0,   0,   0,   0,   0,   0,   0,   0,   0,   0,   -8,  0,   0,   0,   -42, 32,  0,   0,
    0,   0,   0,   0,   0,   0,   0,   0,   -26, 0,   0,   0,   0,   0,   0,   0,   0,   0,   0,   0,   0,   0,   0,
    0,   -18, 0,   0,   -30, -10, -14, -14, -13, -26, -14, -22, -29, -46, -34, -48, -42, -14, -30, 0,   0,   0,   0,
    0,   16,  0,   0,   32,  0,   0,   0,   0,   0,   0,   0,   0,   0,   0,   0,   0,   0,   0,   0,   0,   0,   0,
    0,   0,   0,   0,   0,   0,   0,   0,   0,   0,   0,   0,   0,   0,   0,   0,   0,   0,   0,   0,   -6,  -6,  -5,
    -6,  0,   0,   0,   0,   0,   -24, 0,   0,   0,   0,   32,  0,   0,   0,   0,   0,   0,   0,   0,   0,   0,   0,
    0,   0,   0,   0,   0,   0,   0,   0,   0,   0,   0,   0,   0,   0,   0,   0,   0,   0,   0,   0,   0,   0,   0,
    0,   0,   0,   0,   -8,  -8,  -8,  -8,  0,   0,   0,   -8,  0,   0,   0,   0,   -29, -22, 0,   0,   0,   0,   0,
    0,   0,   0,   0,   19,  0,   0,   0,   0,   0,   0,   0,   0,   0,   0,   0,   0,   0,   0,   0,   0,   0,   -14,
    0,   0,   -14, 0,   0,   0,   0,   0,   0,   0,   0,   0,   0,   0,   0,   0,   0,   0,   30,  0,   -32, 0,   0,
    0,   0,   24,  0,   0,   0,   0,   0,   0,   0,   0,   0,   0,   0,   0,   0,   0,   0,   0,   0,   0,   0,   0,
    0,   0,   0,   0,   0,   0,   0,   0,   0,   0,   0,   0,   0,   0,   0,   0,   0,   0,   -5,  -5,  -6,  -5,  0,
    0,   0,   0,   0,   0,   0,   16,  0,   0,   24,  0,   0,   0,   0,   0,   0,   0,   0,   0,   0,   0,   0,   0,
    0,   0,   0,   0,   0,   0,   0,   0,   0,   0,   0,   0,   0,   0,   0,   0,   -10, 0,   0,   0,   0,   0,   0,
    -14, -6,  -16, -16, -10, -16, -6,  -10, 0,   19,  0,   -32, 0,   16,  0,   0,   0,   0,   0,   0,   0,   0,   0,
    0,   0,   0,   0,   0,   0,   0,   0,   0,   0,   0,   0,   0,   0,   0,   0,   0,   0,   0,   0,   0,   0,   0,
    -5,  0,   0,   0,   0,   0,   0,   0,   0,   0,   0,   0,   0,   0,   -5,  0,   0,   0,   16,  0,   16,  -42, -11,
    0,   0,   0,   0,   0,   0,   0,   0,   0,   0,   0,   -10, 0,   0,   0,   0,   0,   0,   0,   0,   0,   0,   0,
    0,   0,   0,   0,   -10, -10, 0,   -24, -6,  0,   0,   -11, -10, -10, 0,   -6,  -14, -14, -14, -14, -13, -24, 0,
    24,  0,   16,  0,   16,  -42, -11, 0,   0,   0,   0,   0,   0,   0,   0,   0,   0,   0,   -10, 0,   0,   0,   0,
    0,   0,   0,   0,   0,   0,   0,   0,   0,   0,   0,   -10, -10, 0,   -24, -6,  0,   0,   -11, -10, -10, 0,   -6,
    -14, -14, -14, -14, -6,  -24, 0,   24,  0,   0,   0,   16,  0,   -13, 0,   0,   0,   0,   0,   0,   0,   0,   0,
    0,   0,   -13, 0,   0,   0,   0,   0,   0,   0,   0,   0,   0,   0,   0,   0,   0,   0,   0,   0,   0,   -11, -6,
    0,   0,   0,   -21, -11, 0,   0,   -14, -10, -16, -14, 0,   -11, 0,   24,  0,   16,  0,   0,   -42, -11, 0,   0,
    0,   0,   0,   0,   0,   0,   0,   0,   0,   -13, 0,   0,   0,   0,   0,   0,   0,   0,   0,   0,   0,   0,   0,
    0,   0,   -10, -6,  0,   -26, -6,  0,   0,   -11, -13, -10, 0,   0,   -14, -14, -19, -14, -11, -26, 0,   24,  0,
    0,   0,   16,  0,   0,   40,  0,   0,   0,   0,   0,   0,   0,   0,   0,   0,   0,   0,   0,   0,   0,   0,   0,
    0,   0,   0,   0,   0,   0,   0,   0,   0,   0,   0,   0,   0,   0,   0,   0,   0,   0,   0,   0,   0,   0,   0,
    0,   0,   0,   0,   0,   24,  0,   0,   0,   0,   0,   0,   0,   0,   0,   0,   0,   0,   0,   0,   0,   0,   0,
    0,   0,   0,   0,   26,  0,   0,   -10, 0,   -10, -10, -10, -10, 0,   0,   0,   0,   0,   0,   0,   0,   0,   26,
    0,   0,   0,   0,   0,   0,   0,   0,   0,   0,   0,   0,   0,   0,   0,   0,   0,   0,   0,   0,   0,   0,   0,
    0,   0,   0,   0,   0,   0,   0,   0,   0,   0,   0,   56,  0,   0,   0,   0,   -14, -14, 0,   -26, 0,   0,   0,
    0,   0,   0,   0,   0,   0,   56,  0,   0,   0,   0,   0,   0,   0,   0,   0,   0,   0,   0,   0,   0,   0,   0,
    0,   -19, 0,   0,   0,   0,   0,   0,   0,   0,   0,   0,   -19, 24,  -19, 0,   0,   0,   0,   0,   0,   0,   0,
    0,   0,   0,   0,   0,   0,   0,   -22, 0,   0,   0,   0,   0,   0,   0,   -19, 0,   0,   -19, 0,   0,   0,   0,
    0,   0,   0,   0,   0,   0,   0,   0,   -29, -22, 0,   0,   0,   0,   0,   0,   0,   0,   0,   19,  0,   0,   0,
    0,   0,   0,   0,   0,   0,   0,   0,   0,   0,   0,   0,   0,   0,   -14, 0,   0,   0,   0,   0,   0,   0,   0,
    0,   0,   0,   0,   0,   0,   0,   0,   0,   0,   30,  32,  32,  0,   32,  0,   0,   0,   0,   0,   0,   0,   0,
    0,   0,   0,   0,   48,  0,   0,   0,   0,   0,   0,   0,   0,   0,   0,   0,   0,   0,   0,   0,   32,  0,   0,
    0,   0,   40,  0,   16,  0,   0,   0,   0,   0,   0,   0,   0,   0,   0,   0,   24,  0,   0,   0,   0,   0,   0,
    0,   0,   0,   0,   0,   0,   0,   0,   0,   0,   0,   0,   -24, -72, 0,   -16, 0,   0,   0,   26,  0,   26,  26,
    0,   26,  0,   0,   0,   -24, 0,   0,   -32, 0,   0,   0,   0,   -24, 0,   19,  0,   16,  16,  16,  16,  0,   -32,
    0,   0,   0,   0,   0,   0,   0,   0,   0,   0,   0,   0,   0,   0,   0,   0,   0,   0,   0,   -32, -72, 0,   -24,
    0,   0,   0,   26,  0,   26,  26,  0,   26,  0,   0,   0,   -30, 0,   -16, -48, 16,  8,   0,   -24, -32, -32, 0,
    -24, 0,   0,   0,   0,   0,   -48, 0,   0,
};

static const EpdFontData instrument_24 = {
    instrument_24Bitmaps,
    instrument_24Glyphs,
    instrument_24Intervals,
    40,
    65,
    50,
    -16,
    false,
    nullptr,
    0,
    nullptr,
    instrument_24KernLeftClasses,
    instrument_24KernRightClasses,
    instrument_24KernMatrix,
    255,
    255,
    67,
    53,
    nullptr,
    0,
};
